2026-03-17 22:26:36 [scrapy.utils.log] INFO: Scrapy 2.14.2 started (bot: kaufland)
2026-03-17 22:26:36 [scrapy.utils.log] INFO: Versions:
{'lxml': '6.0.0',
 'libxml2': '2.14.4',
 'cssselect': '1.4.0',
 'parsel': '1.11.0',
 'w3lib': '2.4.0',
 'Twisted': '25.5.0',
 'Python': '3.12.3 (main, Jan  8 2026, 11:30:50) [GCC 13.3.0]',
 'pyOpenSSL': '26.0.0 (OpenSSL 3.5.5 27 Jan 2026)',
 'cryptography': '46.0.5',
 'Platform': 'Linux-6.14.0-37-generic-x86_64-with-glibc2.39'}
2026-03-17 22:26:36 [scrapy.addons] INFO: Enabled addons:
[]
2026-03-17 22:26:36 [scrapy.extensions.telnet] INFO: Telnet Password: b4059715b622448f
2026-03-17 22:26:36 [scrapy.middleware] INFO: Enabled extensions:
['scrapy.extensions.corestats.CoreStats',
 'scrapy.extensions.logcount.LogCount',
 'scrapy.extensions.telnet.TelnetConsole',
 'scrapy.extensions.memusage.MemoryUsage',
 'scrapy.extensions.feedexport.FeedExporter',
 'scrapy.extensions.logstats.LogStats',
 'scrapy.extensions.throttle.AutoThrottle']
2026-03-17 22:26:36 [scrapy.crawler] INFO: Overridden settings:
{'AUTOTHROTTLE_ENABLED': True,
 'AUTOTHROTTLE_MAX_DELAY': 30,
 'AUTOTHROTTLE_START_DELAY': 2,
 'AUTOTHROTTLE_TARGET_CONCURRENCY': 2.0,
 'BOT_NAME': 'kaufland',
 'CONCURRENT_REQUESTS': 3,
 'CONCURRENT_REQUESTS_PER_DOMAIN': 3,
 'DOWNLOAD_DELAY': 2,
 'DOWNLOAD_TIMEOUT': 25,
 'LOG_LEVEL': 'INFO',
 'NEWSPIDER_MODULE': 'kaufland.spiders',
 'RETRY_HTTP_CODES': [500, 502, 503, 504, 408, 429],
 'RETRY_TIMES': 3,
 'SPIDER_MODULES': ['kaufland.spiders'],
 'USER_AGENT': 'Mozilla/5.0 (X11; Linux x86_64) AppleWebKit/537.36 (KHTML, '
               'like Gecko) Chrome/131.0.0.0 Safari/537.36'}
2026-03-17 22:26:37 [scrapy.middleware] INFO: Enabled downloader middlewares:
['scrapy.downloadermiddlewares.offsite.OffsiteMiddleware',
 'scrapy.downloadermiddlewares.httpauth.HttpAuthMiddleware',
 'scrapy.downloadermiddlewares.downloadtimeout.DownloadTimeoutMiddleware',
 'scrapy.downloadermiddlewares.defaultheaders.DefaultHeadersMiddleware',
 'scrapy.downloadermiddlewares.useragent.UserAgentMiddleware',
 'scrapy.downloadermiddlewares.retry.RetryMiddleware',
 'scrapy.downloadermiddlewares.redirect.MetaRefreshMiddleware',
 'scrapy.downloadermiddlewares.httpcompression.HttpCompressionMiddleware',
 'scrapy.downloadermiddlewares.redirect.RedirectMiddleware',
 'scrapy.downloadermiddlewares.cookies.CookiesMiddleware',
 'scrapy.downloadermiddlewares.httpproxy.HttpProxyMiddleware',
 'scrapy.downloadermiddlewares.stats.DownloaderStats']
2026-03-17 22:26:37 [scrapy.middleware] INFO: Enabled spider middlewares:
['scrapy.spidermiddlewares.start.StartSpiderMiddleware',
 'scrapy.spidermiddlewares.httperror.HttpErrorMiddleware',
 'scrapy.spidermiddlewares.referer.RefererMiddleware',
 'scrapy.spidermiddlewares.urllength.UrlLengthMiddleware',
 'scrapy.spidermiddlewares.depth.DepthMiddleware']
2026-03-17 22:26:37 [scrapy.middleware] INFO: Enabled item pipelines:
['kaufland.pipelines.CleanNutritionPipeline',
 'kaufland.pipelines.DropIncompleteItemsPipeline']
2026-03-17 22:26:37 [py.warnings] WARNING: /home/krokviak/.local/lib/python3.12/site-packages/scrapy/pipelines/__init__.py:47: ScrapyDeprecationWarning: CleanNutritionPipeline.process_item() requires a spider argument, this is deprecated and the argument will not be passed in future Scrapy versions. If you need to access the spider instance you can save the crawler instance passed to from_crawler() and use its spider attribute.
  self._check_mw_method_spider_arg(pipe.process_item)

2026-03-17 22:26:37 [py.warnings] WARNING: /home/krokviak/.local/lib/python3.12/site-packages/scrapy/pipelines/__init__.py:47: ScrapyDeprecationWarning: DropIncompleteItemsPipeline.process_item() requires a spider argument, this is deprecated and the argument will not be passed in future Scrapy versions. If you need to access the spider instance you can save the crawler instance passed to from_crawler() and use its spider attribute.
  self._check_mw_method_spider_arg(pipe.process_item)

2026-03-17 22:26:37 [scrapy.core.engine] INFO: Spider opened
2026-03-17 22:26:37 [py.warnings] WARNING: /home/krokviak/.local/lib/python3.12/site-packages/scrapy/core/spidermw.py:490: ScrapyDeprecationWarning: kaufland.spiders.kaufland_products.KauflandProductsSpider defines the deprecated start_requests() method. start_requests() has been deprecated in favor of a new method, start(), to support asynchronous code execution. start_requests() will stop being called in a future version of Scrapy. If you use Scrapy 2.13 or higher only, replace start_requests() with start(); note that start() is a coroutine (async def). If you need to maintain compatibility with lower Scrapy versions, when overriding start_requests() in a spider class, override start() as well; you can use super() to reuse the inherited start() implementation without copy-pasting. See the release notes of Scrapy 2.13 for details: https://docs.scrapy.org/en/2.13/news.html
  warn(

2026-03-17 22:26:37 [scrapy.extensions.logstats] INFO: Crawled 0 pages (at 0 pages/min), scraped 0 items (at 0 items/min)
2026-03-17 22:26:37 [scrapy.extensions.telnet] INFO: Telnet console listening on 127.0.0.1:6023
2026-03-17 22:26:37 [scrapy-playwright] INFO: Starting download handler
2026-03-17 22:26:37 [scrapy-playwright] INFO: Starting download handler
2026-03-17 22:26:37 [scrapy-playwright] INFO: Launching 1 startup context(s)
2026-03-17 22:26:37 [scrapy-playwright] INFO: Launching browser chromium
2026-03-17 22:26:37 [scrapy-playwright] INFO: Launching 1 startup context(s)
2026-03-17 22:26:37 [scrapy-playwright] INFO: Launching browser chromium
2026-03-17 22:26:37 [scrapy-playwright] INFO: Browser chromium launched
2026-03-17 22:26:37 [scrapy-playwright] INFO: Browser chromium launched
2026-03-17 22:26:37 [scrapy-playwright] INFO: Startup context(s) launched
2026-03-17 22:26:37 [scrapy-playwright] INFO: Startup context(s) launched
2026-03-17 22:26:37 [kaufland_products] INFO: Starting search: jogurt
2026-03-17 22:26:37 [kaufland_products] INFO: Starting search: mléko
2026-03-17 22:26:37 [kaufland_products] INFO: Starting search: sýr
2026-03-17 22:26:37 [kaufland_products] INFO: Starting search: tvaroh
2026-03-17 22:26:37 [kaufland_products] INFO: Starting search: máslo
2026-03-17 22:26:37 [kaufland_products] INFO: Starting search: smetana
2026-03-17 22:26:37 [kaufland_products] INFO: Starting search: kefír
2026-03-17 22:26:37 [kaufland_products] INFO: Starting search: cottage
2026-03-17 22:26:37 [kaufland_products] INFO: Starting search: mascarpone
2026-03-17 22:26:37 [kaufland_products] INFO: Starting search: mozzarella
2026-03-17 22:26:37 [kaufland_products] INFO: Starting search: parmazán
2026-03-17 22:26:37 [kaufland_products] INFO: Starting search: eidam
2026-03-17 22:26:37 [kaufland_products] INFO: Starting search: gouda
2026-03-17 22:26:37 [kaufland_products] INFO: Starting search: camembert
2026-03-17 22:26:37 [kaufland_products] INFO: Starting search: brie
2026-03-17 22:26:37 [kaufland_products] INFO: Starting search: ricotta
2026-03-17 22:26:37 [kaufland_products] INFO: Starting search: feta
2026-03-17 22:26:37 [kaufland_products] INFO: Starting search: cream cheese
2026-03-17 22:26:37 [kaufland_products] INFO: Starting search: chléb
2026-03-17 22:26:37 [kaufland_products] INFO: Starting search: rohlík
2026-03-17 22:26:37 [kaufland_products] INFO: Starting search: bageta
2026-03-17 22:26:37 [kaufland_products] INFO: Starting search: toast
2026-03-17 22:26:37 [kaufland_products] INFO: Starting search: knäckebrot
2026-03-17 22:26:37 [kaufland_products] INFO: Starting search: tortilla
2026-03-17 22:26:37 [kaufland_products] INFO: Starting search: croissant
2026-03-17 22:26:37 [kaufland_products] INFO: Starting search: celozrnný chléb
2026-03-17 22:26:37 [kaufland_products] INFO: Starting search: žitný chléb
2026-03-17 22:26:37 [kaufland_products] INFO: Starting search: šunka
2026-03-17 22:26:37 [kaufland_products] INFO: Starting search: kuřecí
2026-03-17 22:26:37 [kaufland_products] INFO: Starting search: salám
2026-03-17 22:26:37 [kaufland_products] INFO: Starting search: párek
2026-03-17 22:26:37 [kaufland_products] INFO: Starting search: slanina
2026-03-17 22:26:37 [kaufland_products] INFO: Starting search: hovězí
2026-03-17 22:26:37 [kaufland_products] INFO: Starting search: vepřové
2026-03-17 22:26:37 [kaufland_products] INFO: Starting search: krůtí
2026-03-17 22:26:37 [kaufland_products] INFO: Starting search: klobása
2026-03-17 22:26:37 [kaufland_products] INFO: Starting search: mortadela
2026-03-17 22:26:37 [kaufland_products] INFO: Starting search: prosciutto
2026-03-17 22:26:37 [kaufland_products] INFO: Starting search: chorizo
2026-03-17 22:26:37 [kaufland_products] INFO: Starting search: tuňák
2026-03-17 22:26:37 [kaufland_products] INFO: Starting search: losos
2026-03-17 22:26:37 [kaufland_products] INFO: Starting search: sardinky
2026-03-17 22:26:37 [kaufland_products] INFO: Starting search: treska
2026-03-17 22:26:37 [kaufland_products] INFO: Starting search: rybí filé
2026-03-17 22:26:37 [kaufland_products] INFO: Starting search: krevety
2026-03-17 22:26:37 [kaufland_products] INFO: Starting search: müsli
2026-03-17 22:26:37 [kaufland_products] INFO: Starting search: ovesné vločky
2026-03-17 22:26:37 [kaufland_products] INFO: Starting search: cereálie
2026-03-17 22:26:37 [kaufland_products] INFO: Starting search: cornflakes
2026-03-17 22:26:37 [kaufland_products] INFO: Starting search: granola
2026-03-17 22:26:37 [kaufland_products] INFO: Starting search: proteinový
2026-03-17 22:26:37 [kaufland_products] INFO: Starting search: chia
2026-03-17 22:26:37 [kaufland_products] INFO: Starting search: lněné semínko
2026-03-17 22:26:37 [kaufland_products] INFO: Starting search: těstoviny
2026-03-17 22:26:37 [kaufland_products] INFO: Starting search: špagety
2026-03-17 22:26:37 [kaufland_products] INFO: Starting search: rýže
2026-03-17 22:26:37 [kaufland_products] INFO: Starting search: kuskus
2026-03-17 22:26:37 [kaufland_products] INFO: Starting search: bulgur
2026-03-17 22:26:37 [kaufland_products] INFO: Starting search: quinoa
2026-03-17 22:26:37 [kaufland_products] INFO: Starting search: pohanka
2026-03-17 22:26:37 [kaufland_products] INFO: Starting search: jáhly
2026-03-17 22:26:37 [kaufland_products] INFO: Starting search: nudle
2026-03-17 22:26:37 [kaufland_products] INFO: Starting search: vejce
2026-03-17 22:26:37 [kaufland_products] INFO: Starting search: olej
2026-03-17 22:26:37 [kaufland_products] INFO: Starting search: olivový olej
2026-03-17 22:26:37 [kaufland_products] INFO: Starting search: kokosový olej
2026-03-17 22:26:37 [kaufland_products] INFO: Starting search: ghí
2026-03-17 22:26:37 [kaufland_products] INFO: Starting search: mouka
2026-03-17 22:26:37 [kaufland_products] INFO: Starting search: droždí
2026-03-17 22:26:37 [kaufland_products] INFO: Starting search: prášek do pečiva
2026-03-17 22:26:37 [kaufland_products] INFO: Starting search: vanilkový cukr
2026-03-17 22:26:37 [kaufland_products] INFO: Starting search: kakao
2026-03-17 22:26:37 [kaufland_products] INFO: Starting search: čokoláda
2026-03-17 22:26:37 [kaufland_products] INFO: Starting search: sušenky
2026-03-17 22:26:37 [kaufland_products] INFO: Starting search: chipsy
2026-03-17 22:26:37 [kaufland_products] INFO: Starting search: oříšky
2026-03-17 22:26:37 [kaufland_products] INFO: Starting search: arašídy
2026-03-17 22:26:37 [kaufland_products] INFO: Starting search: mandle
2026-03-17 22:26:37 [kaufland_products] INFO: Starting search: tyčinka
2026-03-17 22:26:37 [kaufland_products] INFO: Starting search: müsli tyčinka
2026-03-17 22:26:37 [kaufland_products] INFO: Starting search: bonbóny
2026-03-17 22:26:37 [kaufland_products] INFO: Starting search: gumové medvídky
2026-03-17 22:26:37 [kaufland_products] INFO: Starting search: křupky
2026-03-17 22:26:37 [kaufland_products] INFO: Starting search: popcorn
2026-03-17 22:26:37 [kaufland_products] INFO: Starting search: pistácie
2026-03-17 22:26:37 [kaufland_products] INFO: Starting search: kešu
2026-03-17 22:26:37 [kaufland_products] INFO: Starting search: med
2026-03-17 22:26:37 [kaufland_products] INFO: Starting search: džem
2026-03-17 22:26:37 [kaufland_products] INFO: Starting search: nutella
2026-03-17 22:26:37 [kaufland_products] INFO: Starting search: arašídové máslo
2026-03-17 22:26:37 [kaufland_products] INFO: Starting search: marmeláda
2026-03-17 22:26:37 [kaufland_products] INFO: Starting search: kečup
2026-03-17 22:26:37 [kaufland_products] INFO: Starting search: majonéza
2026-03-17 22:26:37 [kaufland_products] INFO: Starting search: hořčice
2026-03-17 22:26:37 [kaufland_products] INFO: Starting search: sójová omáčka
2026-03-17 22:26:37 [kaufland_products] INFO: Starting search: tatarská omáčka
2026-03-17 22:26:37 [kaufland_products] INFO: Starting search: pesto
2026-03-17 22:26:37 [kaufland_products] INFO: Starting search: ajvar
2026-03-17 22:26:37 [kaufland_products] INFO: Starting search: hummus
2026-03-17 22:26:37 [kaufland_products] INFO: Starting search: guacamole
2026-03-17 22:26:37 [kaufland_products] INFO: Starting search: konzerva
2026-03-17 22:26:37 [kaufland_products] INFO: Starting search: fazole
2026-03-17 22:26:37 [kaufland_products] INFO: Starting search: hrášek
2026-03-17 22:26:37 [kaufland_products] INFO: Starting search: kukuřice
2026-03-17 22:26:37 [kaufland_products] INFO: Starting search: rajčata pasírovaná
2026-03-17 22:26:37 [kaufland_products] INFO: Starting search: olivy
2026-03-17 22:26:37 [kaufland_products] INFO: Starting search: kapary
2026-03-17 22:26:37 [kaufland_products] INFO: Starting search: okurky
2026-03-17 22:26:37 [kaufland_products] INFO: Starting search: zelí
2026-03-17 22:26:37 [kaufland_products] INFO: Starting search: džus
2026-03-17 22:26:37 [kaufland_products] INFO: Starting search: čaj
2026-03-17 22:26:37 [kaufland_products] INFO: Starting search: káva
2026-03-17 22:26:37 [kaufland_products] INFO: Starting search: kakao nápoj
2026-03-17 22:26:37 [kaufland_products] INFO: Starting search: voda minerální
2026-03-17 22:26:37 [kaufland_products] INFO: Starting search: limonáda
2026-03-17 22:26:37 [kaufland_products] INFO: Starting search: energy drink
2026-03-17 22:26:37 [kaufland_products] INFO: Starting search: smoothie
2026-03-17 22:26:37 [kaufland_products] INFO: Starting search: ovesný nápoj
2026-03-17 22:26:37 [kaufland_products] INFO: Starting search: mandlové mléko
2026-03-17 22:26:37 [kaufland_products] INFO: Starting search: sójové mléko
2026-03-17 22:26:37 [kaufland_products] INFO: Starting search: kokosové mléko
2026-03-17 22:26:37 [kaufland_products] INFO: Starting search: zmrzlina
2026-03-17 22:26:37 [kaufland_products] INFO: Starting search: pizza
2026-03-17 22:26:37 [kaufland_products] INFO: Starting search: mražená zelenina
2026-03-17 22:26:37 [kaufland_products] INFO: Starting search: mražené ovoce
2026-03-17 22:26:37 [kaufland_products] INFO: Starting search: řízek
2026-03-17 22:26:37 [kaufland_products] INFO: Starting search: hranolky
2026-03-17 22:26:37 [kaufland_products] INFO: Starting search: krokety
2026-03-17 22:26:37 [kaufland_products] INFO: Starting search: cukr
2026-03-17 22:26:37 [kaufland_products] INFO: Starting search: sůl
2026-03-17 22:26:37 [kaufland_products] INFO: Starting search: koření
2026-03-17 22:26:37 [kaufland_products] INFO: Starting search: pepř
2026-03-17 22:26:37 [kaufland_products] INFO: Starting search: paprika mletá
2026-03-17 22:26:37 [kaufland_products] INFO: Starting search: skořice
2026-03-17 22:26:37 [kaufland_products] INFO: Starting search: bazalka
2026-03-17 22:26:37 [kaufland_products] INFO: Starting search: oregano
2026-03-17 22:26:37 [kaufland_products] INFO: Starting search: kurkuma
2026-03-17 22:26:37 [kaufland_products] INFO: Starting search: omáčka
2026-03-17 22:26:37 [kaufland_products] INFO: Starting search: bešamel
2026-03-17 22:26:37 [kaufland_products] INFO: Starting search: rajčatová omáčka
2026-03-17 22:26:37 [kaufland_products] INFO: Starting search: BBQ omáčka
2026-03-17 22:26:37 [kaufland_products] INFO: Starting search: worcester
2026-03-17 22:26:37 [kaufland_products] INFO: Starting search: dětská výživa
2026-03-17 22:26:37 [kaufland_products] INFO: Starting search: proteinový nápoj
2026-03-17 22:26:37 [kaufland_products] INFO: Starting search: proteinová tyčinka
2026-03-17 22:26:37 [kaufland_products] INFO: Starting search: pivo
2026-03-17 22:26:37 [kaufland_products] INFO: Starting search: víno
2026-03-17 22:26:37 [kaufland_products] INFO: Starting search: prosecco
2026-03-17 22:26:37 [kaufland_products] INFO: Starting search: tofu
2026-03-17 22:26:37 [kaufland_products] INFO: Starting search: tempeh
2026-03-17 22:26:37 [kaufland_products] INFO: Starting search: seitan
2026-03-17 22:26:37 [kaufland_products] INFO: Starting search: veganský
2026-03-17 22:26:37 [kaufland_products] INFO: Starting search: bezlepkový
2026-03-17 22:26:37 [kaufland_products] INFO: Starting search: želatina
2026-03-17 22:26:37 [kaufland_products] INFO: Starting search: pudink
2026-03-17 22:26:37 [kaufland_products] INFO: Starting search: kompot
2026-03-17 22:26:38 [kaufland_products] INFO: [jogurt] page 1: found 24 product links
2026-03-17 22:26:39 [kaufland_products] INFO: [mléko] page 1: found 27 product links
2026-03-17 22:26:42 [kaufland_products] INFO: [sýr] page 1: found 27 product links
2026-03-17 22:26:44 [kaufland_products] INFO: [tvaroh] page 1: found 12 product links
2026-03-17 22:26:47 [kaufland_products] INFO: [jogurt] page 2: found 6 product links
2026-03-17 22:26:49 [kaufland_products] INFO: [mléko] page 2: found 30 product links
2026-03-17 22:26:51 [kaufland_products] INFO: [sýr] page 2: found 25 product links
2026-03-17 22:26:53 [kaufland_products] INFO: [tvaroh] page 2: found 19 product links
2026-03-17 22:26:56 [kaufland_products] INFO: [jogurt] page 3: found 8 product links
2026-03-17 22:26:58 [kaufland_products] INFO: [mléko] page 3: found 28 product links
2026-03-17 22:27:00 [kaufland_products] INFO: [sýr] page 3: found 22 product links
2026-03-17 22:27:02 [kaufland_products] INFO: [tvaroh] page 3: found 6 product links
2026-03-17 22:27:05 [kaufland_products] INFO: [jogurt] page 4: found 1 product links
2026-03-17 22:27:07 [kaufland_products] INFO: [mléko] page 4: found 23 product links
2026-03-17 22:27:09 [kaufland_products] INFO: [sýr] page 4: found 19 product links
2026-03-17 22:27:11 [kaufland_products] INFO: [tvaroh] page 4: found 1 product links
2026-03-17 22:27:16 [kaufland_products] INFO: [mléko] page 5: found 20 product links
2026-03-17 22:27:18 [kaufland_products] INFO: [sýr] page 5: found 4 product links
2026-03-17 22:27:23 [kaufland_products] INFO: Scraped: Kokosové mléko 17-18% tuku 1L | EAN=5902619005634 | kcal=182.0
2026-03-17 22:27:26 [kaufland_products] INFO: Scraped: Churu Cat BOX Chicken&Beef Variety 20x40g | EAN=4262365731289 | kcal=0.0
2026-03-17 22:27:26 [kaufland_products] WARNING: No nutrition data for: Churu Cat BOX Chicken&Beef Variety 20x40g
2026-03-17 22:27:28 [scrapy-playwright] WARNING: Closing page due to failed request: <GET https://www.kaufland.cz/s/?search_value=jogurt&page=5> exc_type=<class 'playwright._impl._errors.TimeoutError'> exc_msg=Page.wait_for_selector: Timeout 15000ms exceeded.
Call log:
  - waiting for locator("a[href*='/product/']") to be visible
Traceback (most recent call last):
  File "/home/krokviak/.local/lib/python3.12/site-packages/scrapy_playwright/handler.py", line 480, in _download_request_with_retry
    return await self._download_request_with_page(request, page, spider)
           ^^^^^^^^^^^^^^^^^^^^^^^^^^^^^^^^^^^^^^^^^^^^^^^^^^^^^^^^^^^^^
  File "/home/krokviak/.local/lib/python3.12/site-packages/scrapy_playwright/handler.py", line 528, in _download_request_with_page
    await self._apply_page_methods(page, request, spider)
  File "/home/krokviak/.local/lib/python3.12/site-packages/scrapy_playwright/handler.py", line 678, in _apply_page_methods
    pm.result = await _maybe_await(method(*pm.args, **pm.kwargs))
                ^^^^^^^^^^^^^^^^^^^^^^^^^^^^^^^^^^^^^^^^^^^^^^^^^
  File "/home/krokviak/.local/lib/python3.12/site-packages/scrapy_playwright/_utils.py", line 23, in _maybe_await
    return await obj
           ^^^^^^^^^
  File "/home/krokviak/.local/lib/python3.12/site-packages/playwright/async_api/_generated.py", line 8234, in wait_for_selector
    await self._impl_obj.wait_for_selector(
  File "/home/krokviak/.local/lib/python3.12/site-packages/playwright/_impl/_page.py", line 419, in wait_for_selector
    return await self._main_frame.wait_for_selector(**locals_to_params(locals()))
           ^^^^^^^^^^^^^^^^^^^^^^^^^^^^^^^^^^^^^^^^^^^^^^^^^^^^^^^^^^^^^^^^^^^^^^
  File "/home/krokviak/.local/lib/python3.12/site-packages/playwright/_impl/_frame.py", line 369, in wait_for_selector
    await self._channel.send(
  File "/home/krokviak/.local/lib/python3.12/site-packages/playwright/_impl/_connection.py", line 69, in send
    return await self._connection.wrap_api_call(
           ^^^^^^^^^^^^^^^^^^^^^^^^^^^^^^^^^^^^^
  File "/home/krokviak/.local/lib/python3.12/site-packages/playwright/_impl/_connection.py", line 559, in wrap_api_call
    raise rewrite_error(error, f"{parsed_st['apiName']}: {error}") from None
playwright._impl._errors.TimeoutError: Page.wait_for_selector: Timeout 15000ms exceeded.
Call log:
  - waiting for locator("a[href*='/product/']") to be visible

2026-03-17 22:27:28 [kaufland_products] WARNING: Request failed: https://www.kaufland.cz/s/?search_value=jogurt&page=5: Page.wait_for_selector: Timeout 15000ms exceeded.
Call log:
  - waiting for locator("a[href*='/product/']") to be visible

2026-03-17 22:27:28 [kaufland_products] INFO: Scraped: Dreamies Mixbox | kočičí pamlsky pro kočky kuřecí, | EAN=4008429110788 | kcal=2.0
2026-03-17 22:27:31 [kaufland_products] INFO: Scraped: Gorgonzola s letním lanýžem, 80 g | EAN=8025386004635 | kcal=0.0
2026-03-17 22:27:34 [kaufland_products] INFO: Scraped: Bad Reichenhaller mozzarella rajčata 300g | EAN=4001475118777 | kcal=1.2
2026-03-17 22:27:36 [scrapy-playwright] WARNING: Closing page due to failed request: <GET https://www.kaufland.cz/s/?search_value=tvaroh&page=5> exc_type=<class 'playwright._impl._errors.TimeoutError'> exc_msg=Page.wait_for_selector: Timeout 15000ms exceeded.
Call log:
  - waiting for locator("a[href*='/product/']") to be visible
Traceback (most recent call last):
  File "/home/krokviak/.local/lib/python3.12/site-packages/scrapy_playwright/handler.py", line 480, in _download_request_with_retry
    return await self._download_request_with_page(request, page, spider)
           ^^^^^^^^^^^^^^^^^^^^^^^^^^^^^^^^^^^^^^^^^^^^^^^^^^^^^^^^^^^^^
  File "/home/krokviak/.local/lib/python3.12/site-packages/scrapy_playwright/handler.py", line 528, in _download_request_with_page
    await self._apply_page_methods(page, request, spider)
  File "/home/krokviak/.local/lib/python3.12/site-packages/scrapy_playwright/handler.py", line 678, in _apply_page_methods
    pm.result = await _maybe_await(method(*pm.args, **pm.kwargs))
                ^^^^^^^^^^^^^^^^^^^^^^^^^^^^^^^^^^^^^^^^^^^^^^^^^
  File "/home/krokviak/.local/lib/python3.12/site-packages/scrapy_playwright/_utils.py", line 23, in _maybe_await
    return await obj
           ^^^^^^^^^
  File "/home/krokviak/.local/lib/python3.12/site-packages/playwright/async_api/_generated.py", line 8234, in wait_for_selector
    await self._impl_obj.wait_for_selector(
  File "/home/krokviak/.local/lib/python3.12/site-packages/playwright/_impl/_page.py", line 419, in wait_for_selector
    return await self._main_frame.wait_for_selector(**locals_to_params(locals()))
           ^^^^^^^^^^^^^^^^^^^^^^^^^^^^^^^^^^^^^^^^^^^^^^^^^^^^^^^^^^^^^^^^^^^^^^
  File "/home/krokviak/.local/lib/python3.12/site-packages/playwright/_impl/_frame.py", line 369, in wait_for_selector
    await self._channel.send(
  File "/home/krokviak/.local/lib/python3.12/site-packages/playwright/_impl/_connection.py", line 69, in send
    return await self._connection.wrap_api_call(
           ^^^^^^^^^^^^^^^^^^^^^^^^^^^^^^^^^^^^^
  File "/home/krokviak/.local/lib/python3.12/site-packages/playwright/_impl/_connection.py", line 559, in wrap_api_call
    raise rewrite_error(error, f"{parsed_st['apiName']}: {error}") from None
playwright._impl._errors.TimeoutError: Page.wait_for_selector: Timeout 15000ms exceeded.
Call log:
  - waiting for locator("a[href*='/product/']") to be visible

2026-03-17 22:27:36 [kaufland_products] WARNING: Request failed: https://www.kaufland.cz/s/?search_value=tvaroh&page=5: Page.wait_for_selector: Timeout 15000ms exceeded.
Call log:
  - waiting for locator("a[href*='/product/']") to be visible

2026-03-17 22:27:36 [kaufland_products] INFO: Scraped: Aroy-D kokosové mléko 72x150ml | EAN=8851613106632 | kcal=185.0
2026-03-17 22:27:37 [scrapy.extensions.logstats] INFO: Crawled 24 pages (at 24 pages/min), scraped 6 items (at 6 items/min)
2026-03-17 22:27:39 [kaufland_products] INFO: Scraped: CoCo Kokosové mléko - na pití Pur 3,8% Fett 1L | EAN=4260183213437 | kcal=42.0
2026-03-17 22:27:42 [kaufland_products] INFO: Scraped: Azienda Agricola Bonat - Parmigiano Reggiano PDO - | EAN=7427266699299 | kcal=402.0
2026-03-17 22:27:44 [kaufland_products] INFO: Scraped: KLASSISCHER TEE (CLASSIC)90 g - YOGI-TEE | EAN=4012824529267 | kcal=0.0
2026-03-17 22:27:44 [kaufland_products] WARNING: No nutrition data for: KLASSISCHER TEE (CLASSIC)90 g - YOGI-TEE
2026-03-17 22:27:47 [kaufland_products] INFO: Scraped: Krüger Family Chocolate Dream Drinking Chocolate M | EAN=4052700079899 | kcal=0.0
2026-03-17 22:27:47 [kaufland_products] WARNING: No nutrition data for: Krüger Family Chocolate Dream Drinking Chocolate Mixed Drink 250g
2026-03-17 22:27:49 [kaufland_products] INFO: Scraped: pure 509957 pure Klassik Schwarzer TeeTee 25 Porti | EAN=4061445099567 | kcal=0.0
2026-03-17 22:27:49 [kaufland_products] WARNING: No nutrition data for: pure 509957 pure Klassik Schwarzer TeeTee 25 Portionen
2026-03-17 22:27:51 [kaufland_products] INFO: Scraped: Tchibo Caffe Crema Intensiv 1 kg | EAN=4061445008255 | kcal=0.0
2026-03-17 22:27:51 [kaufland_products] WARNING: No nutrition data for: Tchibo Caffe Crema Intensiv 1 kg
2026-03-17 22:27:53 [kaufland_products] INFO: Scraped: Niederegger kakaový nápoj marcipánová čokoláda na  | EAN=4000161850335 | kcal=0.0
2026-03-17 22:27:55 [kaufland_products] INFO: Scraped: Senseo ® Café Latte Vanilla, Kávová kapsle, Caffe  | EAN=8711000381342 | kcal=0.0
2026-03-17 22:27:55 [kaufland_products] WARNING: No nutrition data for: Senseo ® Café Latte Vanilla, Kávová kapsle, Caffe latte, Senseo, 8 kusů, Krabice
2026-03-17 22:27:58 [kaufland_products] INFO: Scraped: Lierac Arkéskin tělové mléko The Menopause Body Mi | EAN=3701436913519 | kcal=0.0
2026-03-17 22:27:58 [kaufland_products] WARNING: No nutrition data for: Lierac Arkéskin tělové mléko The Menopause Body Milk 400 ml
2026-03-17 22:28:00 [kaufland_products] INFO: Scraped: Nescafé Dolce Gusto Cortado – 16 kávových kapslí | EAN=7613032827014 7613032827021 | kcal=705.0
2026-03-17 22:28:02 [kaufland_products] INFO: Scraped: Nápoj - Mandle 1L | EAN=4016249143558 | kcal=27.0
2026-03-17 22:28:05 [kaufland_products] INFO: Scraped: Annemarie Börlind Purifying Care, Obličejové mléko | EAN=4011061006760 | kcal=0.0
2026-03-17 22:28:05 [kaufland_products] WARNING: No nutrition data for: Annemarie Börlind Purifying Care, Obličejové mléko, Ženy, 150 ml, Normální pokožka, Mastná pleť, Zklidňující
2026-03-17 22:28:07 [kaufland_products] INFO: Scraped: Topicrem MELA hydratační tělové mléko Unifying Ult | EAN=3700281704457 | kcal=0.0
2026-03-17 22:28:07 [kaufland_products] WARNING: No nutrition data for: Topicrem MELA hydratační tělové mléko Unifying Ultra-Moisturizing Milk 500 ml
2026-03-17 22:28:10 [kaufland_products] INFO: Scraped: Čokoládový likér Berliner Luft | 15 % obj. | 0,7 l | EAN=4013228407205 4013228407212 | kcal=0.0
2026-03-17 22:28:10 [kaufland_products] WARNING: No nutrition data for: Čokoládový likér Berliner Luft | 15 % obj. | 0,7 l
2026-03-17 22:28:12 [kaufland_products] INFO: Scraped: Dr.Oetker Borůvkový tvarohový krém | EAN=4006733003499 | kcal=430.0
2026-03-17 22:28:14 [kaufland_products] INFO: Scraped: Sada 5 pikantních sladkých omáček na dřevěném pods | EAN=8000571004911 | kcal=0.0
2026-03-17 22:28:17 [kaufland_products] INFO: Scraped: Palapa Cheese Chips křupavý kukuřičný snack s příc | EAN=4260099731605 | kcal=472.0
2026-03-17 22:28:19 [kaufland_products] INFO: Scraped: Dortová směs - Smetanový sýr 385g | EAN=4015637013282 | kcal=376.0
2026-03-17 22:28:22 [kaufland_products] INFO: Scraped: Dr. Karg's cheese pumpkin seed wholemeal crispbrea | EAN=4033634051519 | kcal=463.0
2026-03-17 22:28:25 [kaufland_products] INFO: Scraped: Čatní - Mango 225g | EAN=4032108124834 | kcal=166.0
2026-03-17 22:28:27 [kaufland_products] INFO: Scraped: Schlagfix - univerzální smetana ke šlehání 1 litr | EAN=4260024180201 | kcal=158.0
2026-03-17 22:28:29 [kaufland_products] INFO: Scraped: Stripes mit Hühnerbrust & Käse | EAN=4011905315867 | kcal=0.0
2026-03-17 22:28:29 [kaufland_products] WARNING: No nutrition data for: Stripes mit Hühnerbrust & Käse
2026-03-17 22:28:31 [kaufland_products] INFO: Scraped: Bifi Carazza XXL pšeničné sušenky se salámovou piz | EAN=4251097400341 | kcal=281.0
2026-03-17 22:28:33 [kaufland_products] INFO: Scraped: Miamor 15gx6x11 CatSnack Malt-Cream & Käse | EAN=4000158743077 | kcal=57.0
2026-03-17 22:28:36 [kaufland_products] INFO: Scraped: 4DOGS Himalayan Chhurpi Cheese Přírodní žvýkací pa | EAN=5904181402705 | kcal=0.0
2026-03-17 22:28:36 [kaufland_products] WARNING: No nutrition data for: 4DOGS Himalayan Chhurpi Cheese Přírodní žvýkací pamlsek pro psy - Honey velikost M
2026-03-17 22:28:37 [scrapy.extensions.logstats] INFO: Crawled 49 pages (at 25 pages/min), scraped 31 items (at 25 items/min)
2026-03-17 22:28:39 [kaufland_products] INFO: Scraped: vEGGs Sušená náhrada vajíčka na omeletu a míchaná  | EAN=5907222657423 | kcal=323.0
2026-03-17 22:28:41 [kaufland_products] INFO: Scraped: Alka Elephant Sriracha Cheese Pretzel Pieces horké | EAN=5949040203567 | kcal=504.0
2026-03-17 22:28:43 [kaufland_products] INFO: Scraped: XOX Crunchy Pretzels Cheddar Cheese Kousky preclík | EAN=4031446834030 | kcal=0.0
2026-03-17 22:28:46 [kaufland_products] INFO: Scraped: XOX Party Tacos s příchutí sýra Nacho a kukuřičný  | EAN=4031446703114 | kcal=1947.0
2026-03-17 22:28:48 [kaufland_products] INFO: Scraped: Bifi Carazza Pizza Snack plněná pizzovou omáčkou P | EAN=4251097400259 | kcal=374.0
2026-03-17 22:28:51 [kaufland_products] INFO: Scraped: Gran Pavesi Pomodoro 280 g italské krekry s rajčat | EAN=8013355500691 | kcal=407.0
2026-03-17 22:28:54 [kaufland_products] INFO: Scraped: Dr. Kargssýrové a cibulové krekry pikantní pikantn | EAN=4033634300822 | kcal=452.0
2026-03-17 22:28:56 [kaufland_products] INFO: Scraped: De Beukelaer Tourinos Gouda křupavé kynuté sušenky | EAN=4001518003817 | kcal=491.0
2026-03-17 22:28:59 [kaufland_products] INFO: Scraped: Chio Tortillas Chips Nacho Cheese vegetariánský sá | EAN=4001242105917 | kcal=149.0
2026-03-17 22:29:02 [kaufland_products] INFO: Scraped: Ovčí sýr s lanýži ve slunečnicovém oleji, 280 g | EAN=8000571009411 | kcal=0.0
2026-03-17 22:29:05 [kaufland_products] INFO: Scraped: Dětská tabulka mléčné čokolády s mléčnou smetanovo | EAN=4008400221021 | kcal=564.0
2026-03-17 22:29:06 [kaufland_products] INFO: Scraped: Arla porcované sáčky s 20 g značkového nízkotučnéh | EAN=7310865000545 | kcal=47.0
2026-03-17 22:29:09 [kaufland_products] INFO: Scraped: Marabou Roll Mjölk Choklad pralinky z mléčné čokol | EAN=7310510002122 | kcal=550.0
2026-03-17 22:29:12 [kaufland_products] INFO: Scraped: Krüger Family Cappuccino Classic 500g | EAN=4052700069753 4052700875378 | kcal=390.0
2026-03-17 22:29:13 [kaufland_products] INFO: Scraped: Krüger Family Chocolate Cappuccino, 500 g | EAN=4052700068398 4052700874401 | kcal=388.0
2026-03-17 22:29:16 [kaufland_products] INFO: Scraped: Směs na pečení Dr. Oetker Kirschli dort | EAN=4000521854102 | kcal=342.0
2026-03-17 22:29:19 [kaufland_products] INFO: Scraped: KRÜGER Chai Latte Classic India typ vanilka skořic | EAN=4052700085722 4052700883519 | kcal=406.0
2026-03-17 22:29:22 [kaufland_products] INFO: Scraped: TASSIMO Chai Latte Teediscs 8 Portionen | EAN=8711000443255 | kcal=0.0
2026-03-17 22:29:22 [kaufland_products] WARNING: No nutrition data for: TASSIMO Chai Latte Teediscs 8 Portionen
2026-03-17 22:29:24 [kaufland_products] INFO: Scraped: Dvojité sušenky Oreo 170g | EAN=7622210137234 | kcal=496.0
2026-03-17 22:29:27 [kaufland_products] INFO: Scraped: Dr. Oetker Jablečná směs Püfferchen recept na laho | EAN=4000521775506 | kcal=220.0
2026-03-17 22:29:28 [kaufland_products] INFO: Scraped: Dr. Oetker Kaiserschmarrn | EAN=4000521775001 | kcal=202.0
2026-03-17 22:29:31 [kaufland_products] INFO: Scraped: Starbucks Dolce Gusto Caramel Macchiato Arabica Ka | EAN=7613036943529 | kcal=416.0
2026-03-17 22:29:34 [kaufland_products] INFO: Scraped: Menzi Desserts Rýžový pudink s plnotučným mlékem p | EAN=4016900058207 | kcal=107.0
2026-03-17 22:29:35 [kaufland_products] INFO: Scraped: Berchtesgadener Land H-Milch 1001642 15Prozent 1l  | EAN=4101530003113 | kcal=0.0
2026-03-17 22:29:35 [kaufland_products] WARNING: No nutrition data for: Berchtesgadener Land H-Milch 1001642 15Prozent 1l 12 St./Pack.
2026-03-17 22:29:37 [scrapy.extensions.logstats] INFO: Crawled 73 pages (at 24 pages/min), scraped 55 items (at 24 items/min)
2026-03-17 22:29:38 [kaufland_products] INFO: Scraped: Frischli kávová smetana 10% pro skvělou chuť kávy  | EAN=4045500011640 | kcal=118.0
2026-03-17 22:29:40 [kaufland_products] INFO: Scraped: Debic Profi šlehačka s praktickým rozprašovačem ne | EAN=5410488140054 | kcal=339.0
2026-03-17 22:29:43 [kaufland_products] INFO: Scraped: NESCAFÉ 250125 CAPPUCCINO kávové kapsle Arabská zr | EAN=7613036306294 | kcal=35.8
2026-03-17 22:29:46 [kaufland_products] INFO: Scraped: Sójový nápoj - přírodní neslazený 1 litr | EAN=4038375024204 | kcal=41.0
2026-03-17 22:29:48 [kaufland_products] INFO: Scraped: Coppenrath Classic Dark Choco Caramel chlebíčky 25 | EAN=4006952006745 | kcal=509.0
2026-03-17 22:29:51 [kaufland_products] INFO: Scraped: Milka Oreo 100g | EAN=7622300617820 | kcal=564.0
2026-03-17 22:29:53 [kaufland_products] INFO: Scraped: Yogurette tyčinka s marakujou tropická sladká příc | EAN=80861287 | kcal=0.0
2026-03-17 22:29:56 [kaufland_products] INFO: Scraped: Anyah Šampon a kondicionér - Posílení a ochrana po | EAN=3830999202133 | kcal=0.0
2026-03-17 22:29:56 [kaufland_products] WARNING: No nutrition data for: Anyah Šampon a kondicionér - Posílení a ochrana pokožky a vlasů - Eco Label -  Italy - 4 x 480 ml sada
2026-03-17 22:29:58 [kaufland_products] INFO: Scraped: Anyah změkčující sprchový gel - obohacený o prekur | EAN=3830999202096 | kcal=0.0
2026-03-17 22:29:58 [kaufland_products] WARNING: No nutrition data for: Anyah změkčující sprchový gel - obohacený o prekurzor kyseliny hyaluronové - ekoznačený - vyrobeno v Itálii - sada 4 x 480 ml
2026-03-17 22:30:01 [kaufland_products] INFO: Scraped: Litinová pánev BBQ-Toro Poffertjes | Na 7 palačine | EAN=4260532298535 | kcal=0.0
2026-03-17 22:30:01 [kaufland_products] WARNING: No nutrition data for: Litinová pánev BBQ-Toro Poffertjes | Na 7 palačinek a dalších cukrářských specialit | Ø 20,5 cm
2026-03-17 22:30:03 [kaufland_products] INFO: Scraped: Anyah Jemný sprchový šampon - obohacený o extrakt  | EAN=3830999201648 | kcal=0.0
2026-03-17 22:30:03 [kaufland_products] WARNING: No nutrition data for: Anyah Jemný sprchový šampon - obohacený o extrakt z bílé kopřivy - ekoznačený - vyrobený v Itálii - sada 4 x 480 ml
2026-03-17 22:30:05 [kaufland_products] INFO: Scraped: Přírodní tvarohové mýdlo 75g | EAN=9002070000752 | kcal=0.0
2026-03-17 22:30:05 [kaufland_products] WARNING: No nutrition data for: Přírodní tvarohové mýdlo 75g
2026-03-17 22:30:07 [kaufland_products] INFO: Scraped: Berlinki Morliny z serem 250 g | EAN=5900567001517 | kcal=0.0
2026-03-17 22:30:07 [kaufland_products] WARNING: No nutrition data for: Berlinki Morliny z serem 250 g
2026-03-17 22:30:10 [kaufland_products] INFO: Scraped: Roland Swiss Twist sýrové tyčinky z listového těst | EAN=7610058208223 | kcal=517.0
2026-03-17 22:30:12 [kaufland_products] INFO: Scraped: Doritos - Nacho - sýr - sáček 44gr | 20 kusů | EAN=8710398302960 | kcal=0.0
2026-03-17 22:30:12 [kaufland_products] WARNING: No nutrition data for: Doritos - Nacho - sýr - sáček 44gr | 20 kusů
2026-03-17 22:30:15 [kaufland_products] INFO: Scraped: Fior di Frutta - Bitterorange 260g | EAN=8001505007039 | kcal=195.0
2026-03-17 22:30:17 [kaufland_products] INFO: Scraped: Polévka se sýrem Allgäu a smetanou | EAN=4007680106462 | kcal=87.0
2026-03-17 22:30:19 [kaufland_products] INFO: Scraped: Italský med z pampeliškových květů, 250 g (Miele d | EAN=8000571003136 | kcal=0.0
2026-03-17 22:30:22 [kaufland_products] INFO: Scraped: Italský med z citronových květů, 250 g (Miele di L | EAN=8000571030910 | kcal=0.0
2026-03-17 22:30:25 [kaufland_products] INFO: Scraped: Agrisicilia Marmellata Arance Amare 360 g marmelád | EAN=8017139100725 | kcal=245.0
2026-03-17 22:30:27 [kaufland_products] INFO: Scraped: Italský med z Trnovce Kristův, 250 g (Miele di Mar | EAN=8012532040920 | kcal=0.0
2026-03-17 22:30:30 [kaufland_products] INFO: Scraped: Bakalland Sýrový popcorn 90 g | EAN=5900749115032 | kcal=0.0
2026-03-17 22:30:30 [kaufland_products] WARNING: No nutrition data for: Bakalland Sýrový popcorn 90 g
2026-03-17 22:30:33 [kaufland_products] INFO: Scraped: Grissini - Sýr 100g | EAN=4022993047110 | kcal=425.0
2026-03-17 22:30:34 [kaufland_products] INFO: Scraped: Leimerské krutony se sýrem | EAN=4000186037100 | kcal=448.0
2026-03-17 22:30:37 [scrapy.extensions.logstats] INFO: Crawled 97 pages (at 24 pages/min), scraped 79 items (at 24 items/min)
2026-03-17 22:30:37 [kaufland_products] INFO: Scraped: Tigullio Ricotta e pistacchio 185 g italská pistác | EAN=8000050028292 | kcal=0.0
2026-03-17 22:30:40 [kaufland_products] INFO: Scraped: Italský med z kaštanových květů, 250 g (Miele di C | EAN=8000571003129 | kcal=0.0
2026-03-17 22:30:42 [kaufland_products] INFO: Scraped: Tomatensauce - Mascarpone 340ml | EAN=4019736017219 | kcal=80.0
2026-03-17 22:30:45 [kaufland_products] INFO: Scraped: Cheez-It Double Cheese Crispy Bread dünne Snacks P | EAN=5053990177745 | kcal=0.0
2026-03-17 22:30:47 [kaufland_products] INFO: Scraped: Sladký chilli džem, 230 g | EAN=8050043440372 | kcal=0.0
2026-03-17 22:30:50 [kaufland_products] INFO: Scraped: Lacroix Sauce Bernaise jemná omáčka k masu a rybám | EAN=4251753719800 | kcal=171.0
2026-03-17 22:30:53 [kaufland_products] INFO: Scraped: Křupky se sýrem a cibulí 150g | EAN=4018077004469 | kcal=532.0
2026-03-17 22:30:55 [kaufland_products] INFO: Scraped: Bautzner Nacho Cheese Sauce pikantní a lehké kořen | EAN=4012860005473 | kcal=0.0
2026-03-17 22:30:58 [kaufland_products] INFO: Scraped: funny frisch Chipsfrisch Chilli Cheese Fries Style | EAN=4003586107350 | kcal=0.0
2026-03-17 22:31:01 [kaufland_products] INFO: Scraped: Chio Tortillas Chips Hot Chili vegetariánské feuri | EAN=4001242105900 | kcal=149.0
2026-03-17 22:31:03 [kaufland_products] INFO: Scraped: TASSIMO Baileys Latte Macchiato, Kávová kapsle, La | EAN=8711000381779 | kcal=0.0
2026-03-17 22:31:03 [kaufland_products] WARNING: No nutrition data for: TASSIMO Baileys Latte Macchiato, Kávová kapsle, Latte macchiato, T DISC, 8 hrnků, Baileys
2026-03-17 22:31:06 [kaufland_products] INFO: Scraped: Nutella pomazánka na chléb Lískovo-oříškový nugáto | EAN=4008400401621 | kcal=547.0
2026-03-17 22:31:08 [kaufland_products] INFO: Scraped: Alpro Drink Mandle s vanilkovou příchutí s vápníke | EAN=5411188120742 | kcal=0.0
2026-03-17 22:31:10 [kaufland_products] INFO: Scraped: SENSEO polštářky typ Cappuccino Caramel Senseopads | EAN=8711000455807 | kcal=0.0
2026-03-17 22:31:10 [kaufland_products] WARNING: No nutrition data for: SENSEO polštářky typ Cappuccino Caramel Senseopads 40 nápojů kávové polštářky Softpads
2026-03-17 22:31:12 [kaufland_products] INFO: Scraped: Krüger Family Cappuccino Double Choco 500g mit Sch | EAN=4052700078328 4052700884202 | kcal=389.0
2026-03-17 22:31:14 [kaufland_products] INFO: Scraped: Open Food 4000512992684, 975 g, B, e120, e133, e15 | EAN=4000512992684 | kcal=1412.0
2026-03-17 22:31:17 [kaufland_products] INFO: Scraped: Danmis Mleko kozie UHT 500 ml | EAN=5901680000111 | kcal=53.0
2026-03-17 22:31:20 [kaufland_products] INFO: Scraped: Tassimo Latte Macchiato Vanilla, káva, kávová kaps | EAN=8711000364123 | kcal=0.0
2026-03-17 22:31:22 [kaufland_products] INFO: Scraped: Kozí mléčný krém Ziaja - Intenzivní Hydratace a Vy | EAN=5901887000136 | kcal=0.0
2026-03-17 22:31:22 [kaufland_products] WARNING: No nutrition data for: Kozí mléčný krém Ziaja - Intenzivní Hydratace a Vyhlazení, 50 ml
2026-03-17 22:31:25 [kaufland_products] INFO: Scraped: Alpro sójový nápoj s čokoládovou příchutí, vápníke | EAN=5411188121947 | kcal=0.0
2026-03-17 22:31:27 [kaufland_products] INFO: Scraped: TASSIMO Toffee Nut Latte, Kávová kapsle, Caffe lat | EAN=8711000443927 | kcal=0.0
2026-03-17 22:31:27 [kaufland_products] WARNING: No nutrition data for: TASSIMO Toffee Nut Latte, Kávová kapsle, Caffe latte, 8 hrnků, Tassimo, 8 kusů
2026-03-17 22:31:30 [kaufland_products] INFO: Scraped: Hanuta Minis jednotlivě balené křupavé mini plátky | EAN=4008400351926 | kcal=542.0
2026-03-17 22:31:32 [kaufland_products] INFO: Scraped: Alpro sójový nápoj s vanilkou Bohatý na rostlinné  | EAN=5411188115533 | kcal=57.0
2026-03-17 22:31:34 [kaufland_products] INFO: Scraped: Tassimo Jacobs Latte Macchiato Classico, Kaffee, M | EAN=8711000504901 | kcal=0.0
2026-03-17 22:31:34 [kaufland_products] WARNING: No nutrition data for: Tassimo Jacobs Latte Macchiato Classico, Kaffee, Milchkaffee, Kapsel, 80 T-Discs (40 Portionen)
2026-03-17 22:31:35 [kaufland_products] INFO: Scraped: Maggi Magic Asia Noodle Cup Duck Snack mit Entenge | EAN=7613035206410 | kcal=102.0
2026-03-17 22:31:37 [scrapy.extensions.logstats] INFO: Crawled 122 pages (at 25 pages/min), scraped 104 items (at 25 items/min)
2026-03-17 22:31:38 [kaufland_products] INFO: Scraped: Lindt & Sprüngli Edel Marzipan Pure Bar (50g) | EAN=4000539381003 | kcal=0.0
2026-03-17 22:31:38 [kaufland_products] WARNING: No nutrition data for: Lindt & Sprüngli Edel Marzipan Pure Bar (50g)
2026-03-17 22:31:41 [kaufland_products] INFO: Scraped: Trolli Party Burger Minis z pěnového cukru a ovocn | EAN=4000512994909 | kcal=339.0
2026-03-17 22:31:43 [kaufland_products] INFO: Scraped: METROX univerzální džbán 2l bílý | EAN=5908230163685 | kcal=0.0
2026-03-17 22:31:43 [kaufland_products] WARNING: No nutrition data for: METROX univerzální džbán 2l bílý
2026-03-17 22:31:45 [kaufland_products] INFO: Scraped: Nescafe Dolce Gusto Cafe Au Lait 16 lusků pro plný | EAN=7613033174704 | kcal=400.0
2026-03-17 22:31:48 [kaufland_products] INFO: Scraped: Kokosové mléko Aroy-D přírodní kokosové mléko na p | EAN=8851613101392 | kcal=185.0
2026-03-17 22:31:50 [kaufland_products] INFO: Scraped: Ovesný nápoj - Mandle 1L | EAN=4038375025997 | kcal=56.0
2026-03-17 22:31:53 [kaufland_products] INFO: Scraped: Krueger Family Latte Macchiato Classico 500g mit f | EAN=4052700072159 4052700876405 | kcal=405.0
2026-03-17 22:31:56 [kaufland_products] INFO: Scraped: Alpro Barista ovesný nápoj čistě rostlinný bez při | EAN=5411188127697 | kcal=59.0
2026-03-17 22:31:58 [kaufland_products] INFO: Scraped: Alpro sójový nápoj s vanilkovou příchutí, vápníkem | EAN=5411188136910 | kcal=0.0
2026-03-17 22:32:01 [kaufland_products] INFO: Scraped: Erasco Erbsen mit Würstchen Dosen-Eintopf 850 ml | EAN=4037300108309 | kcal=82.0
2026-03-17 22:32:04 [kaufland_products] INFO: Scraped: Naarmann smetana do kávy 10 % tuku tepelně upraven | EAN=4065400001138 | kcal=0.0
2026-03-17 22:32:04 [kaufland_products] WARNING: No nutrition data for: Naarmann smetana do kávy 10 % tuku tepelně upravená krémová 1000 ml
2026-03-17 22:32:06 [kaufland_products] INFO: Scraped: Milka barevná kakaová čočka Alpská mléčná čokoláda | EAN=7622210055439 | kcal=523.0
2026-03-17 22:32:09 [kaufland_products] INFO: Scraped: Naarmann Ovesný nápoj veganský na bázi ovsa altern | EAN=4065400004511 | kcal=62.0
2026-03-17 22:32:11 [kaufland_products] INFO: Scraped: My Crunchy - Mandlový oříšek 400g | EAN=4005561007358 | kcal=471.0
2026-03-17 22:32:14 [kaufland_products] INFO: Scraped: Shake and Make – malina a vanilka | EAN=4060257035121 | kcal=0.0
2026-03-17 22:32:14 [kaufland_products] WARNING: No nutrition data for: Shake and Make – malina a vanilka
2026-03-17 22:32:16 [kaufland_products] INFO: Scraped: Power Granola - Ořechy a semínka 350g | EAN=5425038430240 | kcal=580.0
2026-03-17 22:32:19 [kaufland_products] INFO: Scraped: Křupavý polštářek - Arašídová náplň 300g | EAN=5425038430448 | kcal=434.0
2026-03-17 22:32:21 [kaufland_products] INFO: Scraped: Chupa Chups Best of lollipops ovocné krémové přích | EAN=8410031912470 | kcal=388.0
2026-03-17 22:32:23 [kaufland_products] INFO: Scraped: Nektarinkový mražený jogurt v prášku 333 g | EAN=4058399926780 | kcal=0.0
2026-03-17 22:32:23 [kaufland_products] WARNING: No nutrition data for: Nektarinkový mražený jogurt v prášku 333 g
2026-03-17 22:32:25 [kaufland_products] INFO: Scraped: Jogurtová zmrzlina Malaga s nízkým obsahem sachari | EAN=4068368078655 | kcal=0.0
2026-03-17 22:32:25 [kaufland_products] WARNING: No nutrition data for: Jogurtová zmrzlina Malaga s nízkým obsahem sacharidů v prášku veganská bez cukru a laktózy 333 g
2026-03-17 22:32:27 [kaufland_products] INFO: Scraped: Jogurtová banánová veganská zmrzlina v prášku bez  | EAN=4068368040225 | kcal=0.0
2026-03-17 22:32:27 [kaufland_products] WARNING: No nutrition data for: Jogurtová banánová veganská zmrzlina v prášku bez cukru a laktózy 1 kg
2026-03-17 22:32:30 [kaufland_products] INFO: Scraped: Žlutá bez cukru s příchutí CITRON, bez másla 14 g  | EAN=5900038002333 | kcal=309.0
2026-03-17 22:32:33 [kaufland_products] INFO: Scraped: Anyah Šampon a kondicionér - Posílení a ochrana po | EAN=3830999202126 | kcal=0.0
2026-03-17 22:32:33 [kaufland_products] WARNING: No nutrition data for: Anyah Šampon a kondicionér - Posílení a ochrana pokožky a vlasů - Eco Label -  Italy - 2 x 480 ml sada
2026-03-17 22:32:36 [kaufland_products] INFO: Scraped: Orion Box UH na svačinu MONKEY ASS 127307 | EAN=8693395016156 | kcal=0.0
2026-03-17 22:32:36 [kaufland_products] WARNING: No nutrition data for: Orion Box UH na svačinu MONKEY ASS 127307
2026-03-17 22:32:37 [scrapy.extensions.logstats] INFO: Crawled 146 pages (at 24 pages/min), scraped 128 items (at 24 items/min)
2026-03-17 22:32:38 [kaufland_products] INFO: Scraped: Miska BE-MI beton kulatá 0,02l | EAN=8595129100042 | kcal=0.0
2026-03-17 22:32:38 [kaufland_products] WARNING: No nutrition data for: Miska BE-MI beton kulatá 0,02l
2026-03-17 22:32:40 [kaufland_products] INFO: Scraped: Tanner Ehrmann Robby ovoce a tvaroh dřevěný obchod | EAN=4007464009972 | kcal=0.0
2026-03-17 22:32:40 [kaufland_products] WARNING: No nutrition data for: Tanner Ehrmann Robby ovoce a tvaroh dřevěný obchod
2026-03-17 22:32:43 [kaufland_products] INFO: Scraped: Křupavé cereálie - skořicová směs s jablkem 200g | EAN=4015637019208 | kcal=355.0
2026-03-17 22:32:45 [kaufland_products] INFO: Scraped: Celiko Bezlepkové Dortové želé jahodové červené be | EAN=5900038002326 | kcal=312.0
2026-03-17 22:32:47 [kaufland_products] INFO: Scraped: Pomoc pro tvarohový koláč Dr. Oetker | EAN=4000521130107 | kcal=224.0
2026-03-17 22:32:50 [kaufland_products] INFO: Scraped: Kappus tvarohové mýdlo citron (150g) | EAN=4012758302233 | kcal=0.0
2026-03-17 22:32:50 [kaufland_products] WARNING: No nutrition data for: Kappus tvarohové mýdlo citron (150g)
2026-03-17 22:32:52 [kaufland_products] INFO: Scraped: Kulatá silikonová dortová forma: Ideální na koláče | EAN=8592381177751 | kcal=0.0
2026-03-17 22:32:52 [kaufland_products] WARNING: No nutrition data for: Kulatá silikonová dortová forma: Ideální na koláče a dezerty
2026-03-17 22:32:54 [kaufland_products] INFO: Scraped: dalli Tekuté tvarohové mýdlo | EAN=4012400532605 | kcal=0.0
2026-03-17 22:32:54 [kaufland_products] WARNING: No nutrition data for: dalli Tekuté tvarohové mýdlo
2026-03-17 22:32:56 [kaufland_products] INFO: Scraped: 5dílná sada misek Maestro Natale 4 osoby misky na  | EAN=4251967519616 | kcal=0.0
2026-03-17 22:32:56 [kaufland_products] WARNING: No nutrition data for: 5dílná sada misek Maestro Natale 4 osoby misky na cereálie servírovací miska Vánoce
2026-03-17 22:32:58 [kaufland_products] INFO: Scraped: ŽLUTÝ TRANSPARENTNÍ TRANSPARENT BEZ CUKRU S LESNÍM | EAN=5900038002395 | kcal=307.0
2026-03-17 22:33:01 [kaufland_products] INFO: Scraped: Ruf směsi na pečení Eierschecke | EAN=4002809028212 | kcal=255.0
2026-03-17 22:33:04 [kaufland_products] INFO: Scraped: Oetker Cheesecake jahoda 0,32 kg | EAN=4000521024642 | kcal=295.0
2026-03-17 22:33:06 [kaufland_products] INFO: Scraped: Ruský tvarohový koláč Ruf | EAN=4002809027642 | kcal=313.0
2026-03-17 22:33:08 [kaufland_products] INFO: Scraped: Sada 6 forem na pudink Dr. Oetker 150 ml | EAN=4044935017999 | kcal=0.0
2026-03-17 22:33:08 [kaufland_products] WARNING: No nutrition data for: Sada 6 forem na pudink Dr. Oetker 150 ml
2026-03-17 22:33:10 [kaufland_products] INFO: Scraped: Pískavice řecké seno 1kg Brat.pl | EAN=5906721131021 | kcal=0.0
2026-03-17 22:33:10 [kaufland_products] WARNING: No nutrition data for: Pískavice řecké seno 1kg Brat.pl
2026-03-17 22:33:12 [kaufland_products] INFO: Scraped: Litinová pánev BBQ-Toro Poffertjes | Förtchenpfann | EAN=4260532296418 | kcal=0.0
2026-03-17 22:33:12 [kaufland_products] WARNING: No nutrition data for: Litinová pánev BBQ-Toro Poffertjes | Förtchenpfanne for 19 Förtchen | Ø 24 cm
2026-03-17 22:33:15 [kaufland_products] INFO: Scraped: Červené papriky se smetanovým sýrem 270g | EAN=8713576001259 | kcal=176.0
2026-03-17 22:33:18 [kaufland_products] INFO: Scraped: Dittmann Teufli červené papriky se smetanovým sýre | EAN=4002239649001 | kcal=149.0
2026-03-17 22:33:21 [kaufland_products] INFO: Scraped: Wasa Sandwich Mild Cheese 3er Volkorn Crispbread B | EAN=7300400127448 | kcal=482.0
2026-03-17 22:33:23 [kaufland_products] INFO: Scraped: Pringles FLAME Hot Cheese and Chili Flavour Stapel | EAN=5053990175888 | kcal=524.0
2026-03-17 22:33:24 [kaufland_products] INFO: Scraped: Kokosová šlehačka 400 ml | EAN=8713576003680 | kcal=303.0
2026-03-17 22:33:27 [kaufland_products] INFO: Scraped: XOX Sýrový dip krémově pikantní s feferonkami 290g | EAN=4251753751596 | kcal=0.0
2026-03-17 22:33:27 [kaufland_products] WARNING: No nutrition data for: XOX Sýrový dip krémově pikantní s feferonkami 290g balení po 4 kusech
2026-03-17 22:33:30 [kaufland_products] INFO: Scraped: Pretzel Pieces Smokey Bacon Cheddar pikantní lahod | EAN=0739748027634 739748027634 | kcal=496.0
2026-03-17 22:33:32 [kaufland_products] INFO: Scraped: Tigullio Cacio e Pepe italská omáčka z pecorino sý | EAN=8000050028315 | kcal=357.0
2026-03-17 22:33:35 [kaufland_products] INFO: Scraped: Violife Creamy Natúr 150G [H], 53142 | EAN=5202390021121 | kcal=237.0
2026-03-17 22:33:37 [scrapy.extensions.logstats] INFO: Crawled 171 pages (at 25 pages/min), scraped 153 items (at 25 items/min)
2026-03-17 22:33:37 [kaufland_products] INFO: Scraped: Frischli Creme zakysaná smetana 24% pro náročné ve | EAN=4045500011770 | kcal=245.0
2026-03-17 22:33:40 [kaufland_products] INFO: Scraped: Schlagfix - univerzální šlehačka 200ml | EAN=4260024180089 | kcal=158.0
2026-03-17 22:33:41 [kaufland_products] INFO: Scraped: EDEKA FOOD SERVICE Salátová majonéza s 50% řepkové | EAN=4311596636617 | kcal=2000.0
2026-03-17 22:33:44 [kaufland_products] INFO: Scraped: Omáčka ze sladké červené cibule, 110 g | EAN=8000571464173 | kcal=0.0
2026-03-17 22:33:46 [kaufland_products] INFO: Scraped: Sladká brusinková omáčka, 110 g | EAN=8000571464159 | kcal=0.0
2026-03-17 22:33:49 [kaufland_products] INFO: Scraped: Sladká fíková omáčka s hořčicí, 110 g | EAN=8000571004669 | kcal=0.0
2026-03-17 22:33:52 [kaufland_products] INFO: Scraped: Sýr Pecorino a letní lanýžový prášek Spolverata, 3 | EAN=8025386005458 | kcal=0.0
2026-03-17 22:33:55 [kaufland_products] INFO: Scraped: Frischli zakysaná smetana s lehkou příchutí crème  | EAN=4045500011817 | kcal=132.0
2026-03-17 22:33:57 [kaufland_products] INFO: Scraped: Sladká hrušková omáčka se zázvorem, 110 g | EAN=8000571461493 | kcal=0.0
2026-03-17 22:33:59 [kaufland_products] INFO: Scraped: Frischli Creme Double 45% Krémová smetana pro maxi | EAN=4045500011831 | kcal=423.0
2026-03-17 22:34:01 [kaufland_products] INFO: Scraped: Azienda Agricola Bonat - Parmigiano Reggiano PDO - | EAN=7427266699312 | kcal=402.0
2026-03-17 22:34:03 [kaufland_products] INFO: Scraped: El Sabor Nacho n Dip Cheese Chilli Nachos se sýrov | EAN=5202175001911 | kcal=643.0
2026-03-17 22:34:06 [kaufland_products] INFO: Scraped: Jogurtový zákys - veganský 3x5g | EAN=4260112342115 | kcal=380.0
2026-03-17 22:34:09 [kaufland_products] INFO: Scraped: Consorzio Vacche Rosse - Parmigiano Reggiano Vacch | EAN=7427266696588 | kcal=0.0
2026-03-17 22:34:09 [kaufland_products] WARNING: No nutrition data for: Consorzio Vacche Rosse - Parmigiano Reggiano Vacche Rosse - 3 Gewürze, 24, 30 und 40 Monate - 3 x 250 g
2026-03-17 22:34:11 [kaufland_products] INFO: Scraped: Milka Čokoláda Alpské mléko 100g | EAN=3045140105502 | kcal=539.0
2026-03-17 22:34:13 [kaufland_products] INFO: Scraped: Pick Up Čokoláda a mléko křupavá krémová mléčná ná | EAN=4017100276712 | kcal=0.0
2026-03-17 22:34:16 [kaufland_products] INFO: Scraped: Bavorská polévka s játrovými knedlíčky | EAN=4007680103997 | kcal=77.0
2026-03-17 22:34:18 [kaufland_products] INFO: Scraped: Čokoláda 823 mléčná 33,6% 0,4kg | EAN=5410522556209 | kcal=564.04
2026-03-17 22:34:20 [kaufland_products] INFO: Scraped: Bomann MS 344 CB - Tyčový mixér | EAN=4004470034417 | kcal=0.0
2026-03-17 22:34:20 [kaufland_products] WARNING: No nutrition data for: Bomann MS 344 CB - Tyčový mixér
2026-03-17 22:34:23 [kaufland_products] INFO: Scraped: Adler AD 4478 napěňovač/ohřívač mléka Automatický  | EAN=5908256839533 | kcal=0.0
2026-03-17 22:34:23 [kaufland_products] WARNING: No nutrition data for: Adler AD 4478 napěňovač/ohřívač mléka Automatický Černý, Bílý
2026-03-17 22:34:26 [kaufland_products] INFO: Scraped: Kruger, Chai latte, Napój mleczny, kokos i migdał, | EAN=4052700088853 | kcal=0.0
2026-03-17 22:34:26 [kaufland_products] WARNING: No nutrition data for: Kruger, Chai latte, Napój mleczny, kokos i migdał, 250ml (PRODUKT Z NIEMIEC)
2026-03-17 22:34:28 [kaufland_products] INFO: Scraped: Stardrops, The pink stuff, Čisticí mléko, 500 ml ( | EAN=5060033823675 | kcal=0.0
2026-03-17 22:34:28 [kaufland_products] WARNING: No nutrition data for: Stardrops, The pink stuff, Čisticí mléko, 500 ml (VÝROBEK Z NĚMECKA)
2026-03-17 22:34:31 [kaufland_products] INFO: Scraped: Mestemacher Westfalen klasický celozrnný žitný chl | EAN=4000446001049 | kcal=177.0
2026-03-17 22:34:34 [kaufland_products] INFO: Scraped: Clatronic MS 3089 - Batterie/Akku - AA | EAN=4006160621617 | kcal=0.0
2026-03-17 22:34:34 [kaufland_products] WARNING: No nutrition data for: Clatronic MS 3089 - Batterie/Akku - AA
2026-03-17 22:34:37 [scrapy.extensions.logstats] INFO: Crawled 195 pages (at 24 pages/min), scraped 177 items (at 24 items/min)
2026-03-17 22:34:37 [kaufland_products] INFO: Scraped: Nápoj - Přírodní špalda 1 litr | EAN=4016249143732 | kcal=59.0
2026-03-17 22:34:40 [kaufland_products] INFO: Scraped: Nutella v plastovém kbelíku XL s praktickým uchem  | EAN=8000500292310 | kcal=0.0
2026-03-17 22:34:42 [kaufland_products] INFO: Scraped: Npoj - Coconut Nature bez cukru 1 litr | EAN=8428532121437 | kcal=34.0
2026-03-17 22:34:44 [kaufland_products] INFO: Scraped: Bärenmarke Der Genussvolle Traum jemná kávová smet | EAN=4045317052676 | kcal=133.0
2026-03-17 22:34:46 [kaufland_products] INFO: Scraped: Lattafa Eclaire parfémovaná voda pro ženy 100 ml | EAN=6290362340638 | kcal=0.0
2026-03-17 22:34:46 [kaufland_products] WARNING: No nutrition data for: Lattafa Eclaire parfémovaná voda pro ženy 100 ml
2026-03-17 22:34:49 [kaufland_products] INFO: Scraped: YumYum Instantní asijská nudlová polévka s kuřecí  | EAN=8852018101024 | kcal=80.0
2026-03-17 22:34:51 [kaufland_products] INFO: Scraped: Nestlé Nesquik náplň do sáčku 400g | EAN=7613037084566 7613037084573 | kcal=383.0
2026-03-17 22:34:53 [kaufland_products] INFO: Scraped: Kokosový krém | EAN=4008049510203 | kcal=388.0
2026-03-17 22:34:54 [kaufland_products] INFO: Scraped: Milka Tuc Cracker čokoláda z lahodného alpského ml | EAN=7622210007476 | kcal=522.0
2026-03-17 22:34:57 [kaufland_products] INFO: Scraped: Bahlsen Rekord směs oplatek s hořkou a mléčnou čok | EAN=4017100380013 | kcal=525.0
2026-03-17 22:34:59 [kaufland_products] INFO: Scraped: Šlehačka v prášku Ruf, 80 g | EAN=4002809001215 | kcal=557.0
2026-03-17 22:35:02 [kaufland_products] INFO: Scraped: Smetana ke šlehání MILRAM s dlouhou životností, sk | EAN=4036300005588 | kcal=0.0
2026-03-17 22:35:04 [kaufland_products] INFO: Scraped: Werthers Original klasické smetanové bonbony s más | EAN=4014400908930 | kcal=424.0
2026-03-17 22:35:06 [kaufland_products] INFO: Scraped: Tassimo® Cadbury®, Horká čokoláda, 8 kapslí MAXI,= | EAN=8711000504567 | kcal=56.0
2026-03-17 22:35:07 [kaufland_products] INFO: Scraped: MARLENKA® Medový dort s vlašskými ořechy - medový  | EAN=8594071650018 | kcal=420.0
2026-03-17 22:35:09 [kaufland_products] INFO: Scraped: Cuisine - Mandlový bešamel 200ml | EAN=8428532192369 | kcal=101.0
2026-03-17 22:35:12 [kaufland_products] INFO: Scraped: Alpro ovesný nápoj Shh Toto není MLK zelenina s ní | EAN=5411188135005 | kcal=0.0
2026-03-17 22:35:15 [kaufland_products] INFO: Scraped: Ferrero 120963005 Schokoriegel Kinder Riegel 36 St | EAN=4008400223612 | kcal=566.0
2026-03-17 22:35:17 [kaufland_products] INFO: Scraped: Meica Deutschländer (360g) | EAN=4000503119403 | kcal=229.0
2026-03-17 22:35:20 [kaufland_products] INFO: Scraped: Lindt EXCELLENCE Hořká čokoláda s pomerančovými ko | EAN=3046920028370 | kcal=525.0
2026-03-17 22:35:23 [kaufland_products] INFO: Scraped: Marshmallow Crunchies - celozrnné ovesné a rýžové  | EAN=5425038430455 | kcal=395.0
2026-03-17 22:35:25 [kaufland_products] INFO: Scraped: Jogurtová mangová zmrzlina v prášku s nízkým obsah | EAN=4068368078778 | kcal=0.0
2026-03-17 22:35:25 [kaufland_products] WARNING: No nutrition data for: Jogurtová mangová zmrzlina v prášku s nízkým obsahem sacharidů veganská bez cukru a laktózy 333 g
2026-03-17 22:35:28 [kaufland_products] INFO: Scraped: Yogurette jahodová mléčná čokoláda s jahodovým kré | EAN=0000040084060 40084060 | kcal=72.0
2026-03-17 22:35:30 [kaufland_products] INFO: Scraped: Frischli krupicová kaše 5000g | EAN=4045500025302 | kcal=87.0
2026-03-17 22:35:32 [kaufland_products] INFO: Scraped: nimm2 Lachgummi Fruitivity Jogurtová žvýkačka s vi | EAN=4014400928181 | kcal=355.0
2026-03-17 22:35:34 [kaufland_products] INFO: Scraped: nimm2 Lachgummi Fluffies ovocné žvýkačky s ovocnou | EAN=4014400936278 | kcal=0.0
2026-03-17 22:35:37 [scrapy.extensions.logstats] INFO: Crawled 221 pages (at 26 pages/min), scraped 203 items (at 26 items/min)
2026-03-17 22:35:37 [kaufland_products] INFO: Scraped: Shake and Make - Lískový oříšek | EAN=4060257033639 | kcal=0.0
2026-03-17 22:35:37 [kaufland_products] WARNING: No nutrition data for: Shake and Make - Lískový oříšek
2026-03-17 22:35:40 [kaufland_products] INFO: Scraped: Vepřová želatina 280 Bloom 500g Brat.pl | EAN=5905514506732 | kcal=357.0
2026-03-17 22:35:43 [kaufland_products] INFO: Scraped: Makový olej  250ml | EAN=8595639402537 | kcal=900.0
2026-03-17 22:35:45 [kaufland_products] INFO: Scraped: Shake and Make – Pražené mandle | EAN=4060257033622 | kcal=0.0
2026-03-17 22:35:45 [kaufland_products] WARNING: No nutrition data for: Shake and Make – Pražené mandle
2026-03-17 22:35:47 [kaufland_products] INFO: Scraped: Shake and Make – Bubblegum | EAN=4060257033660 | kcal=0.0
2026-03-17 22:35:47 [kaufland_products] WARNING: No nutrition data for: Shake and Make – Bubblegum
2026-03-17 22:35:50 [kaufland_products] INFO: Scraped: Belissia Shake and Make - Set-Greatest Hits | Potr | EAN=4060257035640 | kcal=0.0
2026-03-17 22:35:50 [kaufland_products] WARNING: No nutrition data for: Belissia Shake and Make - Set-Greatest Hits | Potravinářské aroma 6x10 ml s šejkrem na míchání. Pro použití v potravinách
2026-03-17 22:35:52 [kaufland_products] INFO: Scraped: Shake and Make – kokos | EAN=4060257033950 | kcal=0.0
2026-03-17 22:35:52 [kaufland_products] WARNING: No nutrition data for: Shake and Make – kokos
2026-03-17 22:35:55 [kaufland_products] INFO: Scraped: Dr. Oetker tvarohová směs na pečení s jemným zdobi | EAN=4000521029920 | kcal=373.0
2026-03-17 22:35:58 [kaufland_products] INFO: Scraped: Mrs Bridges Lemon Curd Traditional English Spread  | EAN=5020566700096 | kcal=0.0
2026-03-17 22:36:01 [kaufland_products] INFO: Scraped: Kefírové kvašení - Lacto Pro® 3x5g | EAN=4260112342023 | kcal=380.0
2026-03-17 22:36:03 [kaufland_products] INFO: Scraped: Maggi 5minutové terinové špagety ve smetanové omáč | EAN=7613031437870 | kcal=107.0
2026-03-17 22:36:06 [kaufland_products] INFO: Scraped: Jogurtový zákys - bulharský 3x5g | EAN=4260112342092 | kcal=380.0
2026-03-17 22:36:08 [kaufland_products] INFO: Scraped: funny fresh Cornados Nacho Cheese Style kukuřičný  | EAN=4003586105738 | kcal=511.0
2026-03-17 22:36:11 [kaufland_products] INFO: Scraped: kukuřičný snack - Igor Cheese 50g | EAN=8588004638310 | kcal=461.0
2026-03-17 22:36:13 [kaufland_products] INFO: Scraped: Jogurtový zákys - Lacto Pro® 3x5g | EAN=4260112342030 | kcal=380.0
2026-03-17 22:36:16 [kaufland_products] INFO: Scraped: Santa Maria Dip Nacho Cheese Style Cheese Dip 250g | EAN=7311312007247 | kcal=133.0
2026-03-17 22:36:18 [kaufland_products] INFO: Scraped: Herr`s Baked Cheese Curls 113g | EAN=72600069138 0072600069138 | kcal=536.0
2026-03-17 22:36:21 [kaufland_products] INFO: Scraped: Debic Profi šlehačka slazená s praktickým rozprašo | EAN=5410488025184 | kcal=338.0
2026-03-17 22:36:23 [kaufland_products] INFO: Scraped: SamYang Buldak Ramen Hot Chicken Cheese Flavor 5er | EAN=8801073141780 | kcal=393.0
2026-03-17 22:36:26 [kaufland_products] INFO: Scraped: Sýrová svačinka Groksi Classico z Itálie bez lepku | EAN=8033182650451 | kcal=0.0
2026-03-17 22:36:28 [kaufland_products] INFO: Scraped: Tuc Cracker Cheese Snack Klasický slaný snack s př | EAN=7622210641403 | kcal=496.0
2026-03-17 22:36:31 [kaufland_products] INFO: Scraped: Sýrový dip Palapa, 470 ml | EAN=4260099731247 | kcal=137.0
2026-03-17 22:36:33 [kaufland_products] INFO: Scraped: Roland Swiss Twist Švýcarské sýrové tyčinky z list | EAN=7610058207264 | kcal=510.0
2026-03-17 22:36:36 [kaufland_products] INFO: Scraped: Sýrové flipy - Sýrové flipy 75g | EAN=8718754505147 | kcal=495.0
2026-03-17 22:36:37 [scrapy.extensions.logstats] INFO: Crawled 245 pages (at 24 pages/min), scraped 227 items (at 24 items/min)
2026-03-17 22:36:38 [kaufland_products] INFO: Scraped: Culinaria Cheese Tortellini vaječné těstoviny se s | EAN=4073400552970 | kcal=316.0
2026-03-17 22:36:41 [kaufland_products] INFO: Scraped: Čerstvá smetana - zahradní bylinky 135g | EAN=4016249076139 | kcal=0.0
2026-03-17 22:36:41 [kaufland_products] WARNING: No nutrition data for: Čerstvá smetana - zahradní bylinky 135g
2026-03-17 22:36:44 [kaufland_products] INFO: Scraped: Salomon Chilli Cheese Burger Sauce Pikantní koření | EAN=4004074000986 | kcal=364.0
2026-03-17 22:36:47 [kaufland_products] INFO: Scraped: Pinata Jalapeno sýrová omáčka krémová, pikantní a  | EAN=5708209408003 | kcal=129.0
2026-03-17 22:36:49 [kaufland_products] INFO: Scraped: Frischli mléčný pudink máslové sušenky 85g | EAN=4045500028327 | kcal=79.0
2026-03-17 22:36:51 [kaufland_products] INFO: Scraped: Kráječ na sýr Kesper s potravinovou fólií | EAN=4000270586217 | kcal=0.0
2026-03-17 22:36:51 [kaufland_products] WARNING: No nutrition data for: Kráječ na sýr Kesper s potravinovou fólií
2026-03-17 22:36:54 [kaufland_products] INFO: Scraped: Jogurtový zákys - Lacto Pro® + inulin 3x25g | EAN=4260112342054 | kcal=380.0
2026-03-17 22:36:57 [kaufland_products] INFO: Scraped: Chio Dip Hot Cheese Hot cheese dip s pikantními ja | EAN=4001242108239 | kcal=150.0
2026-03-17 22:36:59 [kaufland_products] INFO: Scraped: Frischli H šlehačka dokonalý objem šlehačky s příc | EAN=4045500011602 | kcal=311.0
2026-03-17 22:37:01 [kaufland_products] INFO: Scraped: Consorzio Vacche Rosse - Parmigiano Reggiano Vacch | EAN=7427266699275 | kcal=0.0
2026-03-17 22:37:01 [kaufland_products] WARNING: No nutrition data for: Consorzio Vacche Rosse - Parmigiano Reggiano Vacche Rosse - 40 Monate - 1 Kg
2026-03-17 22:37:04 [kaufland_products] INFO: Scraped: Sada 5 omáček na sýr, 200 g | EAN=8000571004812 | kcal=0.0
2026-03-17 22:37:06 [kaufland_products] INFO: Scraped: Dětské čokoládové bonbóny bílé s mléčnou náplní je | EAN=8000500289877 | kcal=0.0
2026-03-17 22:37:09 [kaufland_products] INFO: Scraped: Medový dortík MARLENKA® s vlašskými ořechy 100 g | EAN=8594071650353 | kcal=433.0
2026-03-17 22:37:16 [kaufland_products] INFO: Scraped: Frischli podmáslí výrobek a pestrý nápoj 1000ml | EAN=4045500014702 | kcal=37.0
2026-03-17 22:37:21 [kaufland_products] INFO: Scraped: Alpro Sójový nápoj bez cukru čistě rostlinný zcela | EAN=5411188115496 | kcal=33.0
2026-03-17 22:37:29 [kaufland_products] INFO: Scraped: Bärenmarke trvanlivé mléko 1,5 % tuku nízkotučné u | EAN=4045317058258 | kcal=0.0
2026-03-17 22:37:37 [scrapy.extensions.logstats] INFO: Crawled 262 pages (at 17 pages/min), scraped 243 items (at 16 items/min)
2026-03-17 22:37:37 [kaufland_products] INFO: Scraped: Nestl Nido suen plnotun mlko 400g Dos | EAN=8715000998630 | kcal=496.0
2026-03-17 22:37:45 [kaufland_products] INFO: Scraped: ArlaH Plnotučné mléko 1,5 z jemného trvanlivého vr | EAN=4016241070234 | kcal=47.0
2026-03-17 22:37:53 [kaufland_products] INFO: Scraped: MinusL® H plnotučné mléko bez laktózy 10 x 1,0 lit | EAN=4062800001959 | kcal=64.0
2026-03-17 22:37:59 [kaufland_products] INFO: Scraped: Plnotučné kozí mléko 3,0 % tuku 1 litr | EAN=4104060031526 | kcal=59.0
2026-03-17 22:38:05 [kaufland_products] INFO: Scraped: Trvanlivéalpské mléko 1,5 % tuku 1 litr | EAN=4101530002567 | kcal=48.0
2026-03-17 22:38:13 [kaufland_products] INFO: Scraped: Bärenmarke trvanlivé mléko 3,8 % tuku ultra-vysoký | EAN=4045317058265 | kcal=0.0
2026-03-17 22:38:20 [kaufland_products] INFO: Scraped: Jogurtový dezert Dr. Oetker Aranca meruňka a marac | EAN=4000521458607 | kcal=95.0
2026-03-17 22:38:27 [kaufland_products] INFO: Scraped: Jogurtovač - bez elektrolytu bílý/mátový | EAN=4260112341040 | kcal=0.0
2026-03-17 22:38:27 [kaufland_products] WARNING: No nutrition data for: Jogurtovač - bez elektrolytu bílý/mátový
2026-03-17 22:38:34 [kaufland_products] INFO: Scraped: Clatronic JM 3344 - 1,1 l - Weiß - 14 W - 220 V -  | EAN=4006160511192 | kcal=0.0
2026-03-17 22:38:34 [kaufland_products] WARNING: No nutrition data for: Clatronic JM 3344 - 1,1 l - Weiß - 14 W - 220 V - 50 Hz
2026-03-17 22:38:37 [scrapy.extensions.logstats] INFO: Crawled 270 pages (at 8 pages/min), scraped 252 items (at 9 items/min)
2026-03-17 22:38:42 [kaufland_products] INFO: Scraped: Haribo Fruitmania jogurtoví medvídci vinné žvýkačk | EAN=4001686322567 | kcal=337.0
2026-03-17 22:38:49 [kaufland_products] INFO: Scraped: Clatronic Eiscreme-Maker ICM 3764 Weiss | EAN=4006160639568 | kcal=0.0
2026-03-17 22:38:49 [kaufland_products] WARNING: No nutrition data for: Clatronic Eiscreme-Maker ICM 3764 Weiss
2026-03-17 22:38:57 [kaufland_products] INFO: Scraped: Granola tyčinka Corny s jahodovým jogurtem a medem | EAN=4011800524210 | kcal=0.0
2026-03-17 22:39:03 [kaufland_products] INFO: Scraped: nimm2 Lachgummi Softies jogurtová ovocná žvýkačka  | EAN=4014400916867 4014400382037 | kcal=331.0
2026-03-17 22:39:10 [kaufland_products] INFO: Scraped: Milka jogurtová čokoláda 100g | EAN=4025700001450 | kcal=573.0
2026-03-17 22:39:27 [scrapy-playwright] WARNING: Closing page due to failed request: <GET https://www.kaufland.cz/s/?search_value=m%C3%A1slo> exc_type=<class 'playwright._impl._errors.TimeoutError'> exc_msg=Page.wait_for_selector: Timeout 15000ms exceeded.
Call log:
  - waiting for locator("a[href*='/product/']") to be visible
Traceback (most recent call last):
  File "/home/krokviak/.local/lib/python3.12/site-packages/scrapy_playwright/handler.py", line 480, in _download_request_with_retry
    return await self._download_request_with_page(request, page, spider)
           ^^^^^^^^^^^^^^^^^^^^^^^^^^^^^^^^^^^^^^^^^^^^^^^^^^^^^^^^^^^^^
  File "/home/krokviak/.local/lib/python3.12/site-packages/scrapy_playwright/handler.py", line 528, in _download_request_with_page
    await self._apply_page_methods(page, request, spider)
  File "/home/krokviak/.local/lib/python3.12/site-packages/scrapy_playwright/handler.py", line 678, in _apply_page_methods
    pm.result = await _maybe_await(method(*pm.args, **pm.kwargs))
                ^^^^^^^^^^^^^^^^^^^^^^^^^^^^^^^^^^^^^^^^^^^^^^^^^
  File "/home/krokviak/.local/lib/python3.12/site-packages/scrapy_playwright/_utils.py", line 23, in _maybe_await
    return await obj
           ^^^^^^^^^
  File "/home/krokviak/.local/lib/python3.12/site-packages/playwright/async_api/_generated.py", line 8234, in wait_for_selector
    await self._impl_obj.wait_for_selector(
  File "/home/krokviak/.local/lib/python3.12/site-packages/playwright/_impl/_page.py", line 419, in wait_for_selector
    return await self._main_frame.wait_for_selector(**locals_to_params(locals()))
           ^^^^^^^^^^^^^^^^^^^^^^^^^^^^^^^^^^^^^^^^^^^^^^^^^^^^^^^^^^^^^^^^^^^^^^
  File "/home/krokviak/.local/lib/python3.12/site-packages/playwright/_impl/_frame.py", line 369, in wait_for_selector
    await self._channel.send(
  File "/home/krokviak/.local/lib/python3.12/site-packages/playwright/_impl/_connection.py", line 69, in send
    return await self._connection.wrap_api_call(
           ^^^^^^^^^^^^^^^^^^^^^^^^^^^^^^^^^^^^^
  File "/home/krokviak/.local/lib/python3.12/site-packages/playwright/_impl/_connection.py", line 559, in wrap_api_call
    raise rewrite_error(error, f"{parsed_st['apiName']}: {error}") from None
playwright._impl._errors.TimeoutError: Page.wait_for_selector: Timeout 15000ms exceeded.
Call log:
  - waiting for locator("a[href*='/product/']") to be visible

2026-03-17 22:39:28 [kaufland_products] WARNING: Request failed: https://www.kaufland.cz/s/?search_value=m%C3%A1slo: Page.wait_for_selector: Timeout 15000ms exceeded.
Call log:
  - waiting for locator("a[href*='/product/']") to be visible

2026-03-17 22:39:28 [kaufland_products] INFO: [cottage] page 1: found 28 product links
2026-03-17 22:39:29 [scrapy-playwright] WARNING: Closing page due to failed request: <GET https://www.kaufland.cz/s/?search_value=smetana> exc_type=<class 'playwright._impl._errors.TimeoutError'> exc_msg=Page.wait_for_selector: Timeout 15000ms exceeded.
Call log:
  - waiting for locator("a[href*='/product/']") to be visible
Traceback (most recent call last):
  File "/home/krokviak/.local/lib/python3.12/site-packages/scrapy_playwright/handler.py", line 480, in _download_request_with_retry
    return await self._download_request_with_page(request, page, spider)
           ^^^^^^^^^^^^^^^^^^^^^^^^^^^^^^^^^^^^^^^^^^^^^^^^^^^^^^^^^^^^^
  File "/home/krokviak/.local/lib/python3.12/site-packages/scrapy_playwright/handler.py", line 528, in _download_request_with_page
    await self._apply_page_methods(page, request, spider)
  File "/home/krokviak/.local/lib/python3.12/site-packages/scrapy_playwright/handler.py", line 678, in _apply_page_methods
    pm.result = await _maybe_await(method(*pm.args, **pm.kwargs))
                ^^^^^^^^^^^^^^^^^^^^^^^^^^^^^^^^^^^^^^^^^^^^^^^^^
  File "/home/krokviak/.local/lib/python3.12/site-packages/scrapy_playwright/_utils.py", line 23, in _maybe_await
    return await obj
           ^^^^^^^^^
  File "/home/krokviak/.local/lib/python3.12/site-packages/playwright/async_api/_generated.py", line 8234, in wait_for_selector
    await self._impl_obj.wait_for_selector(
  File "/home/krokviak/.local/lib/python3.12/site-packages/playwright/_impl/_page.py", line 419, in wait_for_selector
    return await self._main_frame.wait_for_selector(**locals_to_params(locals()))
           ^^^^^^^^^^^^^^^^^^^^^^^^^^^^^^^^^^^^^^^^^^^^^^^^^^^^^^^^^^^^^^^^^^^^^^
  File "/home/krokviak/.local/lib/python3.12/site-packages/playwright/_impl/_frame.py", line 369, in wait_for_selector
    await self._channel.send(
  File "/home/krokviak/.local/lib/python3.12/site-packages/playwright/_impl/_connection.py", line 69, in send
    return await self._connection.wrap_api_call(
           ^^^^^^^^^^^^^^^^^^^^^^^^^^^^^^^^^^^^^
  File "/home/krokviak/.local/lib/python3.12/site-packages/playwright/_impl/_connection.py", line 559, in wrap_api_call
    raise rewrite_error(error, f"{parsed_st['apiName']}: {error}") from None
playwright._impl._errors.TimeoutError: Page.wait_for_selector: Timeout 15000ms exceeded.
Call log:
  - waiting for locator("a[href*='/product/']") to be visible

2026-03-17 22:39:29 [kaufland_products] WARNING: Request failed: https://www.kaufland.cz/s/?search_value=smetana: Page.wait_for_selector: Timeout 15000ms exceeded.
Call log:
  - waiting for locator("a[href*='/product/']") to be visible

2026-03-17 22:39:31 [kaufland_products] INFO: [mascarpone] page 1: found 8 product links
2026-03-17 22:39:31 [scrapy-playwright] WARNING: Closing page due to failed request: <GET https://www.kaufland.cz/s/?search_value=kef%C3%ADr> exc_type=<class 'playwright._impl._errors.TimeoutError'> exc_msg=Page.wait_for_selector: Timeout 15000ms exceeded.
Call log:
  - waiting for locator("a[href*='/product/']") to be visible
Traceback (most recent call last):
  File "/home/krokviak/.local/lib/python3.12/site-packages/scrapy_playwright/handler.py", line 480, in _download_request_with_retry
    return await self._download_request_with_page(request, page, spider)
           ^^^^^^^^^^^^^^^^^^^^^^^^^^^^^^^^^^^^^^^^^^^^^^^^^^^^^^^^^^^^^
  File "/home/krokviak/.local/lib/python3.12/site-packages/scrapy_playwright/handler.py", line 528, in _download_request_with_page
    await self._apply_page_methods(page, request, spider)
  File "/home/krokviak/.local/lib/python3.12/site-packages/scrapy_playwright/handler.py", line 678, in _apply_page_methods
    pm.result = await _maybe_await(method(*pm.args, **pm.kwargs))
                ^^^^^^^^^^^^^^^^^^^^^^^^^^^^^^^^^^^^^^^^^^^^^^^^^
  File "/home/krokviak/.local/lib/python3.12/site-packages/scrapy_playwright/_utils.py", line 23, in _maybe_await
    return await obj
           ^^^^^^^^^
  File "/home/krokviak/.local/lib/python3.12/site-packages/playwright/async_api/_generated.py", line 8234, in wait_for_selector
    await self._impl_obj.wait_for_selector(
  File "/home/krokviak/.local/lib/python3.12/site-packages/playwright/_impl/_page.py", line 419, in wait_for_selector
    return await self._main_frame.wait_for_selector(**locals_to_params(locals()))
           ^^^^^^^^^^^^^^^^^^^^^^^^^^^^^^^^^^^^^^^^^^^^^^^^^^^^^^^^^^^^^^^^^^^^^^
  File "/home/krokviak/.local/lib/python3.12/site-packages/playwright/_impl/_frame.py", line 369, in wait_for_selector
    await self._channel.send(
  File "/home/krokviak/.local/lib/python3.12/site-packages/playwright/_impl/_connection.py", line 69, in send
    return await self._connection.wrap_api_call(
           ^^^^^^^^^^^^^^^^^^^^^^^^^^^^^^^^^^^^^
  File "/home/krokviak/.local/lib/python3.12/site-packages/playwright/_impl/_connection.py", line 559, in wrap_api_call
    raise rewrite_error(error, f"{parsed_st['apiName']}: {error}") from None
playwright._impl._errors.TimeoutError: Page.wait_for_selector: Timeout 15000ms exceeded.
Call log:
  - waiting for locator("a[href*='/product/']") to be visible

2026-03-17 22:39:31 [kaufland_products] WARNING: Request failed: https://www.kaufland.cz/s/?search_value=kef%C3%ADr: Page.wait_for_selector: Timeout 15000ms exceeded.
Call log:
  - waiting for locator("a[href*='/product/']") to be visible

2026-03-17 22:39:33 [kaufland_products] INFO: [cottage] page 2: found 7 product links
2026-03-17 22:39:37 [scrapy.extensions.logstats] INFO: Crawled 278 pages (at 8 pages/min), scraped 257 items (at 5 items/min)
2026-03-17 22:39:39 [kaufland_products] INFO: Scraped: MuchoWow® Zahradní plakáty - Průhledné - Slunečnic | EAN=7450122315514 | kcal=0.0
2026-03-17 22:39:39 [kaufland_products] WARNING: No nutrition data for: MuchoWow® Zahradní plakáty - Průhledné - Slunečnice - Květiny - Slunce - 80x60 cm - Zahradní dekorace
2026-03-17 22:39:47 [kaufland_products] INFO: Scraped: Smoby zahradní domek na hraní Pretty House - tyrky | EAN=3032168107236 | kcal=0.0
2026-03-17 22:39:47 [kaufland_products] WARNING: No nutrition data for: Smoby zahradní domek na hraní Pretty House - tyrkysová a zelená, 98 x 110 x 127 cm
2026-03-17 22:39:52 [scrapy-playwright] WARNING: Closing page due to failed request: <GET https://www.kaufland.cz/s/?search_value=mascarpone&page=2> exc_type=<class 'playwright._impl._errors.TimeoutError'> exc_msg=Page.wait_for_selector: Timeout 15000ms exceeded.
Call log:
  - waiting for locator("a[href*='/product/']") to be visible
Traceback (most recent call last):
  File "/home/krokviak/.local/lib/python3.12/site-packages/scrapy_playwright/handler.py", line 480, in _download_request_with_retry
    return await self._download_request_with_page(request, page, spider)
           ^^^^^^^^^^^^^^^^^^^^^^^^^^^^^^^^^^^^^^^^^^^^^^^^^^^^^^^^^^^^^
  File "/home/krokviak/.local/lib/python3.12/site-packages/scrapy_playwright/handler.py", line 528, in _download_request_with_page
    await self._apply_page_methods(page, request, spider)
  File "/home/krokviak/.local/lib/python3.12/site-packages/scrapy_playwright/handler.py", line 678, in _apply_page_methods
    pm.result = await _maybe_await(method(*pm.args, **pm.kwargs))
                ^^^^^^^^^^^^^^^^^^^^^^^^^^^^^^^^^^^^^^^^^^^^^^^^^
  File "/home/krokviak/.local/lib/python3.12/site-packages/scrapy_playwright/_utils.py", line 23, in _maybe_await
    return await obj
           ^^^^^^^^^
  File "/home/krokviak/.local/lib/python3.12/site-packages/playwright/async_api/_generated.py", line 8234, in wait_for_selector
    await self._impl_obj.wait_for_selector(
  File "/home/krokviak/.local/lib/python3.12/site-packages/playwright/_impl/_page.py", line 419, in wait_for_selector
    return await self._main_frame.wait_for_selector(**locals_to_params(locals()))
           ^^^^^^^^^^^^^^^^^^^^^^^^^^^^^^^^^^^^^^^^^^^^^^^^^^^^^^^^^^^^^^^^^^^^^^
  File "/home/krokviak/.local/lib/python3.12/site-packages/playwright/_impl/_frame.py", line 369, in wait_for_selector
    await self._channel.send(
  File "/home/krokviak/.local/lib/python3.12/site-packages/playwright/_impl/_connection.py", line 69, in send
    return await self._connection.wrap_api_call(
           ^^^^^^^^^^^^^^^^^^^^^^^^^^^^^^^^^^^^^
  File "/home/krokviak/.local/lib/python3.12/site-packages/playwright/_impl/_connection.py", line 559, in wrap_api_call
    raise rewrite_error(error, f"{parsed_st['apiName']}: {error}") from None
playwright._impl._errors.TimeoutError: Page.wait_for_selector: Timeout 15000ms exceeded.
Call log:
  - waiting for locator("a[href*='/product/']") to be visible

2026-03-17 22:39:53 [kaufland_products] WARNING: Request failed: https://www.kaufland.cz/s/?search_value=mascarpone&page=2: Page.wait_for_selector: Timeout 15000ms exceeded.
Call log:
  - waiting for locator("a[href*='/product/']") to be visible

2026-03-17 22:39:55 [kaufland_products] INFO: Scraped: Cottage Hydratační a vyhlazující tělové mléko Smoo | EAN=3141389959316 | kcal=0.0
2026-03-17 22:39:55 [kaufland_products] WARNING: No nutrition data for: Cottage Hydratační a vyhlazující tělové mléko Smoothie Maracuya 200ml
2026-03-17 22:39:57 [scrapy-playwright] WARNING: Closing page due to failed request: <GET https://www.kaufland.cz/s/?search_value=cottage&page=3> exc_type=<class 'playwright._impl._errors.TimeoutError'> exc_msg=Page.wait_for_selector: Timeout 15000ms exceeded.
Call log:
  - waiting for locator("a[href*='/product/']") to be visible
Traceback (most recent call last):
  File "/home/krokviak/.local/lib/python3.12/site-packages/scrapy_playwright/handler.py", line 480, in _download_request_with_retry
    return await self._download_request_with_page(request, page, spider)
           ^^^^^^^^^^^^^^^^^^^^^^^^^^^^^^^^^^^^^^^^^^^^^^^^^^^^^^^^^^^^^
  File "/home/krokviak/.local/lib/python3.12/site-packages/scrapy_playwright/handler.py", line 528, in _download_request_with_page
    await self._apply_page_methods(page, request, spider)
  File "/home/krokviak/.local/lib/python3.12/site-packages/scrapy_playwright/handler.py", line 678, in _apply_page_methods
    pm.result = await _maybe_await(method(*pm.args, **pm.kwargs))
                ^^^^^^^^^^^^^^^^^^^^^^^^^^^^^^^^^^^^^^^^^^^^^^^^^
  File "/home/krokviak/.local/lib/python3.12/site-packages/scrapy_playwright/_utils.py", line 23, in _maybe_await
    return await obj
           ^^^^^^^^^
  File "/home/krokviak/.local/lib/python3.12/site-packages/playwright/async_api/_generated.py", line 8234, in wait_for_selector
    await self._impl_obj.wait_for_selector(
  File "/home/krokviak/.local/lib/python3.12/site-packages/playwright/_impl/_page.py", line 419, in wait_for_selector
    return await self._main_frame.wait_for_selector(**locals_to_params(locals()))
           ^^^^^^^^^^^^^^^^^^^^^^^^^^^^^^^^^^^^^^^^^^^^^^^^^^^^^^^^^^^^^^^^^^^^^^
  File "/home/krokviak/.local/lib/python3.12/site-packages/playwright/_impl/_frame.py", line 369, in wait_for_selector
    await self._channel.send(
  File "/home/krokviak/.local/lib/python3.12/site-packages/playwright/_impl/_connection.py", line 69, in send
    return await self._connection.wrap_api_call(
           ^^^^^^^^^^^^^^^^^^^^^^^^^^^^^^^^^^^^^
  File "/home/krokviak/.local/lib/python3.12/site-packages/playwright/_impl/_connection.py", line 559, in wrap_api_call
    raise rewrite_error(error, f"{parsed_st['apiName']}: {error}") from None
playwright._impl._errors.TimeoutError: Page.wait_for_selector: Timeout 15000ms exceeded.
Call log:
  - waiting for locator("a[href*='/product/']") to be visible

2026-03-17 22:39:57 [kaufland_products] WARNING: Request failed: https://www.kaufland.cz/s/?search_value=cottage&page=3: Page.wait_for_selector: Timeout 15000ms exceeded.
Call log:
  - waiting for locator("a[href*='/product/']") to be visible

2026-03-17 22:40:02 [kaufland_products] INFO: Scraped: MuchoWow® Zahradní plakáty - Ilustrace včely - 50x | EAN=7447948727720 | kcal=0.0
2026-03-17 22:40:02 [kaufland_products] WARNING: No nutrition data for: MuchoWow® Zahradní plakáty - Ilustrace včely - 50x50 cm - Zahradní dekorace
2026-03-17 22:40:05 [kaufland_products] INFO: Scraped: Frischli hruškový a kdoulový mascarpone krém lahod | EAN=4045500025661 | kcal=129.0
2026-03-17 22:40:07 [kaufland_products] INFO: Scraped: Frischli Tiramisu krém zaručuje maximální bezpečno | EAN=4045500011626 | kcal=250.0
2026-03-17 22:40:09 [kaufland_products] INFO: Scraped: Ravensburger Puzzle 1000T. Romantická chata | EAN=4005556151844 | kcal=0.0
2026-03-17 22:40:09 [kaufland_products] WARNING: No nutrition data for: Ravensburger Puzzle 1000T. Romantická chata
2026-03-17 22:40:14 [kaufland_products] INFO: Scraped: Lechuza Samozavlažovací závěsný květináč Nido Cott | EAN=4008789151933 | kcal=0.0
2026-03-17 22:40:14 [kaufland_products] WARNING: No nutrition data for: Lechuza Samozavlažovací závěsný květináč Nido Cottage 28 cm, antracitová
2026-03-17 22:40:17 [kaufland_products] INFO: Scraped: Villeroy & Boch New Cottage Basic Teapot 6 Pers. 1 | EAN=4003686244276 | kcal=0.0
2026-03-17 22:40:17 [kaufland_products] WARNING: No nutrition data for: Villeroy & Boch New Cottage Basic Teapot 6 Pers. 1,20l 1034600460
2026-03-17 22:40:20 [kaufland_products] INFO: Scraped: Villeroy & Boch New Cottage Basic snídaňový podšál | EAN=4003683454975 | kcal=0.0
2026-03-17 22:40:20 [kaufland_products] WARNING: No nutrition data for: Villeroy & Boch New Cottage Basic snídaňový podšálek / šálek na cappuccino 19 cm
2026-03-17 22:40:23 [kaufland_products] INFO: Scraped: Lechuza Samozavlažovací truhlík Balconera Color 80 | EAN=4008789156839 | kcal=0.0
2026-03-17 22:40:23 [kaufland_products] WARNING: No nutrition data for: Lechuza Samozavlažovací truhlík Balconera Color 80 cm, antracitová
2026-03-17 22:40:25 [kaufland_products] INFO: Scraped: Lechuza Velkoobjemový truhlík Trio Cottage 129x41x | EAN=4008789150226 | kcal=0.0
2026-03-17 22:40:25 [kaufland_products] WARNING: No nutrition data for: Lechuza Velkoobjemový truhlík Trio Cottage 129x41x44 cm, granitově černá
2026-03-17 22:40:28 [kaufland_products] INFO: Scraped: Cottage Home ložní prádlo 140x200 + 70x90 bavlna | EAN=5904541922836 | kcal=0.0
2026-03-17 22:40:28 [kaufland_products] WARNING: No nutrition data for: Cottage Home ložní prádlo 140x200 + 70x90 bavlna
2026-03-17 22:40:30 [kaufland_products] INFO: Scraped: Lechuza Samozavlažovací truhlík Balconera Cottage  | EAN=4008789156129 | kcal=0.0
2026-03-17 22:40:30 [kaufland_products] WARNING: No nutrition data for: Lechuza Samozavlažovací truhlík Balconera Cottage 80 cm, antracitová
2026-03-17 22:40:35 [kaufland_products] INFO: Scraped: Cottage Home Bavlněné povlečení Dektana | EAN=5904541922959 | kcal=0.0
2026-03-17 22:40:35 [kaufland_products] WARNING: No nutrition data for: Cottage Home Bavlněné povlečení Dektana
2026-03-17 22:40:37 [scrapy.extensions.logstats] INFO: Crawled 293 pages (at 15 pages/min), scraped 272 items (at 15 items/min)
2026-03-17 22:40:38 [kaufland_products] INFO: Scraped: Lechuza Plastové držáky pro zavěšení truhlíku Balc | EAN=4008789190338 | kcal=0.0
2026-03-17 22:40:38 [kaufland_products] WARNING: No nutrition data for: Lechuza Plastové držáky pro zavěšení truhlíku Balconera (2ks), černá
2026-03-17 22:40:40 [kaufland_products] INFO: Scraped: Lechuza Samozavlažovací květináč Cube Cottage 40 c | EAN=4008789153852 | kcal=0.0
2026-03-17 22:40:40 [kaufland_products] WARNING: No nutrition data for: Lechuza Samozavlažovací květináč Cube Cottage 40 cm, hnědá (mokka)
2026-03-17 22:40:44 [kaufland_products] INFO: Scraped: Lechuza Samozavlažovací truhlík Balconera Cottage  | EAN=4008789156006 | kcal=0.0
2026-03-17 22:40:44 [kaufland_products] WARNING: No nutrition data for: Lechuza Samozavlažovací truhlík Balconera Cottage 50 cm, bílá
2026-03-17 22:40:47 [kaufland_products] INFO: Scraped: Lechuza Samozavlažovací květináč Cube Cottage 50 c | EAN=4008789153951 | kcal=0.0
2026-03-17 22:40:47 [kaufland_products] WARNING: No nutrition data for: Lechuza Samozavlažovací květináč Cube Cottage 50 cm, hnědá (mokka)
2026-03-17 22:40:50 [kaufland_products] INFO: Scraped: BELIANI Houpací křeslo béžové polyesterové čalouně | EAN=4255664857842 | kcal=0.0
2026-03-17 22:40:50 [kaufland_products] WARNING: No nutrition data for: BELIANI Houpací křeslo béžové polyesterové čalounění dřevěné nohy moderní prošívání obývací pokoj
2026-03-17 22:40:52 [kaufland_products] INFO: Scraped: BELIANI Houpací křeslo žluté polyesterové čalouněn | EAN=4255664820297 | kcal=0.0
2026-03-17 22:40:52 [kaufland_products] WARNING: No nutrition data for: BELIANI Houpací křeslo žluté polyesterové čalounění dřevěné nohy moderní prošívání obývací pokoj
2026-03-17 22:40:56 [kaufland_products] INFO: Scraped: Lechuza Samozavlažovací truhlík Balconera Cottage  | EAN=4008789159120 | kcal=0.0
2026-03-17 22:40:56 [kaufland_products] WARNING: No nutrition data for: Lechuza Samozavlažovací truhlík Balconera Cottage 100 cm, hnědá (mokka)
2026-03-17 22:40:58 [kaufland_products] INFO: Scraped: Lechuza Samozavlažovací květináč Cube Cottage 40 c | EAN=4008789153807 | kcal=0.0
2026-03-17 22:40:58 [kaufland_products] WARNING: No nutrition data for: Lechuza Samozavlažovací květináč Cube Cottage 40 cm, bílá
2026-03-17 22:41:00 [kaufland_products] INFO: Scraped: Lechuza Samozavlažovací květináč Cube Cottage 50 c | EAN=4008789153920 | kcal=0.0
2026-03-17 22:41:00 [kaufland_products] WARNING: No nutrition data for: Lechuza Samozavlažovací květináč Cube Cottage 50 cm, antracitová
2026-03-17 22:41:05 [kaufland_products] INFO: Scraped: Lechuza Samozavlažovací truhlík Balconera Cottage  | EAN=4008789156051 | kcal=0.0
2026-03-17 22:41:05 [kaufland_products] WARNING: No nutrition data for: Lechuza Samozavlažovací truhlík Balconera Cottage 50 cm, hnědá (mokka)
2026-03-17 22:41:07 [kaufland_products] INFO: Scraped: Villeroy & Boch New Cottage Basic Suppenteller 23  | EAN=4003683455743 | kcal=0.0
2026-03-17 22:41:07 [kaufland_products] WARNING: No nutrition data for: Villeroy & Boch New Cottage Basic Suppenteller 23 cm
2026-03-17 22:41:10 [kaufland_products] INFO: Scraped: Villeroy & Boch Snídaňový talíř New Cottage Basic  | EAN=4003683455736 | kcal=0.0
2026-03-17 22:41:10 [kaufland_products] WARNING: No nutrition data for: Villeroy & Boch Snídaňový talíř New Cottage Basic - ø 21 cm
2026-03-17 22:41:14 [kaufland_products] INFO: [mozzarella] page 1: found 25 product links
2026-03-17 22:41:16 [kaufland_products] INFO: [parmazán] page 1: found 14 product links
2026-03-17 22:41:18 [kaufland_products] INFO: [eidam] page 1: found 7 product links
2026-03-17 22:41:26 [kaufland_products] INFO: [parmazán] page 2: found 11 product links
2026-03-17 22:41:29 [kaufland_products] INFO: [eidam] page 2: found 12 product links
2026-03-17 22:41:31 [kaufland_products] INFO: [parmazán] page 3: found 3 product links
2026-03-17 22:41:33 [kaufland_products] INFO: [eidam] page 3: found 9 product links
2026-03-17 22:41:35 [scrapy-playwright] WARNING: Closing page due to failed request: <GET https://www.kaufland.cz/s/?search_value=gouda> exc_type=<class 'playwright._impl._errors.TimeoutError'> exc_msg=Page.wait_for_selector: Timeout 15000ms exceeded.
Call log:
  - waiting for locator("a[href*='/product/']") to be visible
Traceback (most recent call last):
  File "/home/krokviak/.local/lib/python3.12/site-packages/scrapy_playwright/handler.py", line 480, in _download_request_with_retry
    return await self._download_request_with_page(request, page, spider)
           ^^^^^^^^^^^^^^^^^^^^^^^^^^^^^^^^^^^^^^^^^^^^^^^^^^^^^^^^^^^^^
  File "/home/krokviak/.local/lib/python3.12/site-packages/scrapy_playwright/handler.py", line 528, in _download_request_with_page
    await self._apply_page_methods(page, request, spider)
  File "/home/krokviak/.local/lib/python3.12/site-packages/scrapy_playwright/handler.py", line 678, in _apply_page_methods
    pm.result = await _maybe_await(method(*pm.args, **pm.kwargs))
                ^^^^^^^^^^^^^^^^^^^^^^^^^^^^^^^^^^^^^^^^^^^^^^^^^
  File "/home/krokviak/.local/lib/python3.12/site-packages/scrapy_playwright/_utils.py", line 23, in _maybe_await
    return await obj
           ^^^^^^^^^
  File "/home/krokviak/.local/lib/python3.12/site-packages/playwright/async_api/_generated.py", line 8234, in wait_for_selector
    await self._impl_obj.wait_for_selector(
  File "/home/krokviak/.local/lib/python3.12/site-packages/playwright/_impl/_page.py", line 419, in wait_for_selector
    return await self._main_frame.wait_for_selector(**locals_to_params(locals()))
           ^^^^^^^^^^^^^^^^^^^^^^^^^^^^^^^^^^^^^^^^^^^^^^^^^^^^^^^^^^^^^^^^^^^^^^
  File "/home/krokviak/.local/lib/python3.12/site-packages/playwright/_impl/_frame.py", line 369, in wait_for_selector
    await self._channel.send(
  File "/home/krokviak/.local/lib/python3.12/site-packages/playwright/_impl/_connection.py", line 69, in send
    return await self._connection.wrap_api_call(
           ^^^^^^^^^^^^^^^^^^^^^^^^^^^^^^^^^^^^^
  File "/home/krokviak/.local/lib/python3.12/site-packages/playwright/_impl/_connection.py", line 559, in wrap_api_call
    raise rewrite_error(error, f"{parsed_st['apiName']}: {error}") from None
playwright._impl._errors.TimeoutError: Page.wait_for_selector: Timeout 15000ms exceeded.
Call log:
  - waiting for locator("a[href*='/product/']") to be visible

2026-03-17 22:41:36 [kaufland_products] WARNING: Request failed: https://www.kaufland.cz/s/?search_value=gouda: Page.wait_for_selector: Timeout 15000ms exceeded.
Call log:
  - waiting for locator("a[href*='/product/']") to be visible

2026-03-17 22:41:37 [scrapy.extensions.logstats] INFO: Crawled 312 pages (at 19 pages/min), scraped 284 items (at 12 items/min)
2026-03-17 22:41:37 [scrapy-playwright] WARNING: Closing page due to failed request: <GET https://www.kaufland.cz/s/?search_value=mozzarella&page=2> exc_type=<class 'playwright._impl._errors.TimeoutError'> exc_msg=Page.wait_for_selector: Timeout 15000ms exceeded.
Call log:
  - waiting for locator("a[href*='/product/']") to be visible
Traceback (most recent call last):
  File "/home/krokviak/.local/lib/python3.12/site-packages/scrapy_playwright/handler.py", line 480, in _download_request_with_retry
    return await self._download_request_with_page(request, page, spider)
           ^^^^^^^^^^^^^^^^^^^^^^^^^^^^^^^^^^^^^^^^^^^^^^^^^^^^^^^^^^^^^
  File "/home/krokviak/.local/lib/python3.12/site-packages/scrapy_playwright/handler.py", line 528, in _download_request_with_page
    await self._apply_page_methods(page, request, spider)
  File "/home/krokviak/.local/lib/python3.12/site-packages/scrapy_playwright/handler.py", line 678, in _apply_page_methods
    pm.result = await _maybe_await(method(*pm.args, **pm.kwargs))
                ^^^^^^^^^^^^^^^^^^^^^^^^^^^^^^^^^^^^^^^^^^^^^^^^^
  File "/home/krokviak/.local/lib/python3.12/site-packages/scrapy_playwright/_utils.py", line 23, in _maybe_await
    return await obj
           ^^^^^^^^^
  File "/home/krokviak/.local/lib/python3.12/site-packages/playwright/async_api/_generated.py", line 8234, in wait_for_selector
    await self._impl_obj.wait_for_selector(
  File "/home/krokviak/.local/lib/python3.12/site-packages/playwright/_impl/_page.py", line 419, in wait_for_selector
    return await self._main_frame.wait_for_selector(**locals_to_params(locals()))
           ^^^^^^^^^^^^^^^^^^^^^^^^^^^^^^^^^^^^^^^^^^^^^^^^^^^^^^^^^^^^^^^^^^^^^^
  File "/home/krokviak/.local/lib/python3.12/site-packages/playwright/_impl/_frame.py", line 369, in wait_for_selector
    await self._channel.send(
  File "/home/krokviak/.local/lib/python3.12/site-packages/playwright/_impl/_connection.py", line 69, in send
    return await self._connection.wrap_api_call(
           ^^^^^^^^^^^^^^^^^^^^^^^^^^^^^^^^^^^^^
  File "/home/krokviak/.local/lib/python3.12/site-packages/playwright/_impl/_connection.py", line 559, in wrap_api_call
    raise rewrite_error(error, f"{parsed_st['apiName']}: {error}") from None
playwright._impl._errors.TimeoutError: Page.wait_for_selector: Timeout 15000ms exceeded.
Call log:
  - waiting for locator("a[href*='/product/']") to be visible

2026-03-17 22:41:38 [kaufland_products] WARNING: Request failed: https://www.kaufland.cz/s/?search_value=mozzarella&page=2: Page.wait_for_selector: Timeout 15000ms exceeded.
Call log:
  - waiting for locator("a[href*='/product/']") to be visible

2026-03-17 22:41:38 [kaufland_products] INFO: [eidam] page 4: found 12 product links
2026-03-17 22:41:41 [kaufland_products] INFO: Scraped: Dřevěný narozeninový dort s kompletní sadou 48 dop | EAN=5902802917263 | kcal=0.0
2026-03-17 22:41:41 [kaufland_products] WARNING: No nutrition data for: Dřevěný narozeninový dort s kompletní sadou 48 doplňků
2026-03-17 22:41:43 [kaufland_products] INFO: Scraped: Aga4Kids Dětský výrobník na zmrzlinu | EAN=8596406056373 | kcal=0.0
2026-03-17 22:41:43 [kaufland_products] WARNING: No nutrition data for: Aga4Kids Dětský výrobník na zmrzlinu
2026-03-17 22:41:46 [kaufland_products] INFO: [eidam] page 5: found 11 product links
2026-03-17 22:41:50 [scrapy-playwright] WARNING: Closing page due to failed request: <GET https://www.kaufland.cz/s/?search_value=parmaz%C3%A1n&page=4> exc_type=<class 'playwright._impl._errors.TimeoutError'> exc_msg=Page.wait_for_selector: Timeout 15000ms exceeded.
Call log:
  - waiting for locator("a[href*='/product/']") to be visible
Traceback (most recent call last):
  File "/home/krokviak/.local/lib/python3.12/site-packages/scrapy_playwright/handler.py", line 480, in _download_request_with_retry
    return await self._download_request_with_page(request, page, spider)
           ^^^^^^^^^^^^^^^^^^^^^^^^^^^^^^^^^^^^^^^^^^^^^^^^^^^^^^^^^^^^^
  File "/home/krokviak/.local/lib/python3.12/site-packages/scrapy_playwright/handler.py", line 528, in _download_request_with_page
    await self._apply_page_methods(page, request, spider)
  File "/home/krokviak/.local/lib/python3.12/site-packages/scrapy_playwright/handler.py", line 678, in _apply_page_methods
    pm.result = await _maybe_await(method(*pm.args, **pm.kwargs))
                ^^^^^^^^^^^^^^^^^^^^^^^^^^^^^^^^^^^^^^^^^^^^^^^^^
  File "/home/krokviak/.local/lib/python3.12/site-packages/scrapy_playwright/_utils.py", line 23, in _maybe_await
    return await obj
           ^^^^^^^^^
  File "/home/krokviak/.local/lib/python3.12/site-packages/playwright/async_api/_generated.py", line 8234, in wait_for_selector
    await self._impl_obj.wait_for_selector(
  File "/home/krokviak/.local/lib/python3.12/site-packages/playwright/_impl/_page.py", line 419, in wait_for_selector
    return await self._main_frame.wait_for_selector(**locals_to_params(locals()))
           ^^^^^^^^^^^^^^^^^^^^^^^^^^^^^^^^^^^^^^^^^^^^^^^^^^^^^^^^^^^^^^^^^^^^^^
  File "/home/krokviak/.local/lib/python3.12/site-packages/playwright/_impl/_frame.py", line 369, in wait_for_selector
    await self._channel.send(
  File "/home/krokviak/.local/lib/python3.12/site-packages/playwright/_impl/_connection.py", line 69, in send
    return await self._connection.wrap_api_call(
           ^^^^^^^^^^^^^^^^^^^^^^^^^^^^^^^^^^^^^
  File "/home/krokviak/.local/lib/python3.12/site-packages/playwright/_impl/_connection.py", line 559, in wrap_api_call
    raise rewrite_error(error, f"{parsed_st['apiName']}: {error}") from None
playwright._impl._errors.TimeoutError: Page.wait_for_selector: Timeout 15000ms exceeded.
Call log:
  - waiting for locator("a[href*='/product/']") to be visible

2026-03-17 22:41:50 [kaufland_products] WARNING: Request failed: https://www.kaufland.cz/s/?search_value=parmaz%C3%A1n&page=4: Page.wait_for_selector: Timeout 15000ms exceeded.
Call log:
  - waiting for locator("a[href*='/product/']") to be visible

2026-03-17 22:41:50 [kaufland_products] INFO: Scraped: Sendvičová souprava ze dřeva | EAN=0000772105132 772105132 000772105132 | kcal=0.0
2026-03-17 22:41:50 [kaufland_products] WARNING: No nutrition data for: Sendvičová souprava ze dřeva
2026-03-17 22:41:53 [kaufland_products] INFO: Scraped: small foot Stojan na zmrzliny | EAN=4020972052612 | kcal=0.0
2026-03-17 22:41:53 [kaufland_products] WARNING: No nutrition data for: small foot Stojan na zmrzliny
2026-03-17 22:41:56 [kaufland_products] INFO: Scraped: Tanner 0948.4, Kuchyň a jídlo, 3 rok/roky | EAN=4007464009484 | kcal=0.0
2026-03-17 22:41:56 [kaufland_products] WARNING: No nutrition data for: Tanner 0948.4, Kuchyň a jídlo, 3 rok/roky
2026-03-17 22:41:58 [kaufland_products] INFO: Scraped: Erzi 28135, Kuchyň a jídlo, 3 rok/roky | EAN=4014722281353 | kcal=0.0
2026-03-17 22:41:58 [kaufland_products] WARNING: No nutrition data for: Erzi 28135, Kuchyň a jídlo, 3 rok/roky
2026-03-17 22:42:00 [kaufland_products] INFO: Scraped: howa háčkování ovoce 7 kusů 4888 | EAN=4027914048887 | kcal=0.0
2026-03-17 22:42:00 [kaufland_products] WARNING: No nutrition data for: howa háčkování ovoce 7 kusů 4888
2026-03-17 22:42:06 [kaufland_products] INFO: Scraped: Hrajte vejce vyjímatelné dřevěné žloutky | EAN=5903039761964 | kcal=0.0
2026-03-17 22:42:06 [kaufland_products] WARNING: No nutrition data for: Hrajte vejce vyjímatelné dřevěné žloutky
2026-03-17 22:42:08 [kaufland_products] INFO: Scraped: Paula's Minis dřevěné hrací záplaty na obchod s po | EAN=4007464009927 | kcal=0.0
2026-03-17 22:42:08 [kaufland_products] WARNING: No nutrition data for: Paula's Minis dřevěné hrací záplaty na obchod s potravinami pro krávy
2026-03-17 22:42:11 [kaufland_products] INFO: Scraped: Erzi 28241, Kuchyň a jídlo, 3 rok/roky | EAN=4014722282411 | kcal=0.0
2026-03-17 22:42:11 [kaufland_products] WARNING: No nutrition data for: Erzi 28241, Kuchyň a jídlo, 3 rok/roky
2026-03-17 22:42:14 [kaufland_products] INFO: Scraped: Dřevěný narozeninový dort Jouéco | EAN=8711866801213 | kcal=0.0
2026-03-17 22:42:14 [kaufland_products] WARNING: No nutrition data for: Dřevěný narozeninový dort Jouéco
2026-03-17 22:42:17 [kaufland_products] INFO: Scraped: Dřevěná sada na pizzu příslušenství pro dětskou ku | EAN=5900779946040 | kcal=0.0
2026-03-17 22:42:17 [kaufland_products] WARNING: No nutrition data for: Dřevěná sada na pizzu příslušenství pro dětskou kuchyňku a obchod Včetně prkénka a kráječe na pizzu 27 kusů 22471
2026-03-17 22:42:19 [kaufland_products] INFO: Scraped: small foot Těstoviny Fresh | EAN=4020972123503 | kcal=0.0
2026-03-17 22:42:19 [kaufland_products] WARNING: No nutrition data for: small foot Těstoviny Fresh
2026-03-17 22:42:21 [kaufland_products] INFO: Scraped: Pizzerie Melissa & Doug | EAN=772094658 0000772094658 000772094658 | kcal=0.0
2026-03-17 22:42:21 [kaufland_products] WARNING: No nutrition data for: Pizzerie Melissa & Doug
2026-03-17 22:42:26 [kaufland_products] INFO: Scraped: Hape Set Salata Sanatoasa | EAN=6943478030848 | kcal=0.0
2026-03-17 22:42:26 [kaufland_products] WARNING: No nutrition data for: Hape Set Salata Sanatoasa
2026-03-17 22:42:29 [kaufland_products] INFO: Scraped: Vilac Čajová sada Musical Michelle Carlslund | EAN=3048700085047 | kcal=0.0
2026-03-17 22:42:29 [kaufland_products] WARNING: No nutrition data for: Vilac Čajová sada Musical Michelle Carlslund
2026-03-17 22:42:32 [kaufland_products] INFO: Scraped: Tg50033 Dřevěná Skládačka Na Krájení Pizzy Přísluš | EAN=5900291032146 | kcal=0.0
2026-03-17 22:42:32 [kaufland_products] WARNING: No nutrition data for: Tg50033 Dřevěná Skládačka Na Krájení Pizzy Příslušenství K Nožům Na Suchý Zip
2026-03-17 22:42:34 [kaufland_products] INFO: Scraped: Kaufladen Hipp Set aus Holz | EAN=4007464009958 | kcal=0.0
2026-03-17 22:42:34 [kaufland_products] WARNING: No nutrition data for: Kaufladen Hipp Set aus Holz
2026-03-17 22:42:37 [scrapy.extensions.logstats] INFO: Crawled 332 pages (at 20 pages/min), scraped 302 items (at 18 items/min)
2026-03-17 22:42:37 [kaufland_products] INFO: Scraped: Narozeninový dort, skládací | EAN=6943478034907 | kcal=0.0
2026-03-17 22:42:37 [kaufland_products] WARNING: No nutrition data for: Narozeninový dort, skládací
2026-03-17 22:42:40 [kaufland_products] INFO: Scraped: UMU® Dřevěná sada na krájení ovoce - kuchyňská hra | EAN=8594205581010 | kcal=0.0
2026-03-17 22:42:40 [kaufland_products] WARNING: No nutrition data for: UMU® Dřevěná sada na krájení ovoce - kuchyňská hračka s potravinami na krájení pro děti 2, 3, 4, 5 let
2026-03-17 22:42:44 [kaufland_products] INFO: Scraped: Dřevěné topinkovače Goki, 10 ks. | EAN=4013594515078 | kcal=0.0
2026-03-17 22:42:44 [kaufland_products] WARNING: No nutrition data for: Dřevěné topinkovače Goki, 10 ks.
2026-03-17 22:42:47 [kaufland_products] INFO: Scraped: Dětský dřevěný čajový set Montessori Baby Mix | EAN=8596164166789 | kcal=0.0
2026-03-17 22:42:47 [kaufland_products] WARNING: No nutrition data for: Dětský dřevěný čajový set Montessori Baby Mix
2026-03-17 22:42:49 [kaufland_products] INFO: Scraped: KIK KX9745 Dětský plastový narozeninový dort, růžo | EAN=5901779369976 | kcal=0.0
2026-03-17 22:42:49 [kaufland_products] WARNING: No nutrition data for: KIK KX9745 Dětský plastový narozeninový dort, růžový
2026-03-17 22:42:52 [kaufland_products] INFO: Scraped: KIK KX9746 Dětský plastový narozeninový dort, modr | EAN=5901779369983 | kcal=0.0
2026-03-17 22:42:52 [kaufland_products] WARNING: No nutrition data for: KIK KX9746 Dětský plastový narozeninový dort, modrý
2026-03-17 22:42:55 [kaufland_products] INFO: Scraped: Dřevěná herní sada na pizzu s příslušenstvím | EAN=5903039712904 | kcal=0.0
2026-03-17 22:42:55 [kaufland_products] WARNING: No nutrition data for: Dřevěná herní sada na pizzu s příslušenstvím
2026-03-17 22:42:57 [kaufland_products] INFO: Scraped: ISO 11207 Dřevěná zelenina a ovoce 9 ks | EAN=5902802917133 | kcal=0.0
2026-03-17 22:42:57 [kaufland_products] WARNING: No nutrition data for: ISO 11207 Dřevěná zelenina a ovoce 9 ks
2026-03-17 22:43:02 [kaufland_products] INFO: Scraped: Cukřenka s víčkem + lžička Sklenice na džem Skleni | EAN=4260542962136 | kcal=0.0
2026-03-17 22:43:02 [kaufland_products] WARNING: No nutrition data for: Cukřenka s víčkem + lžička Sklenice na džem Sklenice na koření Sklenice na parmazán
2026-03-17 22:43:05 [kaufland_products] INFO: Scraped: Samolepicí etikety "Koření a bylinky" obsahují 18  | EAN=4022792553188 | kcal=0.0
2026-03-17 22:43:05 [kaufland_products] WARNING: No nutrition data for: Samolepicí etikety "Koření a bylinky" obsahují 18 různých etiket
2026-03-17 22:43:07 [kaufland_products] INFO: Scraped: Green Garden ovoce a zelenina 10ks 36m+ | EAN=5701217047424 | kcal=0.0
2026-03-17 22:43:07 [kaufland_products] WARNING: No nutrition data for: Green Garden ovoce a zelenina 10ks 36m+
2026-03-17 22:43:10 [kaufland_products] INFO: Scraped: BEK Dřevěná škrabka na vajíčka 5ks. | EAN=4018501092048 | kcal=0.0
2026-03-17 22:43:10 [kaufland_products] WARNING: No nutrition data for: BEK Dřevěná škrabka na vajíčka 5ks.
2026-03-17 22:43:13 [kaufland_products] INFO: Scraped: Hape Ding & Pop-up Toaster, Toustova, 2 rok/roky,  | EAN=6943478046917 | kcal=0.0
2026-03-17 22:43:13 [kaufland_products] WARNING: No nutrition data for: Hape Ding & Pop-up Toaster, Toustova, 2 rok/roky, AA
2026-03-17 22:43:16 [kaufland_products] INFO: Scraped: Kuchyňská hračka Krájecí hra Potraviny Krájené ovo | EAN=5900779948174 | kcal=0.0
2026-03-17 22:43:16 [kaufland_products] WARNING: No nutrition data for: Kuchyňská hračka Krájecí hra Potraviny Krájené ovoce a zelenina 22877
2026-03-17 22:43:19 [kaufland_products] INFO: Scraped: Dřevěné ovoce a zelenina na krájení | EAN=5900168935754 | kcal=0.0
2026-03-17 22:43:19 [kaufland_products] WARNING: No nutrition data for: Dřevěné ovoce a zelenina na krájení
2026-03-17 22:43:22 [kaufland_products] INFO: Scraped: Bigjigs Toys Sada čerstvých potravin | EAN=0691621026243 691621026243 | kcal=0.0
2026-03-17 22:43:22 [kaufland_products] WARNING: No nutrition data for: Bigjigs Toys Sada čerstvých potravin
2026-03-17 22:43:27 [kaufland_products] INFO: Scraped: Hračka do kuchyně, 130 kusů plastová hračka na jíd | EAN=6002560600830 | kcal=0.0
2026-03-17 22:43:27 [kaufland_products] WARNING: No nutrition data for: Hračka do kuchyně, 130 kusů plastová hračka na jídlo, ovoce, zelenina, jídlo, kuchyň, dětská vzdělávací hračka, sada hraček do kuchyně, dětská hračka na hraní
2026-03-17 22:43:29 [kaufland_products] INFO: Scraped: Kruzzel Zelenina na krájení v dřevěném kbelíku | EAN=5902802919656 | kcal=0.0
2026-03-17 22:43:29 [kaufland_products] WARNING: No nutrition data for: Kruzzel Zelenina na krájení v dřevěném kbelíku
2026-03-17 22:43:32 [kaufland_products] INFO: Scraped: Realistická hračka topinkovač s pákou + příslušens | EAN=5900779945845 | kcal=0.0
2026-03-17 22:43:32 [kaufland_products] WARNING: No nutrition data for: Realistická hračka topinkovač s pákou + příslušenství k snídani plátky toastu smažená vejce džem sýr nůž servírovací talíř pro batolata Sada 8 kusů ze dřeva 22435
2026-03-17 22:43:34 [kaufland_products] INFO: Scraped: small foot Dřevěný narozeninový ovocný dort | EAN=4020972101679 | kcal=0.0
2026-03-17 22:43:34 [kaufland_products] WARNING: No nutrition data for: small foot Dřevěný narozeninový ovocný dort
2026-03-17 22:43:37 [scrapy.extensions.logstats] INFO: Crawled 352 pages (at 20 pages/min), scraped 322 items (at 20 items/min)
2026-03-17 22:43:37 [kaufland_products] INFO: Scraped: Leifheit 3151, Škrabka ve tvaru Y, Bílá, Plast | EAN=4006501031518 | kcal=0.0
2026-03-17 22:43:37 [kaufland_products] WARNING: No nutrition data for: Leifheit 3151, Škrabka ve tvaru Y, Bílá, Plast
2026-03-17 22:43:40 [kaufland_products] INFO: Scraped: KitchenAid 5KSMFVSFGA Nástavec na mletí 5KSMFGA+ná | EAN=5413184602970 | kcal=0.0
2026-03-17 22:43:40 [kaufland_products] WARNING: No nutrition data for: KitchenAid 5KSMFVSFGA Nástavec na mletí 5KSMFGA+nástavec na čištění 5KSMFVSP
2026-03-17 22:43:42 [kaufland_products] INFO: Scraped: Boska Kráječ na sýr Monaco+ | EAN=8713638036434 | kcal=0.0
2026-03-17 22:43:42 [kaufland_products] WARNING: No nutrition data for: Boska Kráječ na sýr Monaco+
2026-03-17 22:43:48 [kaufland_products] INFO: Scraped: AdHoc GG31 stolní jemné struhadlo na parmazán, koř | EAN=4037571395262 | kcal=0.0
2026-03-17 22:43:48 [kaufland_products] WARNING: No nutrition data for: AdHoc GG31 stolní jemné struhadlo na parmazán, koření, ořechy a mnoho dalšího. CutnServe, nerezová ocel | akáciové dřevo
2026-03-17 22:43:50 [kaufland_products] INFO: Scraped: Struhadlo Microplane Classic 32cm Zester | Výběr b | EAN=98399468235 0098399468235 | kcal=0.0
2026-03-17 22:43:50 [kaufland_products] WARNING: No nutrition data for: Struhadlo Microplane Classic 32cm Zester | Výběr barev skořicový pomeranč : skořicový pomeranč Barva: skořicový pomeranč
2026-03-17 22:43:53 [kaufland_products] INFO: Scraped: GEFU Gourmet-Hobel PRIMELINE mini | EAN=4006664292276 | kcal=0.0
2026-03-17 22:43:53 [kaufland_products] WARNING: No nutrition data for: GEFU Gourmet-Hobel PRIMELINE mini
2026-03-17 22:43:55 [kaufland_products] INFO: Scraped: Struhadlo Microplane Classic 32cm Zester | Výběr b | EAN=98399461274 0098399461274 | kcal=0.0
2026-03-17 22:43:55 [kaufland_products] WARNING: No nutrition data for: Struhadlo Microplane Classic 32cm Zester | Výběr barev červené granátové jablko : červená granátové jablko Barva: červená granátové jablko
2026-03-17 22:43:58 [kaufland_products] INFO: Scraped: Nerezové struhadlo na citron | struhadlo na parmaz | EAN=4260761929637 | kcal=0.0
2026-03-17 22:43:58 [kaufland_products] WARNING: No nutrition data for: Nerezové struhadlo na citron | struhadlo na parmazán [délka - 32,5 cm] | struhadlo na zázvor | multifunkční struhadlo na kůru [barva - černá] - struhadlo na muškátový oříšek | struhadlo na čokoládu, sýr, kokos
2026-03-17 22:44:01 [kaufland_products] INFO: Scraped: WMF 06.4433.6030, Ploché struhadlo, Nerezová ocel, | EAN=4000530546265 | kcal=0.0
2026-03-17 22:44:01 [kaufland_products] WARNING: No nutrition data for: WMF 06.4433.6030, Ploché struhadlo, Nerezová ocel, Nerezová ocel, Nerezová ocel, Nerezová ocel, Čína
2026-03-17 22:44:03 [kaufland_products] INFO: Scraped: GenussReibe keramické struhadlo na zázvor kurkuma  | EAN=730691837776 0730691837776 | kcal=0.0
2026-03-17 22:44:03 [kaufland_products] WARNING: No nutrition data for: GenussReibe keramické struhadlo na zázvor kurkuma muškátový oříšek česnek parmazán struhadlo na brambory
2026-03-17 22:44:08 [kaufland_products] INFO: Scraped: Sada na pizzu Příslušenství ze dřeva pro dětskou k | EAN=5900779934900 | kcal=0.0
2026-03-17 22:44:08 [kaufland_products] WARNING: No nutrition data for: Sada na pizzu Příslušenství ze dřeva pro dětskou kuchyňku a obchod Včetně prkénka a kráječe na pizzu 27 kusů 9354
2026-03-17 22:44:10 [kaufland_products] INFO: Scraped: ECOIFFIER 930, 1,5 rok/roky | EAN=3280250009306 | kcal=0.0
2026-03-17 22:44:10 [kaufland_products] WARNING: No nutrition data for: ECOIFFIER 930, 1,5 rok/roky
2026-03-17 22:44:13 [kaufland_products] INFO: Scraped: Howa řezací sada 'ovoce a zelenina' 4867 | EAN=4027914048672 | kcal=0.0
2026-03-17 22:44:13 [kaufland_products] WARNING: No nutrition data for: Howa řezací sada 'ovoce a zelenina' 4867
2026-03-17 22:44:16 [kaufland_products] INFO: Scraped: Viga Sada na krájení Hamburger a Sendvičovač | EAN=6934510508104 | kcal=0.0
2026-03-17 22:44:16 [kaufland_products] WARNING: No nutrition data for: Viga Sada na krájení Hamburger a Sendvičovač
2026-03-17 22:44:21 [kaufland_products] INFO: Scraped: 42 kusů kuchyňské hračky Potraviny Ovoce Zelenina, | EAN=4502162471415 | kcal=0.0
2026-03-17 22:44:21 [kaufland_products] WARNING: No nutrition data for: 42 kusů kuchyňské hračky Potraviny Ovoce Zelenina, kuchyňská sada Role Play s vařením Klobouk Zástěra Pánev Lžíce Úložný koš Vzdělávací hračka, Dárek pro děti Dívky Chlapci
2026-03-17 22:44:23 [kaufland_products] INFO: Scraped: Zester, kráječ - struhadlo na sýr, struhadlo na pa | EAN=6401902754376 | kcal=0.0
2026-03-17 22:44:23 [kaufland_products] WARNING: No nutrition data for: Zester, kráječ - struhadlo na sýr, struhadlo na parmazán, struhadlo na citron - kuchyňské struhadlo z nerezové oceli s ochranným krytem a silikonovou rukojetí | Černá (sada 2 kusů)
2026-03-17 22:44:26 [kaufland_products] INFO: Scraped: BOSKA Struhadlo na sýr Easy Grater nerez/plast čer | EAN=8713638012148 | kcal=0.0
2026-03-17 22:44:26 [kaufland_products] WARNING: No nutrition data for: BOSKA Struhadlo na sýr Easy Grater nerez/plast černá/inox
2026-03-17 22:44:28 [kaufland_products] INFO: Scraped: KESPER Struhadlo S Nádobou 25 X 62 X 56 cm Bambus/ | EAN=4000270580604 | kcal=0.0
2026-03-17 22:44:28 [kaufland_products] WARNING: No nutrition data for: KESPER Struhadlo S Nádobou 25 X 62 X 56 cm Bambus/Ocel 58060
2026-03-17 22:44:33 [kaufland_products] INFO: Scraped: Kráječ na jemné a vločkové plátky GEFU PARMIGIANO | EAN=4006664346801 | kcal=0.0
2026-03-17 22:44:33 [kaufland_products] WARNING: No nutrition data for: Kráječ na jemné a vločkové plátky GEFU PARMIGIANO
2026-03-17 22:44:34 [kaufland_products] INFO: Scraped: Struhadlo na kůru Microplane Premium, černé | EAN=0098399460208 98399460208 098399460208 | kcal=0.0
2026-03-17 22:44:34 [kaufland_products] WARNING: No nutrition data for: Struhadlo na kůru Microplane Premium, černé
2026-03-17 22:44:37 [scrapy.extensions.logstats] INFO: Crawled 372 pages (at 20 pages/min), scraped 342 items (at 20 items/min)
2026-03-17 22:44:37 [kaufland_products] INFO: Scraped: Deiss PRO struhadlo na sýr - parmezán, citron, záz | EAN=4251969683865 | kcal=0.0
2026-03-17 22:44:37 [kaufland_products] WARNING: No nutrition data for: Deiss PRO struhadlo na sýr - parmezán, citron, zázvor, česnek, muškátový oříšek, čokoláda, zelenina, ovoce - ostré jako břitva, nerezové ostří, široké, vhodné do myčky nádobí Zester
2026-03-17 22:44:40 [kaufland_products] INFO: Scraped: PARMESANFIX Nerezové struhadlo na parmazán Struhad | EAN=6030786008697 | kcal=0.0
2026-03-17 22:44:40 [kaufland_products] WARNING: No nutrition data for: PARMESANFIX Nerezové struhadlo na parmazán Struhadlo na sýr Kuchyňské struhadlo Struhadlo na citron a zázvor
2026-03-17 22:44:44 [kaufland_products] INFO: Scraped: KÜCHENPROFI Käsereibe Edelstahl 18/10, Höhe: 85 mm | EAN=4007371032261 | kcal=0.0
2026-03-17 22:44:44 [kaufland_products] WARNING: No nutrition data for: KÜCHENPROFI Käsereibe Edelstahl 18/10, Höhe: 85 mm
2026-03-17 22:44:47 [kaufland_products] INFO: Scraped: Struhadlo na sýr Deiss PRO - parmazán, citron, záz | EAN=4251969673736 | kcal=0.0
2026-03-17 22:44:47 [kaufland_products] WARNING: No nutrition data for: Struhadlo na sýr Deiss PRO - parmazán, citron, zázvor, česnek, muškátový oříšek, čokoláda, zelenina, ovoce - ostrá čepel z nerezové oceli, široké, vhodné do myčky nádobí
2026-03-17 22:44:50 [kaufland_products] INFO: Scraped: Ruční struhadlo na parmazán, sýr a kůru Struhadlo  | EAN=4008033311144 | kcal=0.0
2026-03-17 22:44:50 [kaufland_products] WARNING: No nutrition data for: Ruční struhadlo na parmazán, sýr a kůru Struhadlo na sýr ideální na pizzu a těstoviny Struhadlo v italském stylu z nerezové oceli a bukového dřeva
2026-03-17 22:44:52 [kaufland_products] INFO: Scraped: Fackelmann struhadlo na parmazán a box na čerstvos | EAN=4008033454636 | kcal=0.0
2026-03-17 22:44:52 [kaufland_products] WARNING: No nutrition data for: Fackelmann struhadlo na parmazán a box na čerstvost, kráječ na parmazán, struhadlo na sýr se servírovací nádobou (barva: průhledná/šedá)
2026-03-17 22:44:55 [kaufland_products] INFO: Scraped: Fackelmann 40440 Struhadlo, 24 cm, oválná rukojeť, | EAN=4008033404402 | kcal=0.0
2026-03-17 22:44:55 [kaufland_products] WARNING: No nutrition data for: Fackelmann 40440 Struhadlo, 24 cm, oválná rukojeť, nerezová ocel, závěsný háček, stříbrná
2026-03-17 22:44:58 [kaufland_products] INFO: Scraped: 6x papírové talíře Pur z porcelánu 25,7x7,5cm bílé | EAN=4251967515748 | kcal=0.0
2026-03-17 22:44:58 [kaufland_products] WARNING: No nutrition data for: 6x papírové talíře Pur z porcelánu 25,7x7,5cm bílé Servírovací talíř klobása čokoláda
2026-03-17 22:45:00 [kaufland_products] INFO: Scraped: OLVITA Černý kmínový olej lisovaný za studena 250  | EAN=5907591923853 | kcal=0.0
2026-03-17 22:45:00 [kaufland_products] WARNING: No nutrition data for: OLVITA Černý kmínový olej lisovaný za studena 250 ml (Egypt)
2026-03-17 22:45:04 [kaufland_products] INFO: Scraped: Pánev Küchenprofi MILANO vysoká, 28 cm 2383603028 | EAN=4007371071734 | kcal=0.0
2026-03-17 22:45:04 [kaufland_products] WARNING: No nutrition data for: Pánev Küchenprofi MILANO vysoká, 28 cm 2383603028
2026-03-17 22:45:09 [kaufland_products] INFO: Scraped: Filety ze sleďů Appel Křehké filety v omáčce po to | EAN=4020500922851 | kcal=229.44
2026-03-17 22:45:11 [kaufland_products] INFO: Scraped: Jablečné kari závitky ze sleďů v pikantním kari ke | EAN=4020500967227 | kcal=157.0
2026-03-17 22:45:14 [kaufland_products] INFO: Scraped: Filety ze sleďů Appel ve smetaně s pikantní paprik | EAN=4020500922073 | kcal=194.0
2026-03-17 22:45:16 [kaufland_products] INFO: Scraped: Filety ze sleďů Appel v pikantním pepřovém krému 2 | EAN=4020500922097 | kcal=219.0
2026-03-17 22:45:18 [kaufland_products] INFO: Scraped: Filety ze sledě Appel MSC ve smetanové křenové kon | EAN=4020500922080 | kcal=0.0
2026-03-17 22:45:23 [kaufland_products] INFO: Scraped: Filety ze sleďů Appel rajčatové po burgundsku s je | EAN=4020500922042 | kcal=221.0
2026-03-17 22:45:27 [kaufland_products] INFO: Scraped: Filet ze sledě Rügenfisch v  rajčatové omáčce 200g | EAN=4012839521379 | kcal=239.0
2026-03-17 22:45:28 [kaufland_products] INFO: Scraped: Filety ze sleďů Appel v ovocném, pikantním piri ma | EAN=4020500922059 | kcal=227.0
2026-03-17 22:45:31 [kaufland_products] INFO: Scraped: Appel delicatessen jemné filety ze sledě v koprové | EAN=4020500922035 | kcal=171.0
2026-03-17 22:45:34 [kaufland_products] INFO: Scraped: Appel Křehké filety ze sledě s rajčaty a kari pika | EAN=4020500922103 | kcal=207.0
2026-03-17 22:45:37 [scrapy.extensions.logstats] INFO: Crawled 392 pages (at 20 pages/min), scraped 362 items (at 20 items/min)
2026-03-17 22:45:37 [kaufland_products] INFO: Scraped: Filety ze sleďů Appel mango chilli passion s mango | EAN=4020500922752 | kcal=212.0
2026-03-17 22:45:41 [kaufland_products] INFO: Scraped: WESTMARK Kráječ brambor Rondex, délka: 260 mm, šíř | EAN=4004094608063 | kcal=0.0
2026-03-17 22:45:41 [kaufland_products] WARNING: No nutrition data for: WESTMARK Kráječ brambor Rondex, délka: 260 mm, šířka: 115 mm
2026-03-17 22:45:44 [kaufland_products] INFO: Scraped: Maggi Penne Tomate Mozzarella Nudel Eintopf in cre | EAN=4005500043706 | kcal=70.0
2026-03-17 22:45:47 [kaufland_products] INFO: Scraped: Maggi For Connoisseurs Rajčatová polévka s mozzare | EAN=7613035151093 | kcal=46.0
2026-03-17 22:45:49 [kaufland_products] INFO: Scraped: Ankerkraut rajčatová směs koření na mozzarellu v k | EAN=4260347893574 | kcal=977.0
2026-03-17 22:45:52 [kaufland_products] INFO: Scraped: Dr. Karg's Tomato and Mozzarella Wholemeal Crispbr | EAN=4033634062621 | kcal=416.0
2026-03-17 22:45:55 [kaufland_products] INFO: Scraped: Maggi 5 Minuten Terrine Nudeln in Tomate Mozzarell | EAN=7613035587359 | kcal=88.0
2026-03-17 22:46:00 [kaufland_products] INFO: [brie] page 1: found 32 product links
2026-03-17 22:46:03 [kaufland_products] INFO: [ricotta] page 1: found 17 product links
2026-03-17 22:46:08 [kaufland_products] INFO: [brie] page 2: found 33 product links
2026-03-17 22:46:10 [kaufland_products] INFO: [ricotta] page 2: found 16 product links
2026-03-17 22:46:13 [kaufland_products] INFO: [brie] page 3: found 31 product links
2026-03-17 22:46:13 [scrapy-playwright] WARNING: Closing page due to failed request: <GET https://www.kaufland.cz/s/?search_value=camembert> exc_type=<class 'playwright._impl._errors.TimeoutError'> exc_msg=Page.wait_for_selector: Timeout 15000ms exceeded.
Call log:
  - waiting for locator("a[href*='/product/']") to be visible
Traceback (most recent call last):
  File "/home/krokviak/.local/lib/python3.12/site-packages/scrapy_playwright/handler.py", line 480, in _download_request_with_retry
    return await self._download_request_with_page(request, page, spider)
           ^^^^^^^^^^^^^^^^^^^^^^^^^^^^^^^^^^^^^^^^^^^^^^^^^^^^^^^^^^^^^
  File "/home/krokviak/.local/lib/python3.12/site-packages/scrapy_playwright/handler.py", line 528, in _download_request_with_page
    await self._apply_page_methods(page, request, spider)
  File "/home/krokviak/.local/lib/python3.12/site-packages/scrapy_playwright/handler.py", line 678, in _apply_page_methods
    pm.result = await _maybe_await(method(*pm.args, **pm.kwargs))
                ^^^^^^^^^^^^^^^^^^^^^^^^^^^^^^^^^^^^^^^^^^^^^^^^^
  File "/home/krokviak/.local/lib/python3.12/site-packages/scrapy_playwright/_utils.py", line 23, in _maybe_await
    return await obj
           ^^^^^^^^^
  File "/home/krokviak/.local/lib/python3.12/site-packages/playwright/async_api/_generated.py", line 8234, in wait_for_selector
    await self._impl_obj.wait_for_selector(
  File "/home/krokviak/.local/lib/python3.12/site-packages/playwright/_impl/_page.py", line 419, in wait_for_selector
    return await self._main_frame.wait_for_selector(**locals_to_params(locals()))
           ^^^^^^^^^^^^^^^^^^^^^^^^^^^^^^^^^^^^^^^^^^^^^^^^^^^^^^^^^^^^^^^^^^^^^^
  File "/home/krokviak/.local/lib/python3.12/site-packages/playwright/_impl/_frame.py", line 369, in wait_for_selector
    await self._channel.send(
  File "/home/krokviak/.local/lib/python3.12/site-packages/playwright/_impl/_connection.py", line 69, in send
    return await self._connection.wrap_api_call(
           ^^^^^^^^^^^^^^^^^^^^^^^^^^^^^^^^^^^^^
  File "/home/krokviak/.local/lib/python3.12/site-packages/playwright/_impl/_connection.py", line 559, in wrap_api_call
    raise rewrite_error(error, f"{parsed_st['apiName']}: {error}") from None
playwright._impl._errors.TimeoutError: Page.wait_for_selector: Timeout 15000ms exceeded.
Call log:
  - waiting for locator("a[href*='/product/']") to be visible

2026-03-17 22:46:13 [kaufland_products] WARNING: Request failed: https://www.kaufland.cz/s/?search_value=camembert: Page.wait_for_selector: Timeout 15000ms exceeded.
Call log:
  - waiting for locator("a[href*='/product/']") to be visible

2026-03-17 22:46:16 [kaufland_products] INFO: [ricotta] page 3: found 23 product links
2026-03-17 22:46:20 [scrapy-playwright] WARNING: Closing page due to failed request: <GET https://www.kaufland.cz/s/?search_value=feta> exc_type=<class 'playwright._impl._errors.TimeoutError'> exc_msg=Page.wait_for_selector: Timeout 15000ms exceeded.
Call log:
  - waiting for locator("a[href*='/product/']") to be visible
Traceback (most recent call last):
  File "/home/krokviak/.local/lib/python3.12/site-packages/scrapy_playwright/handler.py", line 480, in _download_request_with_retry
    return await self._download_request_with_page(request, page, spider)
           ^^^^^^^^^^^^^^^^^^^^^^^^^^^^^^^^^^^^^^^^^^^^^^^^^^^^^^^^^^^^^
  File "/home/krokviak/.local/lib/python3.12/site-packages/scrapy_playwright/handler.py", line 528, in _download_request_with_page
    await self._apply_page_methods(page, request, spider)
  File "/home/krokviak/.local/lib/python3.12/site-packages/scrapy_playwright/handler.py", line 678, in _apply_page_methods
    pm.result = await _maybe_await(method(*pm.args, **pm.kwargs))
                ^^^^^^^^^^^^^^^^^^^^^^^^^^^^^^^^^^^^^^^^^^^^^^^^^
  File "/home/krokviak/.local/lib/python3.12/site-packages/scrapy_playwright/_utils.py", line 23, in _maybe_await
    return await obj
           ^^^^^^^^^
  File "/home/krokviak/.local/lib/python3.12/site-packages/playwright/async_api/_generated.py", line 8234, in wait_for_selector
    await self._impl_obj.wait_for_selector(
  File "/home/krokviak/.local/lib/python3.12/site-packages/playwright/_impl/_page.py", line 419, in wait_for_selector
    return await self._main_frame.wait_for_selector(**locals_to_params(locals()))
           ^^^^^^^^^^^^^^^^^^^^^^^^^^^^^^^^^^^^^^^^^^^^^^^^^^^^^^^^^^^^^^^^^^^^^^
  File "/home/krokviak/.local/lib/python3.12/site-packages/playwright/_impl/_frame.py", line 369, in wait_for_selector
    await self._channel.send(
  File "/home/krokviak/.local/lib/python3.12/site-packages/playwright/_impl/_connection.py", line 69, in send
    return await self._connection.wrap_api_call(
           ^^^^^^^^^^^^^^^^^^^^^^^^^^^^^^^^^^^^^
  File "/home/krokviak/.local/lib/python3.12/site-packages/playwright/_impl/_connection.py", line 559, in wrap_api_call
    raise rewrite_error(error, f"{parsed_st['apiName']}: {error}") from None
playwright._impl._errors.TimeoutError: Page.wait_for_selector: Timeout 15000ms exceeded.
Call log:
  - waiting for locator("a[href*='/product/']") to be visible

2026-03-17 22:46:20 [kaufland_products] WARNING: Request failed: https://www.kaufland.cz/s/?search_value=feta: Page.wait_for_selector: Timeout 15000ms exceeded.
Call log:
  - waiting for locator("a[href*='/product/']") to be visible

2026-03-17 22:46:20 [kaufland_products] INFO: Scraped: BRIO 33970 - Eisenbahn- & Zugmodell - Junge/Mädche | EAN=7312350339703 | kcal=0.0
2026-03-17 22:46:20 [kaufland_products] WARNING: No nutrition data for: BRIO 33970 - Eisenbahn- & Zugmodell - Junge/Mädchen - 3 Jahr(e) - Kunststoff - 3 Stück(e)
2026-03-17 22:46:23 [kaufland_products] INFO: [ricotta] page 4: found 21 product links
2026-03-17 22:46:26 [kaufland_products] INFO: Scraped: Bens Original omáčka kantonská sójová pikantní s l | EAN=4002359648588 | kcal=74.0
2026-03-17 22:46:28 [kaufland_products] INFO: Scraped: Barilla Omáčka na těstoviny Basilico Italská rajča | EAN=8076809513722 | kcal=0.0
2026-03-17 22:46:32 [scrapy-playwright] WARNING: Closing page due to failed request: <GET https://www.kaufland.cz/s/?search_value=brie&page=4> exc_type=<class 'playwright._impl._errors.TimeoutError'> exc_msg=Page.wait_for_selector: Timeout 15000ms exceeded.
Call log:
  - waiting for locator("a[href*='/product/']") to be visible
Traceback (most recent call last):
  File "/home/krokviak/.local/lib/python3.12/site-packages/scrapy_playwright/handler.py", line 480, in _download_request_with_retry
    return await self._download_request_with_page(request, page, spider)
           ^^^^^^^^^^^^^^^^^^^^^^^^^^^^^^^^^^^^^^^^^^^^^^^^^^^^^^^^^^^^^
  File "/home/krokviak/.local/lib/python3.12/site-packages/scrapy_playwright/handler.py", line 528, in _download_request_with_page
    await self._apply_page_methods(page, request, spider)
  File "/home/krokviak/.local/lib/python3.12/site-packages/scrapy_playwright/handler.py", line 678, in _apply_page_methods
    pm.result = await _maybe_await(method(*pm.args, **pm.kwargs))
                ^^^^^^^^^^^^^^^^^^^^^^^^^^^^^^^^^^^^^^^^^^^^^^^^^
  File "/home/krokviak/.local/lib/python3.12/site-packages/scrapy_playwright/_utils.py", line 23, in _maybe_await
    return await obj
           ^^^^^^^^^
  File "/home/krokviak/.local/lib/python3.12/site-packages/playwright/async_api/_generated.py", line 8234, in wait_for_selector
    await self._impl_obj.wait_for_selector(
  File "/home/krokviak/.local/lib/python3.12/site-packages/playwright/_impl/_page.py", line 419, in wait_for_selector
    return await self._main_frame.wait_for_selector(**locals_to_params(locals()))
           ^^^^^^^^^^^^^^^^^^^^^^^^^^^^^^^^^^^^^^^^^^^^^^^^^^^^^^^^^^^^^^^^^^^^^^
  File "/home/krokviak/.local/lib/python3.12/site-packages/playwright/_impl/_frame.py", line 369, in wait_for_selector
    await self._channel.send(
  File "/home/krokviak/.local/lib/python3.12/site-packages/playwright/_impl/_connection.py", line 69, in send
    return await self._connection.wrap_api_call(
           ^^^^^^^^^^^^^^^^^^^^^^^^^^^^^^^^^^^^^
  File "/home/krokviak/.local/lib/python3.12/site-packages/playwright/_impl/_connection.py", line 559, in wrap_api_call
    raise rewrite_error(error, f"{parsed_st['apiName']}: {error}") from None
playwright._impl._errors.TimeoutError: Page.wait_for_selector: Timeout 15000ms exceeded.
Call log:
  - waiting for locator("a[href*='/product/']") to be visible

2026-03-17 22:46:33 [kaufland_products] WARNING: Request failed: https://www.kaufland.cz/s/?search_value=brie&page=4: Page.wait_for_selector: Timeout 15000ms exceeded.
Call log:
  - waiting for locator("a[href*='/product/']") to be visible

2026-03-17 22:46:33 [kaufland_products] INFO: Scraped: Lukull Holandská omáčka s jemnou krémovou konziste | EAN=4000492003738 | kcal=460.0
2026-03-17 22:46:36 [kaufland_products] INFO: Scraped: Frischli Bourbon vanilková smetanová omáčka nejjem | EAN=4045500012081 | kcal=174.0
2026-03-17 22:46:37 [scrapy.extensions.logstats] INFO: Crawled 411 pages (at 19 pages/min), scraped 374 items (at 12 items/min)
2026-03-17 22:46:38 [kaufland_products] INFO: Scraped: Heinz Kečup rajčatový rajčatovo-ovocný klasický lá | EAN=8715700017006 | kcal=102.0
2026-03-17 22:46:40 [kaufland_products] INFO: Scraped: H smetana do kávy 10% 165g | EAN=4250085778677 | kcal=120.0
2026-03-17 22:46:42 [kaufland_products] INFO: Scraped: Heinz 57 Firecracker sladká pálivá omáčka stlačova | EAN=4251753733448 | kcal=116.0
2026-03-17 22:46:45 [scrapy-playwright] WARNING: Closing page due to failed request: <GET https://www.kaufland.cz/s/?search_value=ricotta&page=5> exc_type=<class 'playwright._impl._errors.TimeoutError'> exc_msg=Page.wait_for_selector: Timeout 15000ms exceeded.
Call log:
  - waiting for locator("a[href*='/product/']") to be visible
Traceback (most recent call last):
  File "/home/krokviak/.local/lib/python3.12/site-packages/scrapy_playwright/handler.py", line 480, in _download_request_with_retry
    return await self._download_request_with_page(request, page, spider)
           ^^^^^^^^^^^^^^^^^^^^^^^^^^^^^^^^^^^^^^^^^^^^^^^^^^^^^^^^^^^^^
  File "/home/krokviak/.local/lib/python3.12/site-packages/scrapy_playwright/handler.py", line 528, in _download_request_with_page
    await self._apply_page_methods(page, request, spider)
  File "/home/krokviak/.local/lib/python3.12/site-packages/scrapy_playwright/handler.py", line 678, in _apply_page_methods
    pm.result = await _maybe_await(method(*pm.args, **pm.kwargs))
                ^^^^^^^^^^^^^^^^^^^^^^^^^^^^^^^^^^^^^^^^^^^^^^^^^
  File "/home/krokviak/.local/lib/python3.12/site-packages/scrapy_playwright/_utils.py", line 23, in _maybe_await
    return await obj
           ^^^^^^^^^
  File "/home/krokviak/.local/lib/python3.12/site-packages/playwright/async_api/_generated.py", line 8234, in wait_for_selector
    await self._impl_obj.wait_for_selector(
  File "/home/krokviak/.local/lib/python3.12/site-packages/playwright/_impl/_page.py", line 419, in wait_for_selector
    return await self._main_frame.wait_for_selector(**locals_to_params(locals()))
           ^^^^^^^^^^^^^^^^^^^^^^^^^^^^^^^^^^^^^^^^^^^^^^^^^^^^^^^^^^^^^^^^^^^^^^
  File "/home/krokviak/.local/lib/python3.12/site-packages/playwright/_impl/_frame.py", line 369, in wait_for_selector
    await self._channel.send(
  File "/home/krokviak/.local/lib/python3.12/site-packages/playwright/_impl/_connection.py", line 69, in send
    return await self._connection.wrap_api_call(
           ^^^^^^^^^^^^^^^^^^^^^^^^^^^^^^^^^^^^^
  File "/home/krokviak/.local/lib/python3.12/site-packages/playwright/_impl/_connection.py", line 559, in wrap_api_call
    raise rewrite_error(error, f"{parsed_st['apiName']}: {error}") from None
playwright._impl._errors.TimeoutError: Page.wait_for_selector: Timeout 15000ms exceeded.
Call log:
  - waiting for locator("a[href*='/product/']") to be visible

2026-03-17 22:46:45 [kaufland_products] WARNING: Request failed: https://www.kaufland.cz/s/?search_value=ricotta&page=5: Page.wait_for_selector: Timeout 15000ms exceeded.
Call log:
  - waiting for locator("a[href*='/product/']") to be visible

2026-03-17 22:46:47 [kaufland_products] INFO: Scraped: 1000 g | EAN=5907758705544 | kcal=324.0
2026-03-17 22:46:49 [kaufland_products] INFO: Scraped: La Molisana Italská rajčatová omáčka 690 g | EAN=8004690950043 | kcal=23.0
2026-03-17 22:46:51 [kaufland_products] INFO: Scraped: Heinz Rajčatový kečup Rajčatová omáčka v dávkovací | EAN=8715700534459 | kcal=102.0
2026-03-17 22:46:57 [kaufland_products] INFO: Scraped: Kečup Hellmanns s ovocnou a rajčatovou příchutí 43 | EAN=8712100839023 | kcal=94.0
2026-03-17 22:46:59 [kaufland_products] INFO: Scraped: Lukull Omáčka Bernaise krémová s pikantní bylinkov | EAN=4000492003745 | kcal=460.0
2026-03-17 22:47:01 [kaufland_products] INFO: Scraped: Bens Original Sauce rotes cremiges Curry mit feine | EAN=4002359632099 | kcal=107.0
2026-03-17 22:47:03 [kaufland_products] INFO: Scraped: Casa Rinaldi omáčka z olihní s kalamáry ve sklenic | EAN=8006165377874 | kcal=50.0
2026-03-17 22:47:06 [kaufland_products] INFO: Scraped: Oro di Parma omáčka na pizzu z rajčat vyzrálých na | EAN=4008100168220 | kcal=50.0
2026-03-17 22:47:12 [kaufland_products] INFO: Scraped: Tomato sauce Trinidad Scorpion, extremely hot, 340 | EAN=5901044021028 | kcal=150.0
2026-03-17 22:47:14 [kaufland_products] INFO: Scraped: Barilla Pesto alla Genovese omáčka s bazalkou a pa | EAN=8076809513746 | kcal=492.0
2026-03-17 22:47:16 [kaufland_products] INFO: Scraped: Oro di Parma Pikantní pizza omáčka se sluncem zral | EAN=4008100168237 | kcal=43.0
2026-03-17 22:47:19 [kaufland_products] INFO: Scraped: Pinata Cheddar Cheese Sauce krémová, pikantní, kla | EAN=5708209408010 | kcal=116.0
2026-03-17 22:47:21 [kaufland_products] INFO: Scraped: Tigullio Pesto Genovese italské bazalkové pesto be | EAN=80037019 | kcal=470.0
2026-03-17 22:47:25 [kaufland_products] INFO: Scraped: Barilla Pesto Pomodori Secchi s křupavými kousky r | EAN=8076809541091 | kcal=166.0
2026-03-17 22:47:28 [kaufland_products] INFO: Scraped: Salomon Chunky Salsa červená chunky rajčatová omáč | EAN=4004074071405 | kcal=0.0
2026-03-17 22:47:28 [kaufland_products] WARNING: No nutrition data for: Salomon Chunky Salsa červená chunky rajčatová omáčka středně pálivá 2000ml
2026-03-17 22:47:31 [kaufland_products] INFO: Scraped: SARO Parmezánový kotouč pro SANTOS 2N | EAN=4017337042579 | kcal=0.0
2026-03-17 22:47:31 [kaufland_products] WARNING: No nutrition data for: SARO Parmezánový kotouč pro SANTOS 2N
2026-03-17 22:47:34 [kaufland_products] INFO: Scraped: Barilla Pesto Vegan Basilico 195 g italské vegansk | EAN=8076809572569 | kcal=431.0
2026-03-17 22:47:37 [scrapy.extensions.logstats] INFO: Crawled 431 pages (at 20 pages/min), scraped 394 items (at 20 items/min)
2026-03-17 22:47:37 [kaufland_products] INFO: Scraped: Barilla Pesto Basilico e Pistacchio 190 g italské  | EAN=8076809581868 | kcal=477.0
2026-03-17 22:47:39 [kaufland_products] INFO: Scraped: Pasta alla Napoli (Bud Spencer), 95 g v korkové sk | EAN=4062988019456 | kcal=0.0
2026-03-17 22:47:39 [kaufland_products] WARNING: No nutrition data for: Pasta alla Napoli (Bud Spencer), 95 g v korkové sklenici
2026-03-17 22:47:44 [kaufland_products] INFO: Scraped: Boloňská omáčka s mletým masem 400g | EAN=4031829232859 | kcal=108.0
2026-03-17 22:47:47 [kaufland_products] INFO: Scraped: Matrace hero Relax 7zónová matrace s taštičkovým p | EAN=4064947006521 | kcal=0.0
2026-03-17 22:47:47 [kaufland_products] WARNING: No nutrition data for: Matrace hero Relax 7zónová matrace s taštičkovým pružinovým jádrem | 100 x 200 cm | 18 cm | H3
2026-03-17 22:47:50 [kaufland_products] INFO: Scraped: Philips BRI955/01, Intenzivní pulzní světlo (IPL), | EAN=8720689015592 8720689006866 8720689006873 | kcal=0.0
2026-03-17 22:47:50 [kaufland_products] WARNING: No nutrition data for: Philips BRI955/01, Intenzivní pulzní světlo (IPL), Zlato, Bílá, 8,5 min, 2,5 min, 2 min, 1,5 min
2026-03-17 22:47:52 [kaufland_products] INFO: Scraped: Matrace hero Relax 7zónová matrace s taštičkovým p | EAN=4064947006620 | kcal=0.0
2026-03-17 22:47:52 [kaufland_products] WARNING: No nutrition data for: Matrace hero Relax 7zónová matrace s taštičkovým pružinovým jádrem | 100 x 200 cm | 18cm | H4
2026-03-17 22:47:55 [kaufland_products] INFO: Scraped: Matrace hero Wellness 7zónová matrace ze studené p | EAN=4064947005517 | kcal=0.0
2026-03-17 22:47:55 [kaufland_products] WARNING: No nutrition data for: Matrace hero Wellness 7zónová matrace ze studené pěny | 120 x 200 cm | 18cm | H2
2026-03-17 22:47:58 [kaufland_products] INFO: Scraped: Střešní nosič Menabo Sherman Silver XL kompatibiln | EAN=5949149031009 | kcal=0.0
2026-03-17 22:47:58 [kaufland_products] WARNING: No nutrition data for: Střešní nosič Menabo Sherman Silver XL kompatibilní s Nissanem Navara (D23) 2014+
2026-03-17 22:48:03 [kaufland_products] INFO: Scraped: BRIO 36003 Superrychlá lokomotiva | EAN=7312350360035 | kcal=0.0
2026-03-17 22:48:03 [kaufland_products] WARNING: No nutrition data for: BRIO 36003 Superrychlá lokomotiva
2026-03-17 22:48:06 [kaufland_products] INFO: Scraped: BRIO ICE Batterie Zug 63608800 | EAN=7312350360882 | kcal=0.0
2026-03-17 22:48:06 [kaufland_products] WARNING: No nutrition data for: BRIO ICE Batterie Zug 63608800
2026-03-17 22:48:07 [kaufland_products] INFO: Scraped: Matrace 59006, ze studené pěny, prodyšná a antibak | EAN=4260304765418 | kcal=0.0
2026-03-17 22:48:07 [kaufland_products] WARNING: No nutrition data for: Matrace 59006, ze studené pěny, prodyšná a antibakteriální, snímatelná a omyvatelná, tvrdost H3, výška 16 cm, 140 x 200 cm
2026-03-17 22:48:10 [kaufland_products] INFO: Scraped: vidaXL Polštář pro boční spaní 40 x 145 cm Grey | EAN=8718475582397 | kcal=0.0
2026-03-17 22:48:10 [kaufland_products] WARNING: No nutrition data for: vidaXL Polštář pro boční spaní 40 x 145 cm Grey
2026-03-17 22:48:13 [kaufland_products] INFO: Scraped: Železniční nakládací terminál BRIO 63399600 | EAN=7312350339963 | kcal=0.0
2026-03-17 22:48:13 [kaufland_products] WARNING: No nutrition data for: Železniční nakládací terminál BRIO 63399600
2026-03-17 22:48:15 [kaufland_products] INFO: Scraped: Sada BRIO Lift & Load Warehouse Set | EAN=7312350338874 | kcal=0.0
2026-03-17 22:48:15 [kaufland_products] WARNING: No nutrition data for: Sada BRIO Lift & Load Warehouse Set
2026-03-17 22:48:21 [kaufland_products] INFO: Scraped: BRIO Builder 34601 - Taskulamppu | EAN=7312350346015 | kcal=0.0
2026-03-17 22:48:21 [kaufland_products] WARNING: No nutrition data for: BRIO Builder 34601 - Taskulamppu
2026-03-17 22:48:24 [kaufland_products] INFO: Scraped: BRIO 34000 - Geschicklichkeitsspiel zur Feinmotori | EAN=7312350340006 | kcal=0.0
2026-03-17 22:48:24 [kaufland_products] WARNING: No nutrition data for: BRIO 34000 - Geschicklichkeitsspiel zur Feinmotorik - Kinder & Erwachsene - 6 Jahr(e)
2026-03-17 22:48:25 [kaufland_products] INFO: Scraped: Nákladní lokomotiva na baterie BRIO | EAN=7312350332148 | kcal=0.0
2026-03-17 22:48:25 [kaufland_products] WARNING: No nutrition data for: Nákladní lokomotiva na baterie BRIO
2026-03-17 22:48:28 [kaufland_products] INFO: Scraped: Ergonomická sedmizónová matrace ze studené pěny |  | EAN=4064947009058 | kcal=0.0
2026-03-17 22:48:28 [kaufland_products] WARNING: No nutrition data for: Ergonomická sedmizónová matrace ze studené pěny | 140 x 190 cm | 21 cm | H2 a H3 | DREAMSTAR Easy Flex
2026-03-17 22:48:30 [kaufland_products] INFO: Scraped: Builder - sada pro kutily 201 ks | EAN=7312350346046 | kcal=0.0
2026-03-17 22:48:30 [kaufland_products] WARNING: No nutrition data for: Builder - sada pro kutily 201 ks
2026-03-17 22:48:33 [kaufland_products] INFO: Scraped: Mezimstsk lokomotiva na baterie, bl | EAN=6943478037588 | kcal=0.0
2026-03-17 22:48:33 [kaufland_products] WARNING: No nutrition data for: Mezimstsk lokomotiva na baterie, bl
2026-03-17 22:48:37 [scrapy.extensions.logstats] INFO: Crawled 451 pages (at 20 pages/min), scraped 414 items (at 20 items/min)
2026-03-17 22:48:39 [kaufland_products] INFO: Scraped: Matrace hero Wellness 7zónová matrace ze studené p | EAN=4064947005593 | kcal=0.0
2026-03-17 22:48:39 [kaufland_products] WARNING: No nutrition data for: Matrace hero Wellness 7zónová matrace ze studené pěny | 90 x 200 cm | 18cm | H2
2026-03-17 22:48:41 [kaufland_products] INFO: Scraped: Brilliant Bougie LED svíčky sada 3 ks - šedé/kouřo | EAN=4004353428326 | kcal=0.0
2026-03-17 22:48:41 [kaufland_products] WARNING: No nutrition data for: Brilliant Bougie LED svíčky sada 3 ks - šedé/kouřové sklo, teplé bílé blikání, 10 cm,12,5 cm,15 cm, na baterie, dekorace do interiéru i exteriéru
2026-03-17 22:48:44 [kaufland_products] INFO: Scraped: Ergonomická 7zónová matrace z studené pěny | 160 x | EAN=4064947010986 | kcal=0.0
2026-03-17 22:48:44 [kaufland_products] WARNING: No nutrition data for: Ergonomická 7zónová matrace z studené pěny | 160 x 200 cm | 12 cm | H2 & H3 | DREAMSTAR Simple Flex
2026-03-17 22:48:46 [kaufland_products] INFO: Scraped: Philips Lumea Prestige Lumea IPL 8000 Series BRI94 | EAN=8720689015752 8720689062305 | kcal=0.0
2026-03-17 22:48:46 [kaufland_products] WARNING: No nutrition data for: Philips Lumea Prestige Lumea IPL 8000 Series BRI940/00 IPL epilátor se SenseIQ
2026-03-17 22:48:49 [kaufland_products] INFO: Scraped: Anatomický Polštář Z Paměťové Pěny 50X30 Cm Ortope | EAN=5905999057200 | kcal=0.0
2026-03-17 22:48:49 [kaufland_products] WARNING: No nutrition data for: Anatomický Polštář Z Paměťové Pěny 50X30 Cm Ortopedický Polštář Pro Spaní Na Boku Na Břiše
2026-03-17 22:48:52 [kaufland_products] INFO: Scraped: Vlak BRIO na odklízení sněhu 63360600 | EAN=7312350336061 | kcal=0.0
2026-03-17 22:48:52 [kaufland_products] WARNING: No nutrition data for: Vlak BRIO na odklízení sněhu 63360600
2026-03-17 22:48:54 [kaufland_products] INFO: Scraped: BRIO World - 33512 Velká železniční osobní vlaková | EAN=7312350335125 | kcal=0.0
2026-03-17 22:48:54 [kaufland_products] WARNING: No nutrition data for: BRIO World - 33512 Velká železniční osobní vlaková souprava
2026-03-17 22:48:57 [kaufland_products] INFO: Scraped: Železniční souprava BRIO Metro | EAN=7312350335132 | kcal=0.0
2026-03-17 22:48:57 [kaufland_products] WARNING: No nutrition data for: Železniční souprava BRIO Metro
2026-03-17 22:49:03 [kaufland_products] INFO: Scraped: BRIO Rote Lola, Batterielok | EAN=7312350335927 | kcal=0.0
2026-03-17 22:49:03 [kaufland_products] WARNING: No nutrition data for: BRIO Rote Lola, Batterielok
2026-03-17 22:49:05 [kaufland_products] INFO: Scraped: Consorzio Vacche Rosse - Parmigiano Reggiano Vacch | EAN=7427266699251 | kcal=0.0
2026-03-17 22:49:05 [kaufland_products] WARNING: No nutrition data for: Consorzio Vacche Rosse - Parmigiano Reggiano Vacche Rosse - 24 Monate - 1 Kg
2026-03-17 22:49:08 [kaufland_products] INFO: Scraped: Barilla Omáčka na těstoviny Arrabbiata Italienisch | EAN=8076809513388 | kcal=245.0
2026-03-17 22:49:10 [kaufland_products] INFO: Scraped: Lukull Bešamelová omáčka krémová jemná jako základ | EAN=8712100494352 | kcal=150.0
2026-03-17 22:49:14 [kaufland_products] INFO: Scraped: Ankerkraut raclette koření jemná směs koření v kor | EAN=4260347896476 | kcal=0.0
2026-03-17 22:49:14 [kaufland_products] WARNING: No nutrition data for: Ankerkraut raclette koření jemná směs koření v korkové dóze 95g
2026-03-17 22:49:16 [kaufland_products] INFO: Scraped: Maggi rajčatová omáčka jemně ochucená univerzální  | EAN=4005500331407 | kcal=45.0
2026-03-17 22:49:19 [kaufland_products] INFO: Scraped: LaSelva LS_0120, 280 g, Itálie, 55 kcal, 228 kJ, 3 | EAN=8018759003533 | kcal=228.0
2026-03-17 22:49:22 [kaufland_products] INFO: Scraped: Barilla Tonno 400 g italská rajčatová omáčka na tě | EAN=8076809513418 | kcal=87.0
2026-03-17 22:49:26 [kaufland_products] INFO: Scraped: Barilla Basilico Omáčka na těstoviny Rajčatová baz | EAN=8076809536615 | kcal=61.0
2026-03-17 22:49:28 [kaufland_products] INFO: Scraped: Rajčatová omáčka - Děti 340g | EAN=4019736003748 | kcal=101.0
2026-03-17 22:49:31 [kaufland_products] INFO: Scraped: Knorr Rajčatová omáčka al Gusto Herbs aux herbes 1 | EAN=4007801106289 | kcal=32.0
2026-03-17 22:49:34 [kaufland_products] INFO: Scraped: Rajčatová omáčka - Děti 340g | EAN=7640143674107 | kcal=60.0
2026-03-17 22:49:37 [scrapy.extensions.logstats] INFO: Crawled 471 pages (at 20 pages/min), scraped 434 items (at 20 items/min)
2026-03-17 22:49:39 [kaufland_products] INFO: Scraped: MATTEL Jurský svět - Kolosální Mosasaur JGB51 | EAN=194735309610 0194735309610 | kcal=0.0
2026-03-17 22:49:39 [kaufland_products] WARNING: No nutrition data for: MATTEL Jurský svět - Kolosální Mosasaur JGB51
2026-03-17 22:49:40 [kaufland_products] INFO: Scraped: WOMETO "premium-line" polštář z peří a prachového  | EAN=4251474134838 | kcal=0.0
2026-03-17 22:49:40 [kaufland_products] WARNING: No nutrition data for: WOMETO "premium-line" polštář z peří a prachového peří 90% peří 10% prachového peří 45x45 cm - 500 g výplň povlak polštáře bavlna bílá I Vnitřní polštář / výplň polštáře / výplň polštáře / malý sedací polštář 45 cm x 45 cm
2026-03-17 22:49:43 [kaufland_products] INFO: Scraped: BRIO® 33972 BRIO®  Smart Tech SoundAction Tunnel T | EAN=7312350339727 | kcal=0.0
2026-03-17 22:49:43 [kaufland_products] WARNING: No nutrition data for: BRIO® 33972 BRIO®  Smart Tech SoundAction Tunnel Travel Set Spielzeugeisenbahnen
2026-03-17 22:49:46 [kaufland_products] INFO: Scraped: Šedý stojící trpaslík s LED 23754 | EAN=5900779951334 | kcal=0.0
2026-03-17 22:49:46 [kaufland_products] WARNING: No nutrition data for: Šedý stojící trpaslík s LED 23754
2026-03-17 22:49:49 [kaufland_products] INFO: Scraped: Ortopedický polštář z paměťové pěny | polštář na p | EAN=5905369308291 | kcal=0.0
2026-03-17 22:49:49 [kaufland_products] WARNING: No nutrition data for: Ortopedický polštář z paměťové pěny | polštář na podporu krku 50 x 30 cm | proti chrápání | bavlna, s potahem
2026-03-17 22:49:52 [kaufland_products] INFO: Scraped: Anatomický Polštář Z Paměťové Pěny 50X30 Cm Ortope | EAN=5905999057217 | kcal=0.0
2026-03-17 22:49:52 [kaufland_products] WARNING: No nutrition data for: Anatomický Polštář Z Paměťové Pěny 50X30 Cm Ortopedický Polštář Pro Spaní Na Boku Na Břiše
2026-03-17 22:49:55 [kaufland_products] INFO: Scraped: Ortopedický polštář s výřezem,  polštář na podporu | EAN=5904870799826 | kcal=0.0
2026-03-17 22:49:55 [kaufland_products] WARNING: No nutrition data for: Ortopedický polštář s výřezem,  polštář na podporu krku z paměťové pěny, profilovaný polštář na spaní, ideální pro jakoukoli spánkovou polohu– 55x32cm
2026-03-17 22:49:58 [kaufland_products] INFO: Scraped: Logitech BRIO 4K STREAM EDITION | EAN=5099206075078 | kcal=0.0
2026-03-17 22:49:58 [kaufland_products] WARNING: No nutrition data for: Logitech BRIO 4K STREAM EDITION
2026-03-17 22:50:03 [kaufland_products] INFO: Scraped: Intex 64759 Classic Downy Airbed 152x203x25 cm | EAN=6941057412467 | kcal=0.0
2026-03-17 22:50:03 [kaufland_products] WARNING: No nutrition data for: Intex 64759 Classic Downy Airbed 152x203x25 cm
2026-03-17 22:50:06 [kaufland_products] INFO: Scraped: Ergonomická sedmizónová matrace ze studené pěny |  | EAN=4064947001571 | kcal=0.0
2026-03-17 22:50:06 [kaufland_products] WARNING: No nutrition data for: Ergonomická sedmizónová matrace ze studené pěny | 100 x 200 cm | 11 cm | H2 a H3 | DREAMSTAR Easy Flex
2026-03-17 22:50:09 [kaufland_products] INFO: Scraped: Ergonomická sedmizónová matrace ze studené pěny |  | EAN=4064947004718 | kcal=0.0
2026-03-17 22:50:09 [kaufland_products] WARNING: No nutrition data for: Ergonomická sedmizónová matrace ze studené pěny | 180 x 200 cm | 13 cm | H2 a H3 | DREAMSTAR Easy Flex
2026-03-17 22:50:11 [kaufland_products] INFO: Scraped: Ergonomická sedmizónová matrace ze studené pěny |  | EAN=4064947002615 | kcal=0.0
2026-03-17 22:50:11 [kaufland_products] WARNING: No nutrition data for: Ergonomická sedmizónová matrace ze studené pěny | 90 x 190 cm | 16 cm | H3 a H4 | DREAMSTAR Ergo Flex Duo | Oboustranná matrace
2026-03-17 22:50:14 [kaufland_products] INFO: Scraped: Intex 64758 Classic Downy Airbed 137x191x25 cm | EAN=6941057412450 | kcal=0.0
2026-03-17 22:50:14 [kaufland_products] WARNING: No nutrition data for: Intex 64758 Classic Downy Airbed 137x191x25 cm
2026-03-17 22:50:17 [kaufland_products] INFO: Scraped: Ergonomická sedmizónová matrace ze studené pěny |  | EAN=4064947004886 | kcal=0.0
2026-03-17 22:50:17 [kaufland_products] WARNING: No nutrition data for: Ergonomická sedmizónová matrace ze studené pěny | 100 x 200 cm | 16 cm | H2 a H3 | DREAMSTAR Easy Flex
2026-03-17 22:50:20 [kaufland_products] INFO: Scraped: Ergonomická sedmizónová matrace ze studené pěny |  | EAN=4064947002622 | kcal=0.0
2026-03-17 22:50:20 [kaufland_products] WARNING: No nutrition data for: Ergonomická sedmizónová matrace ze studené pěny | 100 x 200 cm | 16 cm | H3 a H4 | DREAMSTAR Ergo Flex Duo | Oboustranná matrace
2026-03-17 22:50:22 [kaufland_products] INFO: Scraped: Ergonomická sedmizónová matrace ze studené pěny |  | EAN=4064947004701 | kcal=0.0
2026-03-17 22:50:22 [kaufland_products] WARNING: No nutrition data for: Ergonomická sedmizónová matrace ze studené pěny | 160 x 200 cm | 13 cm | H2 a H3 | DREAMSTAR Easy Flex
2026-03-17 22:50:25 [kaufland_products] INFO: Scraped: BRIO 7312350338621, Návěstidlo, 0,3 rok/roky, LR44 | EAN=7312350338621 | kcal=0.0
2026-03-17 22:50:25 [kaufland_products] WARNING: No nutrition data for: BRIO 7312350338621, Návěstidlo, 0,3 rok/roky, LR44, Baterie, Černá
2026-03-17 22:50:29 [kaufland_products] INFO: Scraped: Ergonomická sedmizónová matrace ze studené pěny |  | EAN=4064947001779 | kcal=0.0
2026-03-17 22:50:29 [kaufland_products] WARNING: No nutrition data for: Ergonomická sedmizónová matrace ze studené pěny | 100 x 200 cm | 16 cm | H2 a H3 | DREAMSTAR Ergo Flex Duo | Oboustranná matrace
2026-03-17 22:50:31 [kaufland_products] INFO: Scraped: Ergonomická sedmizónová matrace ze studené pěny |  | EAN=4064947004664 | kcal=0.0
2026-03-17 22:50:31 [kaufland_products] WARNING: No nutrition data for: Ergonomická sedmizónová matrace ze studené pěny | 100 x 200 cm | 13 cm | H2 a H3 | DREAMSTAR Easy Flex
2026-03-17 22:50:34 [kaufland_products] INFO: Scraped: Ergonomická sedmizónová matrace ze studené pěny |  | EAN=4064947009027 | kcal=0.0
2026-03-17 22:50:34 [kaufland_products] WARNING: No nutrition data for: Ergonomická sedmizónová matrace ze studené pěny | 100 x 200 cm | 21 cm | H2 a H3 | DREAMSTAR Easy Flex
2026-03-17 22:50:37 [scrapy.extensions.logstats] INFO: Crawled 491 pages (at 20 pages/min), scraped 454 items (at 20 items/min)
2026-03-17 22:50:37 [kaufland_products] INFO: Scraped: Ergonomická sedmizónová matrace ze studené pěny |  | EAN=4064947004930 | kcal=0.0
2026-03-17 22:50:37 [kaufland_products] WARNING: No nutrition data for: Ergonomická sedmizónová matrace ze studené pěny | 180 x 200 cm | 16 cm | H2 a H3 | DREAMSTAR Easy Flex
2026-03-17 22:50:39 [kaufland_products] INFO: Scraped: Escada Brisa Cubana toaletní voda pro ženy 100 ml | EAN=3616304203572 | kcal=0.0
2026-03-17 22:50:39 [kaufland_products] WARNING: No nutrition data for: Escada Brisa Cubana toaletní voda pro ženy 100 ml
2026-03-17 22:50:44 [kaufland_products] INFO: Scraped: Blumtal ortopedický polštář na podporu krku z pamě | EAN=4251897551847 | kcal=0.0
2026-03-17 22:50:44 [kaufland_products] WARNING: No nutrition data for: Blumtal ortopedický polštář na podporu krku z paměťové pěny - ergonomický polštář s - Dobrý
2026-03-17 22:50:47 [kaufland_products] INFO: Scraped: Ergonomická sedmizónová matrace ze studené pěny |  | EAN=4064947004893 | kcal=0.0
2026-03-17 22:50:47 [kaufland_products] WARNING: No nutrition data for: Ergonomická sedmizónová matrace ze studené pěny | 120 x 200 cm | 16 cm | H2 a H3 | DREAMSTAR Easy Flex
2026-03-17 22:50:49 [kaufland_products] INFO: Scraped: Ergonomická sedmizónová matrace ze studené pěny |  | EAN=4064947009072 | kcal=0.0
2026-03-17 22:50:49 [kaufland_products] WARNING: No nutrition data for: Ergonomická sedmizónová matrace ze studené pěny | 80 x 200 cm | 21 cm | H2 a H3 | DREAMSTAR Easy Flex
2026-03-17 22:50:51 [kaufland_products] INFO: Scraped: Ergonomická sedmizónová matrace ze studené pěny |  | EAN=4064947002943 | kcal=0.0
2026-03-17 22:50:51 [kaufland_products] WARNING: No nutrition data for: Ergonomická sedmizónová matrace ze studené pěny | 180 x 200 cm | 11 cm | H2 a H3 | DREAMSTAR Easy Flex
2026-03-17 22:50:54 [kaufland_products] INFO: Scraped: Ergonomická sedmizónová matrace ze studené pěny |  | EAN=4064947009034 | kcal=0.0
2026-03-17 22:50:54 [kaufland_products] WARNING: No nutrition data for: Ergonomická sedmizónová matrace ze studené pěny | 120 x 200 cm | 21 cm | H2 a H3 | DREAMSTAR Easy Flex
2026-03-17 22:50:59 [kaufland_products] INFO: Scraped: Gran Ragu con Salsiccia 2x180g italská omáčka na t | EAN=8000050014585 | kcal=117.0
2026-03-17 22:51:01 [kaufland_products] INFO: Scraped: Ravioli - sýr a špenát 250g | EAN=4005496224059 | kcal=309.0
2026-03-17 22:51:03 [kaufland_products] INFO: Scraped: Cucina Antica - Škeble - 3 x 190 g | EAN=7427266696946 | kcal=63.0
2026-03-17 22:51:06 [kaufland_products] INFO: Scraped: Omáčka z česneku, oleje a chilli, 190 g | EAN=8050043440341 | kcal=0.0
2026-03-17 22:51:11 [kaufland_products] INFO: Scraped: Cucina Antica - Boloňská omáčka - 3 x 190 g | EAN=7427266696892 | kcal=98.0
2026-03-17 22:51:14 [kaufland_products] INFO: Scraped: Culinaria Tortellini těstoviny s náplní z ricotty  | EAN=4073400552659 | kcal=267.0
2026-03-17 22:51:17 [kaufland_products] INFO: Scraped: Cucina Antica - Rajčatová omáčka Pomodorina - 3 x  | EAN=7427266696991 | kcal=0.0
2026-03-17 22:51:19 [kaufland_products] INFO: Scraped: Mutti Salsa Pronta Ciliegini 300 g italská rajčato | EAN=8005110000188 | kcal=51.0
2026-03-17 22:51:22 [kaufland_products] INFO: Scraped: Mutti Salsa Pronta Datterini 300 g italská rajčato | EAN=8005110172052 | kcal=49.0
2026-03-17 22:51:25 [kaufland_products] INFO: Scraped: Mutti Salsa Pronta Classica 300 g italská rajčatov | EAN=8005110172182 | kcal=67.0
2026-03-17 22:51:28 [kaufland_products] INFO: Scraped: Barilla Ricotta Sauce Pomodore mit Tomaten und Ric | EAN=8076809521543 | kcal=402.0
2026-03-17 22:51:33 [kaufland_products] INFO: Scraped: Ergonomická sedmizónová matrace ze studené pěny |  | EAN=4064947002813 | kcal=0.0
2026-03-17 22:51:33 [kaufland_products] WARNING: No nutrition data for: Ergonomická sedmizónová matrace ze studené pěny | 120 x 200 cm | 11 cm | H2 a H3 | DREAMSTAR Easy Flex
2026-03-17 22:51:35 [kaufland_products] INFO: Scraped: Ergonomická sedmizónová oboustranná matrace XXL I  | EAN=4064947007559 | kcal=0.0
2026-03-17 22:51:35 [kaufland_products] WARNING: No nutrition data for: Ergonomická sedmizónová oboustranná matrace XXL I 100 x 200 cm I 22 cm I H3 & H4 I Ergo Flex XXL
2026-03-17 22:51:37 [scrapy.extensions.logstats] INFO: Crawled 511 pages (at 20 pages/min), scraped 474 items (at 20 items/min)
2026-03-17 22:51:38 [kaufland_products] INFO: Scraped: Ergonomická sedmizónová matrace ze studené pěny |  | EAN=4064947004855 | kcal=0.0
2026-03-17 22:51:38 [kaufland_products] WARNING: No nutrition data for: Ergonomická sedmizónová matrace ze studené pěny | 80 x 200 cm | 16 cm | H2 a H3 | DREAMSTAR Easy Flex
2026-03-17 22:51:40 [kaufland_products] INFO: Scraped: Ergonomická sedmizónová matrace ze studené pěny |  | EAN=4064947002653 | kcal=0.0
2026-03-17 22:51:40 [kaufland_products] WARNING: No nutrition data for: Ergonomická sedmizónová matrace ze studené pěny | 160 x 200 cm | 16 cm | H3 a H4 | DREAMSTAR Ergo Flex Duo | Oboustranná matrace
2026-03-17 22:51:43 [kaufland_products] INFO: Scraped: Ergonomická sedmizónová matrace ze studené pěny |  | EAN=4064947002660 | kcal=0.0
2026-03-17 22:51:43 [kaufland_products] WARNING: No nutrition data for: Ergonomická sedmizónová matrace ze studené pěny | 180 x 200 cm | 16 cm | H3 a H4 | DREAMSTAR Ergo Flex Duo | Oboustranná matrace
2026-03-17 22:51:46 [kaufland_products] INFO: Scraped: Ergonomická sedmizónová matrace ze studené pěny |  | EAN=4064947009065 | kcal=0.0
2026-03-17 22:51:46 [kaufland_products] WARNING: No nutrition data for: Ergonomická sedmizónová matrace ze studené pěny | 90 x 200 cm | 21 cm | H2 a H3 | DREAMSTAR Easy Flex
2026-03-17 22:51:51 [kaufland_products] INFO: Scraped: Ergonomická sedmizónová matrace ze studené pěny |  | EAN=4064947001557 | kcal=0.0
2026-03-17 22:51:51 [kaufland_products] WARNING: No nutrition data for: Ergonomická sedmizónová matrace ze studené pěny | 80 x 200 cm | 11 cm | H2 a H3 | DREAMSTAR Easy Flex
2026-03-17 22:51:54 [kaufland_products] INFO: Scraped: Ergonomická sedmizónová matrace ze studené pěny |  | EAN=4064947001595 | kcal=0.0
2026-03-17 22:51:54 [kaufland_products] WARNING: No nutrition data for: Ergonomická sedmizónová matrace ze studené pěny | 90 x 190 cm | 11 cm | H2 a H3 | DREAMSTAR Easy Flex
2026-03-17 22:51:56 [kaufland_products] INFO: Scraped: Ergonomická sedmizónová matrace ze studené pěny |  | EAN=4064947002516 | kcal=0.0
2026-03-17 22:51:56 [kaufland_products] WARNING: No nutrition data for: Ergonomická sedmizónová matrace ze studené pěny | 160 x 200 cm | 16 cm | H2 a H3 | DREAMSTAR Ergo Flex Duo | Oboustranná matrace
2026-03-17 22:51:59 [kaufland_products] INFO: Scraped: Ergonomická sedmizónová matrace ze studené pěny |  | EAN=4064947004657 | kcal=0.0
2026-03-17 22:51:59 [kaufland_products] WARNING: No nutrition data for: Ergonomická sedmizónová matrace ze studené pěny | 90 x 190 cm | 13 cm | H2 a H3 | DREAMSTAR Easy Flex
2026-03-17 22:52:02 [kaufland_products] INFO: Scraped: Ergonomická sedmizónová matrace ze studené pěny |  | EAN=4064947004909 | kcal=0.0
2026-03-17 22:52:02 [kaufland_products] WARNING: No nutrition data for: Ergonomická sedmizónová matrace ze studené pěny | 140 x 200 cm | 16 cm | H2 a H3 | DREAMSTAR Easy Flex
2026-03-17 22:52:05 [kaufland_products] INFO: Scraped: Ergonomická sedmizónová oboustranná matrace XXL I  | EAN=4064947007580 | kcal=0.0
2026-03-17 22:52:05 [kaufland_products] WARNING: No nutrition data for: Ergonomická sedmizónová oboustranná matrace XXL I 160 x 200 cm I 22 cm I H3 & H4 I Ergo Flex XXL
2026-03-17 22:52:07 [kaufland_products] INFO: Scraped: Ergonomická sedmizónová oboustranná matrace XXL I  | EAN=4064947005906 | kcal=0.0
2026-03-17 22:52:07 [kaufland_products] WARNING: No nutrition data for: Ergonomická sedmizónová oboustranná matrace XXL I 80 x 200 cm I 22 cm I H2 & H3 I Ergo Flex XXL
2026-03-17 22:52:11 [kaufland_products] INFO: Scraped: Ergonomická sedmizónová matrace ze studené pěny |  | EAN=4064947004732 | kcal=0.0
2026-03-17 22:52:11 [kaufland_products] WARNING: No nutrition data for: Ergonomická sedmizónová matrace ze studené pěny | 80 x 200 cm | 13 cm | H2 a H3 | DREAMSTAR Easy Flex
2026-03-17 22:52:14 [kaufland_products] INFO: Scraped: Ergonomická sedmizónová matrace ze studené pěny |  | EAN=4064947004695 | kcal=0.0
2026-03-17 22:52:14 [kaufland_products] WARNING: No nutrition data for: Ergonomická sedmizónová matrace ze studené pěny | 140 x 200 cm | 13 cm | H2 a H3 | DREAMSTAR Easy Flex
2026-03-17 22:52:16 [kaufland_products] INFO: Scraped: Ergonomická sedmizónová oboustranná matrace XXL I  | EAN=4064947005937 | kcal=0.0
2026-03-17 22:52:16 [kaufland_products] WARNING: No nutrition data for: Ergonomická sedmizónová oboustranná matrace XXL I 180 x 200 cm I 22 cm I H2 & H3 I Ergo Flex XXL
2026-03-17 22:52:18 [kaufland_products] INFO: Scraped: Ergonomická sedmizónová matrace ze studené pěny |  | EAN=4064947002646 | kcal=0.0
2026-03-17 22:52:18 [kaufland_products] WARNING: No nutrition data for: Ergonomická sedmizónová matrace ze studené pěny | 140 x 200 cm | 16 cm | H3 a H4 | DREAMSTAR Ergo Flex Duo | Oboustranná matrace
2026-03-17 22:52:23 [kaufland_products] INFO: Scraped: Ergonomická sedmizónová oboustranná matrace XXL I  | EAN=4064947005913 | kcal=0.0
2026-03-17 22:52:23 [kaufland_products] WARNING: No nutrition data for: Ergonomická sedmizónová oboustranná matrace XXL I 160 x 200 cm I 22 cm I H2 & H3 I Ergo Flex XXL
2026-03-17 22:52:24 [kaufland_products] INFO: Scraped: Ergonomická sedmizónová matrace ze studené pěny |  | EAN=4064947002677 | kcal=0.0
2026-03-17 22:52:24 [kaufland_products] WARNING: No nutrition data for: Ergonomická sedmizónová matrace ze studené pěny | 90 x 200 cm | 16 cm | H3 a H4 | DREAMSTAR Ergo Flex Duo | Oboustranná matrace
2026-03-17 22:52:27 [kaufland_products] INFO: Scraped: Ergonomická sedmizónová matrace ze studené pěny |  | EAN=4064947001816 | kcal=0.0
2026-03-17 22:52:27 [kaufland_products] WARNING: No nutrition data for: Ergonomická sedmizónová matrace ze studené pěny | 80 x 200 cm | 16 cm | H2 a H3 | DREAMSTAR Ergo Flex Duo | Oboustranná matrace
2026-03-17 22:52:31 [kaufland_products] INFO: Scraped: Ergonomická sedmizónová oboustranná matrace XXL I  | EAN=4064947007573 | kcal=0.0
2026-03-17 22:52:31 [kaufland_products] WARNING: No nutrition data for: Ergonomická sedmizónová oboustranná matrace XXL I 140 x 200 cm I 22 cm I H3 & H4 I Ergo Flex XXL
2026-03-17 22:52:33 [kaufland_products] INFO: Scraped: Ergonomická sedmizónová oboustranná matrace XXL I  | EAN=4064947007535 | kcal=0.0
2026-03-17 22:52:33 [kaufland_products] WARNING: No nutrition data for: Ergonomická sedmizónová oboustranná matrace XXL I 90 x 200 cm I 22 cm I H3 & H4 I Ergo Flex XXL
2026-03-17 22:52:37 [scrapy.extensions.logstats] INFO: Crawled 531 pages (at 20 pages/min), scraped 494 items (at 20 items/min)
2026-03-17 22:52:39 [kaufland_products] INFO: Scraped: Ergonomická sedmizónová matrace ze studené pěny |  | EAN=4064947001809 | kcal=0.0
2026-03-17 22:52:39 [kaufland_products] WARNING: No nutrition data for: Ergonomická sedmizónová matrace ze studené pěny | 90 x 200 cm | 16 cm | H2 a H3 | DREAMSTAR Ergo Flex Duo | Oboustranná matrace
2026-03-17 22:52:41 [kaufland_products] INFO: Scraped: Ergonomická sedmizónová oboustranná matrace XXL I  | EAN=4064947005890 | kcal=0.0
2026-03-17 22:52:41 [kaufland_products] WARNING: No nutrition data for: Ergonomická sedmizónová oboustranná matrace XXL I 90 x 200 cm I 22 cm I H2 & H3 I Ergo Flex XXL
2026-03-17 22:52:43 [kaufland_products] INFO: Scraped: Ergonomická sedmizónová matrace ze studené pěny |  | EAN=4064947001564 | kcal=0.0
2026-03-17 22:52:43 [kaufland_products] WARNING: No nutrition data for: Ergonomická sedmizónová matrace ze studené pěny | 90 x 200 cm | 11 cm | H2 a H3 | DREAMSTAR Easy Flex
2026-03-17 22:52:48 [kaufland_products] INFO: [cream cheese] page 1: found 18 product links
2026-03-17 22:52:50 [kaufland_products] INFO: [chléb] page 1: found 27 product links
2026-03-17 22:52:53 [kaufland_products] INFO: [rohlík] page 1: found 20 product links
2026-03-17 22:52:55 [kaufland_products] INFO: [bageta] page 1: found 11 product links
2026-03-17 22:53:00 [kaufland_products] INFO: [chléb] page 2: found 23 product links
2026-03-17 22:53:02 [kaufland_products] INFO: [rohlík] page 2: found 19 product links
2026-03-17 22:53:05 [kaufland_products] INFO: [bageta] page 2: found 12 product links
2026-03-17 22:53:08 [kaufland_products] INFO: [chléb] page 3: found 28 product links
2026-03-17 22:53:10 [kaufland_products] INFO: [rohlík] page 3: found 27 product links
2026-03-17 22:53:11 [scrapy-playwright] WARNING: Closing page due to failed request: <GET https://www.kaufland.cz/s/?search_value=cream%20cheese&page=2> exc_type=<class 'playwright._impl._errors.TimeoutError'> exc_msg=Page.wait_for_selector: Timeout 15000ms exceeded.
Call log:
  - waiting for locator("a[href*='/product/']") to be visible
Traceback (most recent call last):
  File "/home/krokviak/.local/lib/python3.12/site-packages/scrapy_playwright/handler.py", line 480, in _download_request_with_retry
    return await self._download_request_with_page(request, page, spider)
           ^^^^^^^^^^^^^^^^^^^^^^^^^^^^^^^^^^^^^^^^^^^^^^^^^^^^^^^^^^^^^
  File "/home/krokviak/.local/lib/python3.12/site-packages/scrapy_playwright/handler.py", line 528, in _download_request_with_page
    await self._apply_page_methods(page, request, spider)
  File "/home/krokviak/.local/lib/python3.12/site-packages/scrapy_playwright/handler.py", line 678, in _apply_page_methods
    pm.result = await _maybe_await(method(*pm.args, **pm.kwargs))
                ^^^^^^^^^^^^^^^^^^^^^^^^^^^^^^^^^^^^^^^^^^^^^^^^^
  File "/home/krokviak/.local/lib/python3.12/site-packages/scrapy_playwright/_utils.py", line 23, in _maybe_await
    return await obj
           ^^^^^^^^^
  File "/home/krokviak/.local/lib/python3.12/site-packages/playwright/async_api/_generated.py", line 8234, in wait_for_selector
    await self._impl_obj.wait_for_selector(
  File "/home/krokviak/.local/lib/python3.12/site-packages/playwright/_impl/_page.py", line 419, in wait_for_selector
    return await self._main_frame.wait_for_selector(**locals_to_params(locals()))
           ^^^^^^^^^^^^^^^^^^^^^^^^^^^^^^^^^^^^^^^^^^^^^^^^^^^^^^^^^^^^^^^^^^^^^^
  File "/home/krokviak/.local/lib/python3.12/site-packages/playwright/_impl/_frame.py", line 369, in wait_for_selector
    await self._channel.send(
  File "/home/krokviak/.local/lib/python3.12/site-packages/playwright/_impl/_connection.py", line 69, in send
    return await self._connection.wrap_api_call(
           ^^^^^^^^^^^^^^^^^^^^^^^^^^^^^^^^^^^^^
  File "/home/krokviak/.local/lib/python3.12/site-packages/playwright/_impl/_connection.py", line 559, in wrap_api_call
    raise rewrite_error(error, f"{parsed_st['apiName']}: {error}") from None
playwright._impl._errors.TimeoutError: Page.wait_for_selector: Timeout 15000ms exceeded.
Call log:
  - waiting for locator("a[href*='/product/']") to be visible

2026-03-17 22:53:12 [kaufland_products] WARNING: Request failed: https://www.kaufland.cz/s/?search_value=cream%20cheese&page=2: Page.wait_for_selector: Timeout 15000ms exceeded.
Call log:
  - waiting for locator("a[href*='/product/']") to be visible

2026-03-17 22:53:15 [kaufland_products] INFO: [chléb] page 4: found 18 product links
2026-03-17 22:53:16 [kaufland_products] INFO: [rohlík] page 4: found 19 product links
2026-03-17 22:53:20 [kaufland_products] INFO: [chléb] page 5: found 19 product links
2026-03-17 22:53:23 [kaufland_products] INFO: [rohlík] page 5: found 24 product links
2026-03-17 22:53:25 [kaufland_products] INFO: Scraped: Bahlsen Hit Minis porcované balení dvojitých sušen | EAN=4017100041754 | kcal=503.0
2026-03-17 22:53:27 [scrapy-playwright] WARNING: Closing page due to failed request: <GET https://www.kaufland.cz/s/?search_value=bageta&page=3> exc_type=<class 'playwright._impl._errors.TimeoutError'> exc_msg=Page.wait_for_selector: Timeout 15000ms exceeded.
Call log:
  - waiting for locator("a[href*='/product/']") to be visible
Traceback (most recent call last):
  File "/home/krokviak/.local/lib/python3.12/site-packages/scrapy_playwright/handler.py", line 480, in _download_request_with_retry
    return await self._download_request_with_page(request, page, spider)
           ^^^^^^^^^^^^^^^^^^^^^^^^^^^^^^^^^^^^^^^^^^^^^^^^^^^^^^^^^^^^^
  File "/home/krokviak/.local/lib/python3.12/site-packages/scrapy_playwright/handler.py", line 528, in _download_request_with_page
    await self._apply_page_methods(page, request, spider)
  File "/home/krokviak/.local/lib/python3.12/site-packages/scrapy_playwright/handler.py", line 678, in _apply_page_methods
    pm.result = await _maybe_await(method(*pm.args, **pm.kwargs))
                ^^^^^^^^^^^^^^^^^^^^^^^^^^^^^^^^^^^^^^^^^^^^^^^^^
  File "/home/krokviak/.local/lib/python3.12/site-packages/scrapy_playwright/_utils.py", line 23, in _maybe_await
    return await obj
           ^^^^^^^^^
  File "/home/krokviak/.local/lib/python3.12/site-packages/playwright/async_api/_generated.py", line 8234, in wait_for_selector
    await self._impl_obj.wait_for_selector(
  File "/home/krokviak/.local/lib/python3.12/site-packages/playwright/_impl/_page.py", line 419, in wait_for_selector
    return await self._main_frame.wait_for_selector(**locals_to_params(locals()))
           ^^^^^^^^^^^^^^^^^^^^^^^^^^^^^^^^^^^^^^^^^^^^^^^^^^^^^^^^^^^^^^^^^^^^^^
  File "/home/krokviak/.local/lib/python3.12/site-packages/playwright/_impl/_frame.py", line 369, in wait_for_selector
    await self._channel.send(
  File "/home/krokviak/.local/lib/python3.12/site-packages/playwright/_impl/_connection.py", line 69, in send
    return await self._connection.wrap_api_call(
           ^^^^^^^^^^^^^^^^^^^^^^^^^^^^^^^^^^^^^
  File "/home/krokviak/.local/lib/python3.12/site-packages/playwright/_impl/_connection.py", line 559, in wrap_api_call
    raise rewrite_error(error, f"{parsed_st['apiName']}: {error}") from None
playwright._impl._errors.TimeoutError: Page.wait_for_selector: Timeout 15000ms exceeded.
Call log:
  - waiting for locator("a[href*='/product/']") to be visible

2026-03-17 22:53:27 [kaufland_products] WARNING: Request failed: https://www.kaufland.cz/s/?search_value=bageta&page=3: Page.wait_for_selector: Timeout 15000ms exceeded.
Call log:
  - waiting for locator("a[href*='/product/']") to be visible

2026-03-17 22:53:27 [kaufland_products] INFO: Scraped: Bikano Pani Puri 300 g | EAN=8901414001220 | kcal=221.0
2026-03-17 22:53:32 [kaufland_products] INFO: Scraped: Walkers Pure Butter Shortbread Scottie Dogs chlebí | EAN=0039047018136 39047018136 | kcal=0.0
2026-03-17 22:53:35 [kaufland_products] INFO: Scraped: Mc Vities Digestive mléčná čokoláda | EAN=5000396033359 | kcal=495.0
2026-03-17 22:53:37 [scrapy.extensions.logstats] INFO: Crawled 551 pages (at 20 pages/min), scraped 501 items (at 7 items/min)
2026-03-17 22:53:37 [kaufland_products] INFO: Scraped: DeBeukelaer Prinzen roll dvojité čokoládové sušenk | EAN=4001518115541 | kcal=0.0
2026-03-17 22:53:39 [kaufland_products] INFO: Scraped: Sušenky Hoppe variety mix jednotlivě balené 1090g | EAN=8710665920132 | kcal=522.0
2026-03-17 22:53:45 [kaufland_products] INFO: Scraped: Sušenky Oreo Gingerbread s příchutí skořice v bale | EAN=7622202309236 | kcal=0.0
2026-03-17 22:53:48 [kaufland_products] INFO: Scraped: Coppenrath domácí máslové sušenky s vanilkovou pří | EAN=4006952008121 | kcal=498.0
2026-03-17 22:53:50 [kaufland_products] INFO: Scraped: Bahlsen Leibniz Minis máslové sušenky v čokoládě 1 | EAN=4017100206009 | kcal=488.0
2026-03-17 22:53:52 [kaufland_products] INFO: Scraped: Sušenky Oreo Blueberry Icecream s borůvkovou nápln | EAN=7622300442507 | kcal=476.0
2026-03-17 22:53:55 [kaufland_products] INFO: Scraped: Dr. Quendt Original Spelt s hořkou čokoládou 85g | EAN=4013392081393 | kcal=478.0
2026-03-17 22:53:58 [kaufland_products] INFO: Scraped: Sušenky Simply Seeds - Čokoláda 150g | EAN=4015537002720 | kcal=457.0
2026-03-17 22:54:03 [kaufland_products] INFO: Scraped: Caprice oplatky 400g z ecka | EAN=5201004020338 | kcal=474.0
2026-03-17 22:54:04 [kaufland_products] INFO: Scraped: Leibniz Choko celozrnné sušenky křupavé s mléčnou  | EAN=4017100136009 | kcal=509.0
2026-03-17 22:54:07 [kaufland_products] INFO: Scraped: Kinder Colazione Più 290g | EAN=8000500283219 | kcal=407.0
2026-03-17 22:54:10 [kaufland_products] INFO: Scraped: Čočka Smarties v mléčné čokoládě s barevnou cukrov | EAN=40345512 | kcal=0.0
2026-03-17 22:54:12 [kaufland_products] INFO: Scraped: Leibniz Das Original máslové sušenky s křupavou ml | EAN=4017100290008 | kcal=505.0
2026-03-17 22:54:15 [kaufland_products] INFO: Scraped: Mulino Bianco Cuor di Mela 300 g italské sušenky s | EAN=8076809580670 | kcal=427.0
2026-03-17 22:54:18 [kaufland_products] INFO: Scraped: Coppenrath vaječné sušenky z lehkého a nadýchaného | EAN=4006952003027 | kcal=382.0
2026-03-17 22:54:24 [kaufland_products] INFO: Scraped: Marabou Cookies Zartbitter | EAN=7622210081940 | kcal=116.0
2026-03-17 22:54:25 [kaufland_products] INFO: Scraped: Celozrnné oplatky Manner se sníženým obsahem cukru | EAN=9000331607948 | kcal=480.0
2026-03-17 22:54:27 [kaufland_products] INFO: Scraped: Rýžové kroužky s čokoládovou polevou - celozrnné s | EAN=4000430114731 | kcal=494.0
2026-03-17 22:54:32 [kaufland_products] INFO: Scraped: True Dates Dates Cookie Dough přírodně sladké měkk | EAN=5745000657322 5745000657346 | kcal=1428.0
2026-03-17 22:54:34 [kaufland_products] INFO: Scraped: Löffelbiskuits - Dinkel 200g | EAN=3184340002300 | kcal=384.0
2026-03-17 22:54:37 [scrapy.extensions.logstats] INFO: Crawled 572 pages (at 21 pages/min), scraped 521 items (at 20 items/min)
2026-03-17 22:54:37 [kaufland_products] INFO: Scraped: Japonské arašídy 1 kg Taitto z Mexika Potažené sój | EAN=9509662659454 | kcal=0.0
2026-03-17 22:54:37 [kaufland_products] WARNING: No nutrition data for: Japonské arašídy 1 kg Taitto z Mexika Potažené sójovou příchutí.
2026-03-17 22:54:39 [kaufland_products] INFO: Scraped: Energetické kuličky - Himbeere Chia 50g | EAN=4260475160012 | kcal=367.0
2026-03-17 22:54:44 [kaufland_products] INFO: Scraped: Dr. Kargs Red Pepper Cracker s ovocnou pikantností | EAN=4033634300846 | kcal=443.0
2026-03-17 22:54:46 [kaufland_products] INFO: Scraped: Nerezový box na chléb Nerezový box na chléb s rolo | EAN=743557501247 0743557501247 | kcal=0.0
2026-03-17 22:54:46 [kaufland_products] WARNING: No nutrition data for: Nerezový box na chléb Nerezový box na chléb s rolovacím víkem a průhledným okénkem, rolovací box na chléb Stříbrný
2026-03-17 22:54:49 [kaufland_products] INFO: Scraped: Wolken Zwieback - Špalda s anýzem slazená medem 20 | EAN=4000381071930 | kcal=421.0
2026-03-17 22:54:52 [kaufland_products] INFO: Scraped: Wasa Chutné snacky pražené 190g | EAN=7300400482851 | kcal=396.0
2026-03-17 22:54:55 [kaufland_products] INFO: Scraped: Špaldový suchar neslazený 200g | EAN=4006182005044 | kcal=392.0
2026-03-17 22:54:58 [kaufland_products] INFO: Scraped: Dr. Karg's Organic Rustinis Rajčata a ementál křup | EAN=4033634011001 | kcal=434.0
2026-03-17 22:55:01 [kaufland_products] INFO: Scraped: Brandt značkový suchar pečený na slunečnicovém ole | EAN=4013752063854 | kcal=395.0
2026-03-17 22:55:04 [kaufland_products] INFO: Scraped: Nekynutý klasický chléb Jerusalem Matzos 500 g | EAN=7290002153689 | kcal=0.0
2026-03-17 22:55:04 [kaufland_products] WARNING: No nutrition data for: Nekynutý klasický chléb Jerusalem Matzos 500 g
2026-03-17 22:55:08 [kaufland_products] INFO: Scraped: Santa Maria celozrnná tortilla mexického typu 320g | EAN=7311311020636 | kcal=0.0
2026-03-17 22:55:10 [kaufland_products] INFO: Scraped: Tortilla wraps - přírodní 6 kusů 240g | EAN=5412514932473 | kcal=0.0
2026-03-17 22:55:10 [kaufland_products] WARNING: No nutrition data for: Tortilla wraps - přírodní 6 kusů 240g
2026-03-17 22:55:15 [kaufland_products] INFO: Scraped: WEEKSY Chocolate Chip Cookies 120g BOGUTTI | EAN=5902431565873 | kcal=429.0
2026-03-17 22:55:18 [kaufland_products] INFO: Scraped: oplatkové rohlíčky "Konafetto" s krémovou náplní s | EAN=4823077633058 | kcal=512.0
2026-03-17 22:55:21 [kaufland_products] INFO: Scraped: Máslové hnízda bez cukru 135g BOGUTTI | EAN=5902431561608 | kcal=472.0
2026-03-17 22:55:24 [kaufland_products] INFO: Scraped: Amaretti Classici 170 g italské mandlové sušenky | EAN=8023696005762 | kcal=474.0
2026-03-17 22:55:26 [kaufland_products] INFO: Scraped: Milka ChocoMoo | EAN=7622300503079 | kcal=494.0
2026-03-17 22:55:28 [kaufland_products] INFO: Scraped: Pultový dávkovač Bahlsen Chokini s příchutí pomera | EAN=4017100040962 | kcal=505.0
2026-03-17 22:55:32 [kaufland_products] INFO: Scraped: Křupky  150g | EAN=4005561005491 | kcal=477.0
2026-03-17 22:55:35 [kaufland_products] INFO: Scraped: DAELMANS - STROOPWAFELS DAELMANS SHOPS 230GR | Můž | EAN=8713621140971 | kcal=453.0
2026-03-17 22:55:37 [scrapy.extensions.logstats] INFO: Crawled 591 pages (at 19 pages/min), scraped 541 items (at 20 items/min)
2026-03-17 22:55:37 [kaufland_products] INFO: Scraped: Dr. Quendt Ruský chléb křupavé sladké dopisní suše | EAN=4013392081058 | kcal=385.0
2026-03-17 22:55:39 [kaufland_products] INFO: Scraped: Coppenrath jemné vanilkové sušenky bez cukru 200g | EAN=4006952006912 | kcal=463.0
2026-03-17 22:55:44 [kaufland_products] INFO: Scraped: Křupavé sušenky Oreo | EAN=7622201774998 | kcal=501.0
2026-03-17 22:55:47 [kaufland_products] INFO: Scraped: Leibniz Biscuit n Cream Choco máslové sušenky s ne | EAN=4017100365416 | kcal=523.0
2026-03-17 22:55:50 [kaufland_products] INFO: Scraped: Schulte Šmoulové jemné a chutné pečivo 200g | EAN=5410471915706 | kcal=0.0
2026-03-17 22:55:52 [kaufland_products] INFO: Scraped: OREO Gebäck 749615 Vanillecremefüllung 176g | EAN=8410000810004 | kcal=476.0
2026-03-17 22:55:55 [kaufland_products] INFO: Scraped: Grisbi Cioccolato 135 g italské sušenky s čokoládo | EAN=8000350007911 | kcal=543.0
2026-03-17 22:55:58 [kaufland_products] INFO: Scraped: Špaldové rohlíky 250g | EAN=4260360271205 | kcal=252.5
2026-03-17 22:56:00 [kaufland_products] INFO: Scraped: Skořicový chléb Sultana 620g | EAN=3184340801507 | kcal=293.0
2026-03-17 22:56:05 [kaufland_products] INFO: Scraped: Křupavý chléb z pohanky a quinoy vkvalitě | EAN=4005009102836 | kcal=369.0
2026-03-17 22:56:07 [kaufland_products] INFO: Scraped: Plátky - černá quinoa 250g | EAN=4022993047127 | kcal=234.0
2026-03-17 22:56:10 [kaufland_products] INFO: Scraped: Jihotyrolský Schüttelbrot 170g | EAN=4039057413071 | kcal=326.0
2026-03-17 22:56:13 [kaufland_products] INFO: Scraped: Celozrnný špaldový chléb 375g | EAN=3184340065053 | kcal=209.0
2026-03-17 22:56:16 [kaufland_products] INFO: Scraped: Wasa Mohn & Meersalz 245g | EAN=7300400482172 | kcal=348.0
2026-03-17 22:56:20 [kaufland_products] INFO: Scraped: Meisterbäckers Classic krájený chléb 330g | EAN=8008698027400 | kcal=233.0
2026-03-17 22:56:23 [kaufland_products] INFO: Scraped: Schnitzer 46128, 180 g, Německo, 185 kcal, 772 kJ, | EAN=4022993047172 | kcal=772.0
2026-03-17 22:56:26 [kaufland_products] INFO: Scraped: Schnitzer 4022993047189, 180 g, Německo, 205 kcal, | EAN=4022993047189 | kcal=859.0
2026-03-17 22:56:29 [kaufland_products] INFO: Scraped: Reis-Brot geschnitten 500g | EAN=4000430005701 | kcal=251.0
2026-03-17 22:56:32 [kaufland_products] INFO: Scraped: E'sener špaldový chléb - plátky 500g | EAN=4032586001016 | kcal=204.0
2026-03-17 22:56:34 [kaufland_products] INFO: Scraped: Mestemacher Indický chléb Naan klasický pšeničný n | EAN=4000446016883 | kcal=252.0
2026-03-17 22:56:36 [kaufland_products] INFO: Scraped: Květinový chléb - Lískový oříšek 150g | EAN=3380380103070 | kcal=391.0
2026-03-17 22:56:37 [scrapy.extensions.logstats] INFO: Crawled 612 pages (at 21 pages/min), scraped 562 items (at 21 items/min)
2026-03-17 22:56:39 [kaufland_products] INFO: Scraped: Milka Choc & Choc 175g | EAN=7622210396334 | kcal=455.0
2026-03-17 22:56:43 [kaufland_products] INFO: Scraped: Kuchenmeister Koala kakaové křupavé sladké sušenky | EAN=4008210262009 | kcal=535.0
2026-03-17 22:56:46 [kaufland_products] INFO: Scraped: GRIESSON Čokoládové horské sušenky klasické,150g | EAN=4001518112854 | kcal=493.0
2026-03-17 22:56:49 [kaufland_products] INFO: Scraped: Schulte jahodové a vanilkové vafle 175g | EAN=4008728036833 | kcal=577.0
2026-03-17 22:56:51 [kaufland_products] INFO: Scraped: Wicklein Burggraf Norimberské oplatky perníkové ml | EAN=4008355035186 | kcal=0.0
2026-03-17 22:56:54 [kaufland_products] INFO: Scraped: Bahlsen bonbóny trojité porční balení Deloba Hit M | EAN=4017100041563 | kcal=485.0
2026-03-17 22:57:00 [kaufland_products] INFO: Scraped: Marabou cookies plnotučné mléko | EAN=7622300589882 | kcal=117.0
2026-03-17 22:57:03 [kaufland_products] INFO: Scraped: Milka Choco Mini sušenky plněné lahodným, jemným m | EAN=7622300292522 | kcal=507.0
2026-03-17 22:57:05 [kaufland_products] INFO: Scraped: Leibniz Sušenky s mléčným krémem Kakaové sušenky s | EAN=4017100360015 | kcal=549.0
2026-03-17 22:57:08 [kaufland_products] INFO: Scraped: Leibniz PiCK UP Minis Mix Choco and Milk 2x assort | EAN=4017100040573 | kcal=513.0
2026-03-17 22:57:10 [kaufland_products] INFO: Scraped: Griesson Chocolate Mountain Cookies Crispy Brownie | EAN=4001518107638 | kcal=497.0
2026-03-17 22:57:13 [kaufland_products] INFO: Scraped: Dětské sušenky Duo s bílou a mléčnou čokoládou 150 | EAN=8000500385807 | kcal=524.0
2026-03-17 22:57:17 [kaufland_products] INFO: Scraped: Mini sušenky Milka | EAN=7622201135836 | kcal=503.0
2026-03-17 22:57:20 [kaufland_products] INFO: Scraped: Hanuta Minis jednotlivě balené křupavé mini plátky | EAN=4008400352329 | kcal=0.0
2026-03-17 22:57:22 [kaufland_products] INFO: Scraped: Buondi Bauli Rohlíky plněné čokoládou a polevou 27 | EAN=8014037008634 | kcal=0.0
2026-03-17 22:57:22 [kaufland_products] WARNING: No nutrition data for: Buondi Bauli Rohlíky plněné čokoládou a polevou 276g
2026-03-17 22:57:25 [kaufland_products] INFO: Scraped: Manner Törtchen lískooříšková oplatka s kakaovým k | EAN=9000331607955 | kcal=0.0
2026-03-17 22:57:30 [kaufland_products] INFO: Scraped: Kambly Butterfly tenké máslové sušenky s mandlemi  | EAN=7614800171001 | kcal=0.0
2026-03-17 22:57:33 [kaufland_products] INFO: Scraped: Pavesi Gocciole Chocolate 500 g italské sušenky s  | EAN=8013355999143 | kcal=488.0
2026-03-17 22:57:35 [kaufland_products] INFO: Scraped: Mulino Bianco Baiocchi Pistacchio 168 g italské su | EAN=8076809581318 | kcal=505.0
2026-03-17 22:57:37 [scrapy.extensions.logstats] INFO: Crawled 631 pages (at 19 pages/min), scraped 581 items (at 19 items/min)
2026-03-17 22:57:37 [kaufland_products] INFO: Scraped: Leibniz PiCK UP Minis Choco and milk s mléčným kré | EAN=4017100406317 | kcal=0.0
2026-03-17 22:57:40 [kaufland_products] INFO: Scraped: Milka Choco Cookie 168g | EAN=7622300356767 | kcal=494.0
2026-03-17 22:57:43 [kaufland_products] INFO: Scraped: Kukuřičný chléb se šťávou Aurora | EAN=4000406072904 | kcal=228.0
2026-03-17 22:57:45 [kaufland_products] INFO: Scraped: Dr. Karg'skřupavý chléb špaldový s müsli a včelím  | EAN=4033634071098 | kcal=433.0
2026-03-17 22:57:48 [kaufland_products] INFO: Scraped: Chléb - Chia+Quinoa 500g | EAN=4022993045253 | kcal=175.0
2026-03-17 22:57:52 [kaufland_products] INFO: Scraped: Wasa Crispbread bezlepkový a bezlaktózový Classic  | EAN=7300400481823 | kcal=398.0
2026-03-17 22:57:54 [kaufland_products] INFO: Scraped: Květinový chléb - Černá rýže 150g | EAN=3380380080432 | kcal=1576.0
2026-03-17 22:57:57 [kaufland_products] INFO: Scraped: alpina 6dílná sada nožů na chléb, maso, univerzáln | EAN=8711252067636 | kcal=0.0
2026-03-17 22:57:57 [kaufland_products] WARNING: No nutrition data for: alpina 6dílná sada nožů na chléb, maso, univerzální nůž, loupač a nůž santoku - včetně ekonomické loupačky
2026-03-17 22:58:00 [kaufland_products] INFO: Scraped: Continenta GmbH Chlebník, dub 40x26x18,5cm 4160 | EAN=4017167416007 | kcal=0.0
2026-03-17 22:58:00 [kaufland_products] WARNING: No nutrition data for: Continenta GmbH Chlebník, dub 40x26x18,5cm 4160
2026-03-17 22:58:04 [kaufland_products] INFO: Scraped: Wasa Delicate Rounds French Herbs s bylinkami a mo | EAN=7300400482219 | kcal=385.0
2026-03-17 22:58:07 [kaufland_products] INFO: Scraped: Chléb Wonder - Gold 600g | EAN=4015637827377 | kcal=279.0
2026-03-17 22:58:10 [kaufland_products] INFO: Scraped: Na chleba - Paprika a chilli 140g | EAN=4016249150365 | kcal=384.0
2026-03-17 22:58:14 [kaufland_products] INFO: Scraped: Wasa sendvič křupavý chléb se zakysanou smetanou a | EAN=7300400482301 | kcal=461.0
2026-03-17 22:58:16 [kaufland_products] INFO: Scraped: Wasa Crisp Original extra tenký žitný chléb s kvás | EAN=7300400317801 | kcal=338.0
2026-03-17 22:58:18 [kaufland_products] INFO: Scraped: Bezlepkový toast 400g | EAN=4250208801862 | kcal=225.0
2026-03-17 22:58:21 [kaufland_products] INFO: Scraped: Auf's Brot - Avokádo 140g | EAN=4016249172350 | kcal=302.0
2026-03-17 22:58:25 [kaufland_products] INFO: Scraped: Mestemacher Italské organické špaldové závitky 3 t | EAN=4000446015497 | kcal=304.0
2026-03-17 22:58:28 [kaufland_products] INFO: Scraped: Wasa the Mild oves a sezam s vysokým obsahem vlákn | EAN=7300400129169 | kcal=333.0
2026-03-17 22:58:31 [kaufland_products] INFO: Scraped: Celozrnný chléb Wasa s vlákninou 260g | EAN=7300400114714 | kcal=330.0
2026-03-17 22:58:36 [kaufland_products] INFO: Scraped: Schnitzer 4022993047073, 220 g, Německo, 184 kcal, | EAN=4022993047073 | kcal=774.0
2026-03-17 22:58:37 [scrapy.extensions.logstats] INFO: Crawled 651 pages (at 20 pages/min), scraped 601 items (at 20 items/min)
2026-03-17 22:58:38 [kaufland_products] INFO: Scraped: Wasa Sandwich Chives sýr a pažitka 3 celozrnné chi | EAN=7300400122702 | kcal=451.0
2026-03-17 22:58:41 [kaufland_products] INFO: Scraped: Leimer Panat směs strouhanky s jemným kořením a ve | EAN=4000186020201 | kcal=339.0
2026-03-17 22:58:43 [kaufland_products] INFO: Scraped: Brandt semínka křupavá dýňová semínka a lněné semí | EAN=4013752079701 | kcal=576.0
2026-03-17 22:58:45 [kaufland_products] INFO: Scraped: Relaxdays 10027276, 1 kusů | EAN=4052025272760 | kcal=0.0
2026-03-17 22:58:45 [kaufland_products] WARNING: No nutrition data for: Relaxdays 10027276, 1 kusů
2026-03-17 22:58:48 [kaufland_products] INFO: Scraped: Ibili Kitchen Mold 824804 in Silver color size Tal | EAN=8411922083644 | kcal=0.0
2026-03-17 22:58:48 [kaufland_products] WARNING: No nutrition data for: Ibili Kitchen Mold 824804 in Silver color size Talla unica
2026-03-17 22:58:53 [kaufland_products] INFO: Scraped: 2 kusy silikonové formy na dort s písmeny, bez BPA | EAN=763715941982 0763715941982 | kcal=0.0
2026-03-17 22:58:53 [kaufland_products] WARNING: No nutrition data for: 2 kusy silikonové formy na dort s písmeny, bez BPA, nepřilnavá forma na čokoládu, ideální pro zdobení dortů, sladkostí, čokolády, narozeninové oslavy, gumové medvídky
2026-03-17 22:58:55 [kaufland_products] INFO: Scraped: Emile Henry Forma na pečení chleba na 3 bagety - G | EAN=3289313455067 | kcal=0.0
2026-03-17 22:58:55 [kaufland_products] WARNING: No nutrition data for: Emile Henry Forma na pečení chleba na 3 bagety - Grand Cru
2026-03-17 22:58:58 [kaufland_products] INFO: Scraped: Pečicí forma ORION Pečicí forma na pečení BAGUETTE | EAN=8592381162382 | kcal=0.0
2026-03-17 22:58:58 [kaufland_products] WARNING: No nutrition data for: Pečicí forma ORION Pečicí forma na pečení BAGUETTES
2026-03-17 22:59:00 [kaufland_products] INFO: Scraped: 6 kusů mini bochníků na pečení, 5palcové kulaté fo | EAN=710558791243 0710558791243 | kcal=0.0
2026-03-17 22:59:00 [kaufland_products] WARNING: No nutrition data for: 6 kusů mini bochníků na pečení, 5palcové kulaté formy na pečení chleba z uhlíkové oceli, formy na pečení mini tartaletek
2026-03-17 22:59:05 [kaufland_products] INFO: Scraped: Leibniz Biscuit and Cream Dark Choc uzavíratelné b | EAN=4017100362026 | kcal=521.0
2026-03-17 22:59:07 [kaufland_products] INFO: Scraped: Sušenky Simply Seeds - kokosovo-mandlové 150g | EAN=4015537002744 | kcal=477.0
2026-03-17 22:59:10 [kaufland_products] INFO: Scraped: Křupavé oplatky Manner s náplní z kokosového krému | EAN=9000331607900 | kcal=524.0
2026-03-17 22:59:13 [kaufland_products] INFO: Scraped: Sušenky Nutella s ořechovou nugátovou krémovou náp | EAN=8000500310397 | kcal=515.0
2026-03-17 22:59:15 [kaufland_products] INFO: Scraped: Nutella Biscuits 3 sušenky se srdcem z Nutelly 41g | EAN=8000500359358 | kcal=511.0
2026-03-17 22:59:20 [kaufland_products] INFO: Scraped: Milka Choco Thins Choco Biscuits Kekse Alpenmilch  | EAN=7622201823733 | kcal=0.0
2026-03-17 22:59:22 [kaufland_products] INFO: Scraped: Oreo Choc White dvojité kakaové sušenky - potažené | EAN=7622300489427 | kcal=2228.0
2026-03-17 22:59:24 [kaufland_products] INFO: Scraped: Oreo Crunchies Original | EAN=7622201425050 | kcal=480.0
2026-03-17 22:59:28 [kaufland_products] INFO: Scraped: Schulte citronové vafle křupavé mini vafle 175g | EAN=4008728036840 | kcal=0.0
2026-03-17 22:59:31 [kaufland_products] INFO: Scraped: Loacker Quadratini Napolitan oplatkové plátky ve f | EAN=8000380005918 | kcal=516.0
2026-03-17 22:59:35 [kaufland_products] INFO: Scraped: kinder 6584 kinder Cards Kekse 5 St. | EAN=8000500269169 | kcal=510.0
2026-03-17 22:59:37 [scrapy.extensions.logstats] INFO: Crawled 671 pages (at 20 pages/min), scraped 621 items (at 20 items/min)
2026-03-17 22:59:37 [kaufland_products] INFO: Scraped: Manner Mozart Mignon plátky s mandlovo-oříškovou n | EAN=9000331607924 | kcal=533.0
2026-03-17 22:59:40 [kaufland_products] INFO: Scraped: Bahlsen Hit Cocoa Creme dvojitá sušenka s kakaovou | EAN=4017100349218 | kcal=508.0
2026-03-17 22:59:42 [kaufland_products] INFO: Scraped: Mulino Bianco Baiocchi Pistacchio 240 g italské su | EAN=8076809583039 | kcal=505.0
2026-03-17 22:59:47 [kaufland_products] INFO: Scraped: Bahlsen Leibniz Naše rodina sušenek sušenky oplatk | EAN=4017100241215 | kcal=0.0
2026-03-17 22:59:50 [kaufland_products] INFO: Scraped: Kinghoff Ocelový Chlebník Kh-1723 | EAN=5908287217232 | kcal=0.0
2026-03-17 22:59:50 [kaufland_products] WARNING: No nutrition data for: Kinghoff Ocelový Chlebník Kh-1723
2026-03-17 22:59:53 [kaufland_products] INFO: Scraped: Sultana chléb krájený bez lepku 400g | EAN=4250208800186 | kcal=291.0
2026-03-17 22:59:55 [kaufland_products] INFO: Scraped: Poensgen chléb se slunečnicovými semínky krájený b | EAN=4250208800599 | kcal=242.0
2026-03-17 22:59:57 [kaufland_products] INFO: Scraped: Simply Seeds - Pět semínek chleba 275g | EAN=4015537002348 | kcal=373.0
2026-03-17 23:00:02 [kaufland_products] INFO: Scraped: Schär Classic bez lepku krájený chléb (300g), 3759 | EAN=8008698005576 | kcal=233.0
2026-03-17 23:00:04 [kaufland_products] INFO: Scraped: Bread 'n Toast - bílý 400g | EAN=4022993047080 | kcal=176.0
2026-03-17 23:00:07 [kaufland_products] INFO: Scraped: Schär Super Sandwich 280g | EAN=8008698029060 | kcal=224.0
2026-03-17 23:00:10 [kaufland_products] INFO: Scraped: Mestemacher Gourmet Pumpernickel Roll sladká přích | EAN=4000446001216 | kcal=209.0
2026-03-17 23:00:12 [kaufland_products] INFO: Scraped: La Costena Tortilla frisch 20cm | EAN=4260099731384 | kcal=329.0
2026-03-17 23:00:18 [kaufland_products] INFO: Scraped: Mestemacher Náš čistý ovesný chléb s vybranými ole | EAN=4000446011628 | kcal=281.0
2026-03-17 23:00:21 [kaufland_products] INFO: Scraped: Wasa Delicate Rounds Sesam und Meersalz zlatavé pe | EAN=7300400482202 | kcal=407.0
2026-03-17 23:00:22 [kaufland_products] INFO: Scraped: Schnitzer 4607, 250 g, DE-ÖKO-003, 210 kcal, 884 k | EAN=4022993046076 | kcal=884.0
2026-03-17 23:00:26 [kaufland_products] INFO: Scraped: Mestemacher Premium košík na celozrnný chléb 5 dru | EAN=4000446001315 | kcal=181.0
2026-03-17 23:00:29 [kaufland_products] INFO: Scraped: Mestemacheršpaldový a zelený špaldový chléb bohatý | EAN=4000446001537 | kcal=199.0
2026-03-17 23:00:31 [kaufland_products] INFO: Scraped: Nízkosacharidový chléb - silný 200g | EAN=4260492959972 | kcal=299.0
2026-03-17 23:00:35 [kaufland_products] INFO: Scraped: Wasa žitný tradiční celozrnný chléb s přírodním kv | EAN=7300400129640 | kcal=336.0
2026-03-17 23:00:37 [scrapy.extensions.logstats] INFO: Crawled 691 pages (at 20 pages/min), scraped 641 items (at 20 items/min)
2026-03-17 23:00:38 [kaufland_products] INFO: Scraped: Žitný chléb Light&Cross crispbread | EAN=4008404001018 | kcal=371.0
2026-03-17 23:00:39 [kaufland_products] INFO: Scraped: Mestemacheržitný chléb celozrnný s vlákninou 500g | EAN=4000446001667 | kcal=188.0
2026-03-17 23:00:44 [kaufland_products] INFO: Scraped: Forma na bagety Baguette Tray Moulle Baguette Oven | EAN=9447429291373 | kcal=0.0
2026-03-17 23:00:44 [kaufland_products] WARNING: No nutrition data for: Forma na bagety Baguette Tray Moulle Baguette Oven Černá forma na chléb s nepřilnavým povrchem Perforovaná forma na tyčové pečivo pro umístění a pečení 4 francouzských baget
2026-03-17 23:00:45 [kaufland_products] INFO: Scraped: KÜCHENPROFI Tác na bagety s nepřilnavým povrchem 4 | EAN=4007371062978 | kcal=0.0
2026-03-17 23:00:45 [kaufland_products] WARNING: No nutrition data for: KÜCHENPROFI Tác na bagety s nepřilnavým povrchem 40x30x4cm
2026-03-17 23:00:48 [kaufland_products] INFO: Scraped: Städter we love baking, Forma na bagety, 250 °C, S | EAN=4018598661134 | kcal=0.0
2026-03-17 23:00:48 [kaufland_products] WARNING: No nutrition data for: Städter we love baking, Forma na bagety, 250 °C, Stříbrná, Kov, 370 mm, 240 mm
2026-03-17 23:00:54 [kaufland_products] INFO: Scraped: KAISER Forma na bagety děrovaná na 2 bagety černá | EAN=4006932651354 | kcal=0.0
2026-03-17 23:00:54 [kaufland_products] WARNING: No nutrition data for: KAISER Forma na bagety děrovaná na 2 bagety černá
2026-03-17 23:00:57 [kaufland_products] INFO: Scraped: RBV Birkmann 210141, Bronzová | EAN=4026883210141 | kcal=0.0
2026-03-17 23:00:57 [kaufland_products] WARNING: No nutrition data for: RBV Birkmann 210141, Bronzová
2026-03-17 23:00:59 [kaufland_products] INFO: Scraped: Birkmann košík na korektury Laib & Seele bageta 37 | EAN=4026883209022 | kcal=0.0
2026-03-17 23:00:59 [kaufland_products] WARNING: No nutrition data for: Birkmann košík na korektury Laib & Seele bageta 37 x 8,5 x 6,5 cm
2026-03-17 23:01:01 [kaufland_products] INFO: Scraped: RBV Birkmann 210219, Obdélníkový, Černá | EAN=4026883210219 | kcal=0.0
2026-03-17 23:01:01 [kaufland_products] WARNING: No nutrition data for: RBV Birkmann 210219, Obdélníkový, Černá
2026-03-17 23:01:03 [kaufland_products] INFO: Scraped: Plech na 3 bagety - 38x24x2,5 cm - forma na pečení | EAN=4260700657690 | kcal=0.0
2026-03-17 23:01:03 [kaufland_products] WARNING: No nutrition data for: Plech na 3 bagety - 38x24x2,5 cm - forma na pečení
2026-03-17 23:01:08 [kaufland_products] INFO: Scraped: Čokoládové oplatky Manner ve tvaru srdce s pomeran | EAN=9000331607795 | kcal=534.0
2026-03-17 23:01:10 [kaufland_products] INFO: Scraped: Manner Originální neapolská oplatka 086526 75g 12  | EAN=9000331014272 | kcal=485.0
2026-03-17 23:01:13 [kaufland_products] INFO: Scraped: Prinzen Rolle Cremys Choc & Milk 172 g | EAN=4001518115039 | kcal=0.0
2026-03-17 23:01:16 [kaufland_products] INFO: Scraped: Hanuta Haselnuss-Schnitten 360661 44g 18 St./Pack. | EAN=8000500273562 | kcal=0.0
2026-03-17 23:01:21 [kaufland_products] INFO: Scraped: Loacker Gran Pasticceria Tortina White křupavé opl | EAN=8000380155699 | kcal=561.0
2026-03-17 23:01:23 [kaufland_products] INFO: Scraped: Grisbi Nocciola 135 g italské sušenky s ořechovou  | EAN=8000350007928 | kcal=540.0
2026-03-17 23:01:25 [kaufland_products] INFO: Scraped: Manner Zarties křupavé oplatky s jemnou nugátovou  | EAN=9000331627489 | kcal=472.0
2026-03-17 23:01:27 [kaufland_products] INFO: Scraped: Manner Zarties Slané karamelové křupavé oplatky s  | EAN=9000331627526 | kcal=477.0
2026-03-17 23:01:32 [kaufland_products] INFO: Scraped: Oplatky Manner Mignon s lískooříškovým krémem a čo | EAN=9000331607993 | kcal=517.0
2026-03-17 23:01:35 [kaufland_products] INFO: Scraped: Mestemacher bílkové tousty se spoustou bílkovin 4  | EAN=4000446016791 | kcal=276.0
2026-03-17 23:01:37 [scrapy.extensions.logstats] INFO: Crawled 711 pages (at 20 pages/min), scraped 661 items (at 20 items/min)
2026-03-17 23:01:38 [kaufland_products] INFO: Scraped: Vícezrnný rohlík 210g | EAN=8008698013175 | kcal=290.0
2026-03-17 23:01:40 [kaufland_products] INFO: Scraped: Směs na pečení chleba - 8 Wunderbrödchen mistr svě | EAN=4015637015286 | kcal=452.0
2026-03-17 23:01:43 [kaufland_products] INFO: Scraped: Moin Haffysovesné rohlíky 4x80g | EAN=4031779605345 | kcal=245.0
2026-03-17 23:01:45 [kaufland_products] INFO: Scraped: Bezlepkový rohlík Kaiser 150g | EAN=4250208801909 | kcal=259.0
2026-03-17 23:01:49 [kaufland_products] INFO: Scraped: Bezlepkové ovesné rohlíky Haffy's - slunečnicová s | EAN=4031779606342 | kcal=300.0
2026-03-17 23:01:51 [kaufland_products] INFO: Scraped: Bahlsen oplatky dávkovač 150 kusů x 5g jednotlivá  | EAN=4017100040146 | kcal=520.0
2026-03-17 23:01:54 [kaufland_products] INFO: Scraped: Sklad potravinMaestro bílá ocelová taška MR1677ARW | EAN=4820177147201 | kcal=0.0
2026-03-17 23:01:54 [kaufland_products] WARNING: No nutrition data for: Sklad potravinMaestro bílá ocelová taška MR1677ARW
2026-03-17 23:01:57 [kaufland_products] INFO: Scraped: Mestemacher Indický mini chléb Naan s česnekem a k | EAN=4000446016890 | kcal=255.0
2026-03-17 23:02:02 [kaufland_products] INFO: Scraped: SchnitzerToastbrot Rustic, 430 g, Ječmen, Vejce, V | EAN=4022993047097 | kcal=779.0
2026-03-17 23:02:05 [kaufland_products] INFO: Scraped: Mestemacher proteinový chléb s mrkví bez konzervan | EAN=4000446011420 | kcal=228.0
2026-03-17 23:02:07 [kaufland_products] INFO: Scraped: Mestemacher Sylt Walnut Bread kulatý celozrnný chl | EAN=4000446011116 | kcal=197.0
2026-03-17 23:02:10 [kaufland_products] INFO: Scraped: Dinkel Zwieback 200g | EAN=3184340067002 | kcal=389.0
2026-03-17 23:02:12 [kaufland_products] INFO: Scraped: Wasa Delicate Crisp Cracker Křupavý chléb se sezam | EAN=7300400126205 | kcal=425.0
2026-03-17 23:02:18 [kaufland_products] INFO: Scraped: Celozrnný křupavý chléb - sezamový 200g | EAN=4012936001385 | kcal=372.0
2026-03-17 23:02:20 [kaufland_products] INFO: Scraped: Chia plátky chleba 375g | EAN=3184340065107 | kcal=169.0
2026-03-17 23:02:23 [kaufland_products] INFO: Scraped: Mestemacher Vestfálský chléb Pumpernickel Delicacy | EAN=4000446001025 | kcal=181.0
2026-03-17 23:02:24 [kaufland_products] INFO: Scraped: Meisterbäckers - Vícezrnný krájený chléb 330g | EAN=8008698027424 | kcal=249.0
2026-03-17 23:02:30 [kaufland_products] INFO: Scraped: Mestemacher slunečnicový celozrnný chléb 13 plátků | EAN=4000446001162 | kcal=194.0
2026-03-17 23:02:33 [kaufland_products] INFO: Scraped: Mestemacher Gourmet celozrnný chléb Classic Roll O | EAN=4000446001094 | kcal=215.0
2026-03-17 23:02:35 [kaufland_products] INFO: Scraped: Mestemacher Kebab Bread Pšeničný plochý chléb na k | EAN=4000446016807 | kcal=243.0
2026-03-17 23:02:37 [scrapy.extensions.logstats] INFO: Crawled 731 pages (at 20 pages/min), scraped 681 items (at 20 items/min)
2026-03-17 23:02:38 [kaufland_products] INFO: Scraped: Mestemacher proteinový chléb s vlašskými ořechy be | EAN=4000446011413 | kcal=261.0
2026-03-17 23:02:41 [kaufland_products] INFO: Scraped: Light&Cross Crispbread Vital | EAN=4001518006450 | kcal=364.0
2026-03-17 23:02:43 [kaufland_products] INFO: Scraped: Croissants 4 Stück x45g | EAN=3184340019650 | kcal=449.0
2026-03-17 23:02:46 [kaufland_products] INFO: Scraped: Mestemacher Westfalen Pumpernickel regionální chlé | EAN=4000446001018 | kcal=181.0
2026-03-17 23:02:50 [kaufland_products] INFO: Scraped: Mestemacher chléb s dýňovými semínky Celozrnný žit | EAN=4000446001797 | kcal=214.0
2026-03-17 23:02:52 [kaufland_products] INFO: Scraped: Pšeničný křupavý chléb Light&Cross | EAN=4008404001001 | kcal=391.0
2026-03-17 23:02:54 [kaufland_products] INFO: Scraped: Baguettini - Rustic 200g | EAN=4022993047035 | kcal=153.0
2026-03-17 23:02:57 [kaufland_products] INFO: Scraped: Mestemacher fitness chléb celozrnný žitný s ovsem  | EAN=4000446001780 | kcal=188.0
2026-03-17 23:03:00 [kaufland_products] INFO: Scraped: Želatina na  vaječnou tlačenku 1 x 20 g | EAN=8594009160091 | kcal=0.0
2026-03-17 23:03:00 [kaufland_products] WARNING: No nutrition data for: Želatina na  vaječnou tlačenku 1 x 20 g
2026-03-17 23:03:05 [kaufland_products] INFO: Scraped: Monin irský sirup s příchutí karamelu a kávy 700ml | EAN=4008077741426 | kcal=0.0
2026-03-17 23:03:05 [kaufland_products] WARNING: No nutrition data for: Monin irský sirup s příchutí karamelu a kávy 700ml
2026-03-17 23:03:07 [kaufland_products] INFO: Scraped: Henderson Sons Cheese Jalapeno Dip creamy spicy 12 | EAN=4053091083212 | kcal=147.0
2026-03-17 23:03:09 [kaufland_products] INFO: Scraped: Funko Pop! Sonic The Hedgehog - Cream With Cheese  | EAN=889698803076 0889698803076 | kcal=0.0
2026-03-17 23:03:09 [kaufland_products] WARNING: No nutrition data for: Funko Pop! Sonic The Hedgehog - Cream With Cheese #1034
2026-03-17 23:03:12 [kaufland_products] INFO: Scraped: Lorenz Crunchips WOW Jalapeno und Cream Cheese Kar | EAN=4018077822094 | kcal=0.0
2026-03-17 23:03:17 [kaufland_products] INFO: Scraped: FunCakes F10130, Poleva na jídlo, Zákusek, Dortová | EAN=8720143514425 | kcal=2220.0
2026-03-17 23:03:20 [kaufland_products] INFO: Scraped: Směs koření Ankerkraut se zakysanou smetanou a cib | EAN=4260347892287 | kcal=256.0
2026-03-17 23:03:22 [kaufland_products] INFO: Scraped: Silikonová forma na fondán s mořskou tematikou, 2  | EAN=710558796552 0710558796552 | kcal=0.0
2026-03-17 23:03:22 [kaufland_products] WARNING: No nutrition data for: Silikonová forma na fondán s mořskou tematikou, 2 kusy, mořská mušle, hvězdice, chobotnice, mořský koník, ryby pod mořem, ručně vyráběná forma na mýdlo, cukrářské výrobky, nástroje na pečení sušenek, čokolády
2026-03-17 23:03:24 [kaufland_products] INFO: Scraped: FunCakes Mix für Enchanted Cream® 900 g | EAN=8720143514807 | kcal=517.0
2026-03-17 23:03:29 [kaufland_products] INFO: [knäckebrot] page 1: found 26 product links
2026-03-17 23:03:31 [kaufland_products] INFO: [tortilla] page 1: found 24 product links
2026-03-17 23:03:34 [kaufland_products] INFO: [croissant] page 1: found 22 product links
2026-03-17 23:03:36 [kaufland_products] INFO: [knäckebrot] page 2: found 14 product links
2026-03-17 23:03:37 [scrapy.extensions.logstats] INFO: Crawled 752 pages (at 21 pages/min), scraped 698 items (at 17 items/min)
2026-03-17 23:03:40 [kaufland_products] INFO: [tortilla] page 2: found 29 product links
2026-03-17 23:03:41 [scrapy-playwright] WARNING: Closing page due to failed request: <GET https://www.kaufland.cz/s/?search_value=toast> exc_type=<class 'playwright._impl._errors.TimeoutError'> exc_msg=Page.wait_for_selector: Timeout 15000ms exceeded.
Call log:
  - waiting for locator("a[href*='/product/']") to be visible
Traceback (most recent call last):
  File "/home/krokviak/.local/lib/python3.12/site-packages/scrapy_playwright/handler.py", line 480, in _download_request_with_retry
    return await self._download_request_with_page(request, page, spider)
           ^^^^^^^^^^^^^^^^^^^^^^^^^^^^^^^^^^^^^^^^^^^^^^^^^^^^^^^^^^^^^
  File "/home/krokviak/.local/lib/python3.12/site-packages/scrapy_playwright/handler.py", line 528, in _download_request_with_page
    await self._apply_page_methods(page, request, spider)
  File "/home/krokviak/.local/lib/python3.12/site-packages/scrapy_playwright/handler.py", line 678, in _apply_page_methods
    pm.result = await _maybe_await(method(*pm.args, **pm.kwargs))
                ^^^^^^^^^^^^^^^^^^^^^^^^^^^^^^^^^^^^^^^^^^^^^^^^^
  File "/home/krokviak/.local/lib/python3.12/site-packages/scrapy_playwright/_utils.py", line 23, in _maybe_await
    return await obj
           ^^^^^^^^^
  File "/home/krokviak/.local/lib/python3.12/site-packages/playwright/async_api/_generated.py", line 8234, in wait_for_selector
    await self._impl_obj.wait_for_selector(
  File "/home/krokviak/.local/lib/python3.12/site-packages/playwright/_impl/_page.py", line 419, in wait_for_selector
    return await self._main_frame.wait_for_selector(**locals_to_params(locals()))
           ^^^^^^^^^^^^^^^^^^^^^^^^^^^^^^^^^^^^^^^^^^^^^^^^^^^^^^^^^^^^^^^^^^^^^^
  File "/home/krokviak/.local/lib/python3.12/site-packages/playwright/_impl/_frame.py", line 369, in wait_for_selector
    await self._channel.send(
  File "/home/krokviak/.local/lib/python3.12/site-packages/playwright/_impl/_connection.py", line 69, in send
    return await self._connection.wrap_api_call(
           ^^^^^^^^^^^^^^^^^^^^^^^^^^^^^^^^^^^^^
  File "/home/krokviak/.local/lib/python3.12/site-packages/playwright/_impl/_connection.py", line 559, in wrap_api_call
    raise rewrite_error(error, f"{parsed_st['apiName']}: {error}") from None
playwright._impl._errors.TimeoutError: Page.wait_for_selector: Timeout 15000ms exceeded.
Call log:
  - waiting for locator("a[href*='/product/']") to be visible

2026-03-17 23:03:41 [kaufland_products] WARNING: Request failed: https://www.kaufland.cz/s/?search_value=toast: Page.wait_for_selector: Timeout 15000ms exceeded.
Call log:
  - waiting for locator("a[href*='/product/']") to be visible

2026-03-17 23:03:44 [kaufland_products] INFO: [knäckebrot] page 3: found 12 product links
2026-03-17 23:03:46 [kaufland_products] INFO: [tortilla] page 3: found 27 product links
2026-03-17 23:03:49 [kaufland_products] INFO: Scraped: Esperanza EKT009 Sandwich Toaster 1000W Schwarz | EAN=5901299954492 | kcal=0.0
2026-03-17 23:03:49 [kaufland_products] WARNING: No nutrition data for: Esperanza EKT009 Sandwich Toaster 1000W Schwarz
2026-03-17 23:03:53 [kaufland_products] INFO: [tortilla] page 4: found 9 product links
2026-03-17 23:03:56 [scrapy-playwright] WARNING: Closing page due to failed request: <GET https://www.kaufland.cz/s/?search_value=croissant&page=2> exc_type=<class 'playwright._impl._errors.TimeoutError'> exc_msg=Page.wait_for_selector: Timeout 15000ms exceeded.
Call log:
  - waiting for locator("a[href*='/product/']") to be visible
Traceback (most recent call last):
  File "/home/krokviak/.local/lib/python3.12/site-packages/scrapy_playwright/handler.py", line 480, in _download_request_with_retry
    return await self._download_request_with_page(request, page, spider)
           ^^^^^^^^^^^^^^^^^^^^^^^^^^^^^^^^^^^^^^^^^^^^^^^^^^^^^^^^^^^^^
  File "/home/krokviak/.local/lib/python3.12/site-packages/scrapy_playwright/handler.py", line 528, in _download_request_with_page
    await self._apply_page_methods(page, request, spider)
  File "/home/krokviak/.local/lib/python3.12/site-packages/scrapy_playwright/handler.py", line 678, in _apply_page_methods
    pm.result = await _maybe_await(method(*pm.args, **pm.kwargs))
                ^^^^^^^^^^^^^^^^^^^^^^^^^^^^^^^^^^^^^^^^^^^^^^^^^
  File "/home/krokviak/.local/lib/python3.12/site-packages/scrapy_playwright/_utils.py", line 23, in _maybe_await
    return await obj
           ^^^^^^^^^
  File "/home/krokviak/.local/lib/python3.12/site-packages/playwright/async_api/_generated.py", line 8234, in wait_for_selector
    await self._impl_obj.wait_for_selector(
  File "/home/krokviak/.local/lib/python3.12/site-packages/playwright/_impl/_page.py", line 419, in wait_for_selector
    return await self._main_frame.wait_for_selector(**locals_to_params(locals()))
           ^^^^^^^^^^^^^^^^^^^^^^^^^^^^^^^^^^^^^^^^^^^^^^^^^^^^^^^^^^^^^^^^^^^^^^
  File "/home/krokviak/.local/lib/python3.12/site-packages/playwright/_impl/_frame.py", line 369, in wait_for_selector
    await self._channel.send(
  File "/home/krokviak/.local/lib/python3.12/site-packages/playwright/_impl/_connection.py", line 69, in send
    return await self._connection.wrap_api_call(
           ^^^^^^^^^^^^^^^^^^^^^^^^^^^^^^^^^^^^^
  File "/home/krokviak/.local/lib/python3.12/site-packages/playwright/_impl/_connection.py", line 559, in wrap_api_call
    raise rewrite_error(error, f"{parsed_st['apiName']}: {error}") from None
playwright._impl._errors.TimeoutError: Page.wait_for_selector: Timeout 15000ms exceeded.
Call log:
  - waiting for locator("a[href*='/product/']") to be visible

2026-03-17 23:03:56 [kaufland_products] INFO: Scraped: Elektrický krepovací stroj na omelety a palačinky1 | EAN=743557506488 0743557506488 | kcal=0.0
2026-03-17 23:03:56 [kaufland_products] WARNING: No nutrition data for: Elektrický krepovací stroj na omelety a palačinky1200W Tortilla Maker
2026-03-17 23:03:56 [kaufland_products] WARNING: Request failed: https://www.kaufland.cz/s/?search_value=croissant&page=2: Page.wait_for_selector: Timeout 15000ms exceeded.
Call log:
  - waiting for locator("a[href*='/product/']") to be visible

2026-03-17 23:03:59 [kaufland_products] INFO: [tortilla] page 5: found 12 product links
2026-03-17 23:04:01 [kaufland_products] INFO: Scraped: Tortilla deka 120 cm - Dárek k narozeninám, křtiná | EAN=5903181013683 | kcal=0.0
2026-03-17 23:04:01 [kaufland_products] WARNING: No nutrition data for: Tortilla deka 120 cm - Dárek k narozeninám, křtinám
2026-03-17 23:04:04 [kaufland_products] INFO: Scraped: Hosta Funkia Ogrodowa Tortilla Chip 1 ks Sazenice  | EAN=5905141100556 | kcal=0.0
2026-03-17 23:04:04 [kaufland_products] WARNING: No nutrition data for: Hosta Funkia Ogrodowa Tortilla Chip 1 ks Sazenice Sazenice Hosty Funkie
2026-03-17 23:04:05 [scrapy-playwright] WARNING: Closing page due to failed request: <GET https://www.kaufland.cz/s/?search_value=kn%C3%A4ckebrot&page=4> exc_type=<class 'playwright._impl._errors.TimeoutError'> exc_msg=Page.wait_for_selector: Timeout 15000ms exceeded.
Call log:
  - waiting for locator("a[href*='/product/']") to be visible
Traceback (most recent call last):
  File "/home/krokviak/.local/lib/python3.12/site-packages/scrapy_playwright/handler.py", line 480, in _download_request_with_retry
    return await self._download_request_with_page(request, page, spider)
           ^^^^^^^^^^^^^^^^^^^^^^^^^^^^^^^^^^^^^^^^^^^^^^^^^^^^^^^^^^^^^
  File "/home/krokviak/.local/lib/python3.12/site-packages/scrapy_playwright/handler.py", line 528, in _download_request_with_page
    await self._apply_page_methods(page, request, spider)
  File "/home/krokviak/.local/lib/python3.12/site-packages/scrapy_playwright/handler.py", line 678, in _apply_page_methods
    pm.result = await _maybe_await(method(*pm.args, **pm.kwargs))
                ^^^^^^^^^^^^^^^^^^^^^^^^^^^^^^^^^^^^^^^^^^^^^^^^^
  File "/home/krokviak/.local/lib/python3.12/site-packages/scrapy_playwright/_utils.py", line 23, in _maybe_await
    return await obj
           ^^^^^^^^^
  File "/home/krokviak/.local/lib/python3.12/site-packages/playwright/async_api/_generated.py", line 8234, in wait_for_selector
    await self._impl_obj.wait_for_selector(
  File "/home/krokviak/.local/lib/python3.12/site-packages/playwright/_impl/_page.py", line 419, in wait_for_selector
    return await self._main_frame.wait_for_selector(**locals_to_params(locals()))
           ^^^^^^^^^^^^^^^^^^^^^^^^^^^^^^^^^^^^^^^^^^^^^^^^^^^^^^^^^^^^^^^^^^^^^^
  File "/home/krokviak/.local/lib/python3.12/site-packages/playwright/_impl/_frame.py", line 369, in wait_for_selector
    await self._channel.send(
  File "/home/krokviak/.local/lib/python3.12/site-packages/playwright/_impl/_connection.py", line 69, in send
    return await self._connection.wrap_api_call(
           ^^^^^^^^^^^^^^^^^^^^^^^^^^^^^^^^^^^^^
  File "/home/krokviak/.local/lib/python3.12/site-packages/playwright/_impl/_connection.py", line 559, in wrap_api_call
    raise rewrite_error(error, f"{parsed_st['apiName']}: {error}") from None
playwright._impl._errors.TimeoutError: Page.wait_for_selector: Timeout 15000ms exceeded.
Call log:
  - waiting for locator("a[href*='/product/']") to be visible

2026-03-17 23:04:05 [kaufland_products] WARNING: Request failed: https://www.kaufland.cz/s/?search_value=kn%C3%A4ckebrot&page=4: Page.wait_for_selector: Timeout 15000ms exceeded.
Call log:
  - waiting for locator("a[href*='/product/']") to be visible

2026-03-17 23:04:08 [kaufland_products] INFO: Scraped: BRA A121465, Kulatý, Pánev na omeletu, Černá, Hlin | EAN=8411796110422 | kcal=0.0
2026-03-17 23:04:08 [kaufland_products] WARNING: No nutrition data for: BRA A121465, Kulatý, Pánev na omeletu, Černá, Hliník, Plyn, Indukční, 24 cm
2026-03-17 23:04:11 [kaufland_products] INFO: Scraped: Adler AD 3058 Palačinkovač ø30 cm - nepřilnavá top | EAN=5903887807043 | kcal=0.0
2026-03-17 23:04:11 [kaufland_products] WARNING: No nutrition data for: Adler AD 3058 Palačinkovač ø30 cm - nepřilnavá topná deska, 1600 W, černá/stříbrná
2026-03-17 23:04:14 [kaufland_products] INFO: Scraped: HENDI Tortillapresse, Rot, 685x250x(H)200mm | EAN=8711369513033 | kcal=0.0
2026-03-17 23:04:14 [kaufland_products] WARNING: No nutrition data for: HENDI Tortillapresse, Rot, 685x250x(H)200mm
2026-03-17 23:04:15 [kaufland_products] INFO: Scraped: Kinghoff Hot Dog Wrap Tortilla Rack Kh-1804 | EAN=5908287218048 | kcal=0.0
2026-03-17 23:04:15 [kaufland_products] WARNING: No nutrition data for: Kinghoff Hot Dog Wrap Tortilla Rack Kh-1804
2026-03-17 23:04:18 [kaufland_products] INFO: Scraped: Roti Maker Tortilla Maker Non Stick Black | EAN=743557483277 0743557483277 | kcal=0.0
2026-03-17 23:04:18 [kaufland_products] WARNING: No nutrition data for: Roti Maker Tortilla Maker Non Stick Black
2026-03-17 23:04:24 [kaufland_products] INFO: Scraped: BRA A121467, Kulatý, Pánev na omeletu, Černá, Hlin | EAN=8411796110828 | kcal=0.0
2026-03-17 23:04:24 [kaufland_products] WARNING: No nutrition data for: BRA A121467, Kulatý, Pánev na omeletu, Černá, Hliník, Plyn, Indukční, 26 cm
2026-03-17 23:04:26 [kaufland_products] INFO: Scraped: VEVOR lis na tortilly taco press (25 cm) z šedé li | EAN=197988152460 0197988152460 | kcal=0.0
2026-03-17 23:04:26 [kaufland_products] WARNING: No nutrition data for: VEVOR lis na tortilly taco press (25 cm) z šedé litiny, robustní pataconera maker s rukojetí a 100 ks. Pergamenový papír, lis na tortilly, kolumbijský profesionální výrobník pataconera roti
2026-03-17 23:04:29 [kaufland_products] INFO: Scraped: Chio Tortillas Original Salted vegetarisch vegan C | EAN=4001242105924 | kcal=150.0
2026-03-17 23:04:30 [kaufland_products] INFO: Scraped: Elektrický výrobník tortill VEVOR, automatický str | EAN=197988130864 0197988130864 | kcal=0.0
2026-03-17 23:04:30 [kaufland_products] WARNING: No nutrition data for: Elektrický výrobník tortill VEVOR, automatický stroj na výrobu kukuřičných tortill s nepřilnavým povrchem a formami (5,5 palce)
2026-03-17 23:04:35 [kaufland_products] INFO: Scraped: Gastro grilovací deska, hladká 3000W 555x430x230mm | EAN=5906083008047 | kcal=0.0
2026-03-17 23:04:35 [kaufland_products] WARNING: No nutrition data for: Gastro grilovací deska, hladká 3000W 555x430x230mm
2026-03-17 23:04:37 [scrapy.extensions.logstats] INFO: Crawled 771 pages (at 19 pages/min), scraped 712 items (at 14 items/min)
2026-03-17 23:04:37 [kaufland_products] INFO: Scraped: Poensgen venkovský chléb krájený bez lepku bez lak | EAN=4250208801534 | kcal=0.0
2026-03-17 23:04:40 [kaufland_products] INFO: Scraped: Victoria 34214 Lis na tortilly pro mexické tortill | EAN=7707231534214 | kcal=0.0
2026-03-17 23:04:40 [kaufland_products] WARNING: No nutrition data for: Victoria 34214 Lis na tortilly pro mexické tortilly, litinový HD 20 cm, Pataconera černý
2026-03-17 23:04:42 [kaufland_products] INFO: Scraped: Pánev na omelety Quid Gastro Fun - Ø 20 cm | EAN=8414793531818 | kcal=0.0
2026-03-17 23:04:42 [kaufland_products] WARNING: No nutrition data for: Pánev na omelety Quid Gastro Fun - Ø 20 cm
2026-03-17 23:04:46 [kaufland_products] INFO: Scraped: Gastro grilovací deska, hladká 2x2200W 735x510x230 | EAN=5906083008078 | kcal=0.0
2026-03-17 23:04:46 [kaufland_products] WARNING: No nutrition data for: Gastro grilovací deska, hladká 2x2200W 735x510x230mm
2026-03-17 23:04:48 [kaufland_products] INFO: Scraped: Mestemacher Vysokoproteinový chléb s vaječným bílk | EAN=4000446011574 | kcal=230.0
2026-03-17 23:04:52 [kaufland_products] INFO: Scraped: Byodo 234040, Sušenka, Přírodní, Kulatý, 385 kcal, | EAN=4018462250105 | kcal=1635.0
2026-03-17 23:04:54 [kaufland_products] INFO: Scraped: Čočkové oplatky 100g | EAN=5411788048590 | kcal=385.0
2026-03-17 23:04:59 [kaufland_products] INFO: Scraped: Krekry - parmazán 100g | EAN=3184340976090 | kcal=383.0
2026-03-17 23:05:02 [kaufland_products] INFO: Scraped: Cizrnové oplatky - plnotučné mléko 65g | EAN=4018462251607 | kcal=0.0
2026-03-17 23:05:02 [kaufland_products] WARNING: No nutrition data for: Cizrnové oplatky - plnotučné mléko 65g
2026-03-17 23:05:04 [kaufland_products] INFO: Scraped: Roland Stöckli Sezam křupavý a jemný s jemnou seza | EAN=7610058042803 | kcal=510.0
2026-03-17 23:05:07 [kaufland_products] INFO: Scraped: Chléb světlý bez lepku 1 x 500 g | EAN=8594009163849 | kcal=333.0
2026-03-17 23:05:11 [kaufland_products] INFO: Scraped: Takis Blue Heat rolované kukuřičné lupínky s přích | EAN=0757528048112 757528048112 | kcal=535.5
2026-03-17 23:05:13 [kaufland_products] INFO: Scraped: křupavý chléb s čočkou | EAN=4005009102782 | kcal=342.0
2026-03-17 23:05:15 [kaufland_products] INFO: Scraped: Finn Crisp Snacks Pražená paprika aus Vollkorn Chu | EAN=7310130010330 | kcal=0.0
2026-03-17 23:05:19 [kaufland_products] INFO: Scraped: Křupavý chléb s nízkým obsahem sacharidů - slunečn | EAN=4260492950832 | kcal=601.0
2026-03-17 23:05:22 [kaufland_products] INFO: Scraped: Dr. Kargs Classic 3 semínka se sezamem lněná slune | EAN=4033634051502 | kcal=464.0
2026-03-17 23:05:24 [kaufland_products] INFO: Scraped: Pan Ducale - typický dezert z oblasti Abruzzo (Itá | EAN=7427266699640 | kcal=418.0
2026-03-17 23:05:29 [kaufland_products] INFO: Scraped: Kakaová roláda KuchenMeister s vanilkovou náplní a | EAN=4101540726712 | kcal=414.0
2026-03-17 23:05:31 [kaufland_products] INFO: Scraped: Bahlsen Comtess Choco Chips vlhký piškot s čokolád | EAN=4017100450013 | kcal=0.0
2026-03-17 23:05:34 [kaufland_products] INFO: Scraped: DalColle Croissant Pistacchio 225 g rohlíčky s pis | EAN=8004970146012 | kcal=448.0
2026-03-17 23:05:37 [scrapy.extensions.logstats] INFO: Crawled 792 pages (at 21 pages/min), scraped 732 items (at 20 items/min)
2026-03-17 23:05:37 [kaufland_products] INFO: Scraped: Esser vanilkové půlměsíčky klasické zlaté sušenky  | EAN=4010934007156 | kcal=491.0
2026-03-17 23:05:39 [kaufland_products] INFO: Scraped: Schulte mandlový croissant s marcipánovými mandlem | EAN=4008728009325 | kcal=0.0
2026-03-17 23:05:43 [kaufland_products] INFO: Scraped: Tescoma Vykrajovací forma na rohlíčky DELÍCIA | EAN=8595028442489 | kcal=0.0
2026-03-17 23:05:43 [kaufland_products] WARNING: No nutrition data for: Tescoma Vykrajovací forma na rohlíčky DELÍCIA
2026-03-17 23:05:47 [kaufland_products] INFO: Scraped: Bezlepkový croissant 170g | EAN=4260360270079 | kcal=369.1
2026-03-17 23:05:50 [kaufland_products] INFO: Scraped: 7Days croissant s vanilkovou a višňovou náplní 240 | EAN=7622202009969 | kcal=439.0
2026-03-17 23:05:51 [kaufland_products] INFO: Scraped: Bauli croissanty s vanilkovou náplní 6 kusů karton | EAN=8001720445876 | kcal=0.0
2026-03-17 23:05:54 [kaufland_products] INFO: Scraped: Bauli croissanty s třešňovou náplní 6 kusů karton  | EAN=8001720445715 | kcal=1723.0
2026-03-17 23:06:00 [kaufland_products] INFO: Scraped: Dr. Oetker vanilková směs na pečení croissantů pro | EAN=4000521875503 | kcal=0.0
2026-03-17 23:06:00 [kaufland_products] WARNING: No nutrition data for: Dr. Oetker vanilková směs na pečení croissantů pro vánoční sezónu 360g
2026-03-17 23:06:02 [kaufland_products] INFO: Scraped: Bauli Croissant Cacao 6 St. Gallen | EAN=8001720645825 | kcal=0.0
2026-03-17 23:06:04 [kaufland_products] INFO: Scraped: Bauli croissanty s meruňkovou krémovou náplní 6 ku | EAN=8001720446200 | kcal=409.0
2026-03-17 23:06:07 [kaufland_products] INFO: Scraped: 7 Days Cream & Cookies Lískovooříškový croissant s | EAN=5201360531318 | kcal=0.0
2026-03-17 23:06:07 [kaufland_products] WARNING: No nutrition data for: 7 Days Cream & Cookies Lískovooříškový croissant se sušenkami 60 G
2026-03-17 23:06:10 [kaufland_products] INFO: Scraped: 7Days croissant s kakaovou a vanilkovou náplní 240 | EAN=7622202010231 | kcal=455.0
2026-03-17 23:06:13 [kaufland_products] INFO: Scraped: 7Days croissant s kakaovou náplní 240g | EAN=7622202009808 | kcal=453.0
2026-03-17 23:06:15 [kaufland_products] INFO: Scraped: Tortilla Rolls Kukuřice Rajčata Křupavé pikantní r | EAN=4005009104625 | kcal=502.0
2026-03-17 23:06:20 [kaufland_products] INFO: Scraped: Henderson and Sons Tortilla Chips Hot Chilli Taste | EAN=4053091082314 | kcal=426.0
2026-03-17 23:06:23 [kaufland_products] INFO: Scraped: Tortilla Chips s mořskou solí křupavé zlatožluté k | EAN=4005009100542 | kcal=480.0
2026-03-17 23:06:24 [kaufland_products] INFO: Scraped: Tortilla Chips Paprika křupavé, pikantní, zlatožlu | EAN=4005009100566 | kcal=480.0
2026-03-17 23:06:29 [kaufland_products] INFO: Scraped: Litinový talíř ORION Litinový talíř na pizzu, pala | EAN=8592381157661 | kcal=0.0
2026-03-17 23:06:29 [kaufland_products] WARNING: No nutrition data for: Litinový talíř ORION Litinový talíř na pizzu, palačinky, tortilly
2026-03-17 23:06:31 [kaufland_products] INFO: Scraped: Chio Tortillas Wild Paprika vegetariánský veganský | EAN=4001242105931 | kcal=148.0
2026-03-17 23:06:36 [kaufland_products] INFO: Scraped: Obrovská deka Tortilla 180 cm - narozeninový dárek | EAN=5903181013690 | kcal=0.0
2026-03-17 23:06:36 [kaufland_products] WARNING: No nutrition data for: Obrovská deka Tortilla 180 cm - narozeninový dárek
2026-03-17 23:06:37 [scrapy.extensions.logstats] INFO: Crawled 811 pages (at 19 pages/min), scraped 752 items (at 20 items/min)
2026-03-17 23:06:38 [kaufland_products] INFO: Scraped: Litinový lis na tortilly BBQ-Toro Ø 20 cm | na dom | EAN=4260532293684 | kcal=0.0
2026-03-17 23:06:38 [kaufland_products] WARNING: No nutrition data for: Litinový lis na tortilly BBQ-Toro Ø 20 cm | na domácí tortilly | Lis na tortilly
2026-03-17 23:06:40 [kaufland_products] INFO: Scraped: Santa Maria Taco Shells kukuřičné tortilly 135g | EAN=7311310380342 | kcal=0.0
2026-03-17 23:06:43 [kaufland_products] INFO: Scraped: Palapa Tortilla fresh Ideální pro wrapy Soft Tacos | EAN=4260099731407 | kcal=312.0
2026-03-17 23:06:47 [kaufland_products] INFO: Scraped: La Costena Maistortilla frisch 14 cm | EAN=4260099731254 | kcal=277.0
2026-03-17 23:06:49 [kaufland_products] INFO: Scraped: 3x Pravé mexické vegan tortilly s nixtamalem 500g  | EAN=753951267687 0753951267687 | kcal=0.0
2026-03-17 23:06:49 [kaufland_products] WARNING: No nutrition data for: 3x Pravé mexické vegan tortilly s nixtamalem 500g 25-30 kusů
2026-03-17 23:06:52 [kaufland_products] INFO: Scraped: Santa Maria Original Super Soft střední pšeničná t | EAN=7311310331276 | kcal=0.0
2026-03-17 23:06:54 [kaufland_products] INFO: Scraped: Celozrnný křupavý chléb Light&Cross | EAN=4001518104064 | kcal=360.0
2026-03-17 23:06:57 [kaufland_products] INFO: Scraped: 4-zrnný sezamový křupavý chléb - bezlepkový 150g | EAN=4000430004438 | kcal=441.0
2026-03-17 23:06:59 [kaufland_products] INFO: Scraped: Wasa sendvič křupavý sýr jemné bylinky francouzské | EAN=7300400127424 | kcal=464.0
2026-03-17 23:07:02 [kaufland_products] INFO: Scraped: Wasa Delicate Thin Crackers křupavé jemně kořeněné | EAN=7300400482561 | kcal=439.0
2026-03-17 23:07:04 [kaufland_products] INFO: Scraped: Wasa Delicate Crackers Sea Salt mořská sůl pečené  | EAN=7300400129206 | kcal=425.0
2026-03-17 23:07:07 [kaufland_products] INFO: Scraped: Wasa MP Kaese Sandwich, Tomate Basilic. | EAN=7300400127387 | kcal=479.0
2026-03-17 23:07:10 [kaufland_products] INFO: Scraped: Wasa Milch & Joghurt 230g | EAN=7300400482684 | kcal=338.0
2026-03-17 23:07:11 [kaufland_products] INFO: Scraped: Wasa Delicate Crackers Křupavý chléb s rajčaty a o | EAN=7300400481694 | kcal=428.0
2026-03-17 23:07:14 [kaufland_products] INFO: Scraped: Wasa křupavý chléb Delicate Crisp Rozmarýn a sůl e | EAN=7300400126229 | kcal=394.0
2026-03-17 23:07:16 [kaufland_products] INFO: Scraped: Křupavý chléb Wasa Rustikal s celozrnnými obilovin | EAN=7300400114745 | kcal=327.0
2026-03-17 23:07:18 [kaufland_products] INFO: [celozrnný chléb] page 1: found 27 product links
2026-03-17 23:07:21 [kaufland_products] INFO: [žitný chléb] page 1: found 25 product links
2026-03-17 23:07:23 [kaufland_products] INFO: [šunka] page 1: found 15 product links
2026-03-17 23:07:26 [kaufland_products] INFO: [kuřecí] page 1: found 27 product links
2026-03-17 23:07:28 [kaufland_products] INFO: [celozrnný chléb] page 2: found 25 product links
2026-03-17 23:07:31 [kaufland_products] INFO: [žitný chléb] page 2: found 28 product links
2026-03-17 23:07:33 [kaufland_products] INFO: [šunka] page 2: found 5 product links
2026-03-17 23:07:36 [kaufland_products] INFO: [kuřecí] page 2: found 25 product links
2026-03-17 23:07:37 [scrapy.extensions.logstats] INFO: Crawled 835 pages (at 24 pages/min), scraped 768 items (at 16 items/min)
2026-03-17 23:07:39 [kaufland_products] INFO: [celozrnný chléb] page 3: found 26 product links
2026-03-17 23:07:41 [kaufland_products] INFO: [žitný chléb] page 3: found 20 product links
2026-03-17 23:07:43 [kaufland_products] INFO: [šunka] page 3: found 8 product links
2026-03-17 23:07:46 [kaufland_products] INFO: [kuřecí] page 3: found 18 product links
2026-03-17 23:07:49 [kaufland_products] INFO: [celozrnný chléb] page 4: found 24 product links
2026-03-17 23:07:52 [kaufland_products] INFO: [žitný chléb] page 4: found 25 product links
2026-03-17 23:07:55 [kaufland_products] INFO: [šunka] page 4: found 10 product links
2026-03-17 23:07:57 [kaufland_products] INFO: [kuřecí] page 4: found 33 product links
2026-03-17 23:08:00 [kaufland_products] INFO: [celozrnný chléb] page 5: found 22 product links
2026-03-17 23:08:03 [kaufland_products] INFO: [žitný chléb] page 5: found 13 product links
2026-03-17 23:08:05 [kaufland_products] INFO: [šunka] page 5: found 15 product links
2026-03-17 23:08:07 [kaufland_products] INFO: [kuřecí] page 5: found 27 product links
2026-03-17 23:08:10 [kaufland_products] INFO: Scraped: Biobis - Choco Dinkel 320g | EAN=3184340000108 | kcal=483.0
2026-03-17 23:08:11 [kaufland_products] INFO: Scraped: Žitná mouka typ 1150 1kg | EAN=4022381225182 | kcal=0.0
2026-03-17 23:08:11 [kaufland_products] WARNING: No nutrition data for: Žitná mouka typ 1150 1kg
2026-03-17 23:08:14 [kaufland_products] INFO: Scraped: Blok nožů Wüsthof Classic s 9 položkami | EAN=4002293107523 | kcal=0.0
2026-03-17 23:08:14 [kaufland_products] WARNING: No nutrition data for: Blok nožů Wüsthof Classic s 9 položkami
2026-03-17 23:08:16 [kaufland_products] INFO: Scraped: Royal Canin Gastrointestinal, Dospělý jedinec, Kuř | EAN=9003579013557 | kcal=0.0
2026-03-17 23:08:19 [kaufland_products] INFO: Scraped: BRIT Premium by Nature Adult M 8 kg | EAN=8595602526369 | kcal=0.0
2026-03-17 23:08:19 [kaufland_products] WARNING: No nutrition data for: BRIT Premium by Nature Adult M 8 kg
2026-03-17 23:08:22 [kaufland_products] INFO: Scraped: ACXIN 1 x 30 m zábrana, plastová bezpečnostní síť, | EAN=754080730769 0754080730769 | kcal=0.0
2026-03-17 23:08:22 [kaufland_products] WARNING: No nutrition data for: ACXIN 1 x 30 m zábrana, plastová bezpečnostní síť, stavební plot, výstražná síť, bezpečnostní síť, plot proti divoké zvěři, bezpečnostní plot, výstražný plot, bez pásků, oranžová (1 role)
2026-03-17 23:08:25 [kaufland_products] INFO: Scraped: vidaXL Klec pro kuřata antracitová 200x91x100 cm p | EAN=8720286902509 | kcal=0.0
2026-03-17 23:08:25 [kaufland_products] WARNING: No nutrition data for: vidaXL Klec pro kuřata antracitová 200x91x100 cm pozinkovaná ocel
2026-03-17 23:08:27 [kaufland_products] INFO: Scraped: BRIT Premium by Nature Sport 3 kg | EAN=8595602526666 | kcal=4200.0
2026-03-17 23:08:30 [kaufland_products] INFO: Scraped: VL Complete Rat&Mouse pro potkany a myši 500g | EAN=5410340612989 | kcal=0.0
2026-03-17 23:08:32 [kaufland_products] INFO: Scraped: Sheba Selection Drůbeží příchutě v omáčce 85 G X 1 | EAN=4770608265571 | kcal=0.0
2026-03-17 23:08:32 [kaufland_products] WARNING: No nutrition data for: Sheba Selection Drůbeží příchutě v omáčce 85 G X 120 kusů
2026-03-17 23:08:35 [kaufland_products] INFO: Scraped: Multistation z nerezové oceli | Horký rošt pro Web | EAN=4260660350556 | kcal=0.0
2026-03-17 23:08:35 [kaufland_products] WARNING: No nutrition data for: Multistation z nerezové oceli | Horký rošt pro Weber Genesis II řady 300 | s držákem paliček | extra hluboký
2026-03-17 23:08:37 [scrapy.extensions.logstats] INFO: Crawled 858 pages (at 23 pages/min), scraped 779 items (at 11 items/min)
2026-03-17 23:08:37 [kaufland_products] INFO: Scraped: Brit Premium By Nature Sensitive Lamb 8 kg | EAN=8595602526635 | kcal=3660.0
2026-03-17 23:08:39 [kaufland_products] INFO: Scraped: Pamlsky pro psy - Mersjo měkká kuřecí prsa, doplně | EAN=5904553962097 | kcal=0.0
2026-03-17 23:08:41 [kaufland_products] INFO: Scraped: Brit Care Cat Snack Superfruits - Lamb 100g | EAN=8595602555697 | kcal=3.82
2026-03-17 23:08:43 [kaufland_products] INFO: Scraped: Brit 100g Cat Snack-Superfruits-Salmon | EAN=8595602521449 | kcal=3600.0
2026-03-17 23:08:46 [kaufland_products] INFO: Scraped: BRUBAKER Držák na láhev vína Žíznivý kohout - Držá | EAN=4251219632186 | kcal=0.0
2026-03-17 23:08:46 [kaufland_products] WARNING: No nutrition data for: BRUBAKER Držák na láhev vína Žíznivý kohout - Držák na láhev Opilá zvířata - Stojan na láhev Funny - Slepičí farma Deco Figurka Ručně malované doplňky k vínu Vtipná dekorace Dárek k vínu
2026-03-17 23:08:49 [kaufland_products] INFO: Scraped: BRIT Care Dog Mini Grain Free Light & Sterilised 7 | EAN=8595602521081 | kcal=3800.0
2026-03-17 23:08:52 [kaufland_products] INFO: Scraped: Pedigree Junior Kuře a rýže mokré krmivo pro štěňa | EAN=5900951017247 | kcal=87.0
2026-03-17 23:08:54 [kaufland_products] INFO: Scraped: WESTMARK Držák na 14 kuřecích paliček s podtáckem, | EAN=4004094159367 | kcal=0.0
2026-03-17 23:08:54 [kaufland_products] WARNING: No nutrition data for: WESTMARK Držák na 14 kuřecích paliček s podtáckem, nerezový
2026-03-17 23:08:56 [kaufland_products] INFO: Scraped: Mucola králičí bouda 2 patra malá zvířecí bouda kr | EAN=4250357312882 | kcal=0.0
2026-03-17 23:08:56 [kaufland_products] WARNING: No nutrition data for: Mucola králičí bouda 2 patra malá zvířecí bouda králičí bouda králičí klec ohrada králíkárna dřevěná venkovní ohrada
2026-03-17 23:08:59 [kaufland_products] INFO: Scraped: HILTON lahůdkové tyčinky kuřecí s rýží pro psy 500 | EAN=5902205065547 | kcal=0.0
2026-03-17 23:08:59 [kaufland_products] WARNING: No nutrition data for: HILTON lahůdkové tyčinky kuřecí s rýží pro psy 500g
2026-03-17 23:09:02 [kaufland_products] INFO: Scraped: Kuřecí hnojivo pelety (20 kg – pro 200 m2) - Organ | EAN=8719958997660 | kcal=0.0
2026-03-17 23:09:02 [kaufland_products] WARNING: No nutrition data for: Kuřecí hnojivo pelety (20 kg – pro 200 m2) - Organifer
2026-03-17 23:09:04 [kaufland_products] INFO: Scraped: Felix Fantastic Jell-O krmivo pro kočky 10,2 kg (1 | EAN=7613038578507 | kcal=0.0
2026-03-17 23:09:04 [kaufland_products] WARNING: No nutrition data for: Felix Fantastic Jell-O krmivo pro kočky 10,2 kg (120 x 85 g)
2026-03-17 23:09:07 [kaufland_products] INFO: Scraped: držák na kuřecí stehna Bremermann na 12 stehen neb | EAN=4057993140028 | kcal=0.0
2026-03-17 23:09:07 [kaufland_products] WARNING: No nutrition data for: držák na kuřecí stehna Bremermann na 12 stehen nebo kuřecích křídel
2026-03-17 23:09:09 [kaufland_products] INFO: Scraped: Brit 7kg Fre. Chicken Indoor Grain Free Anti-stres | EAN=8595602540846 | kcal=3.64
2026-03-17 23:09:13 [kaufland_products] INFO: Scraped: Aopunly kuřecí klapka 2v1 automatická dvířka pro k | EAN=9360172241153 | kcal=0.0
2026-03-17 23:09:13 [kaufland_products] WARNING: No nutrition data for: Aopunly kuřecí klapka 2v1 automatická dvířka pro kuřata s vodicími kolečky, časovačem, dálkovým ovládáním, příkonem 7,8 W, pro kurník, klapku pro domácí zvířata a drůbežárnu
2026-03-17 23:09:15 [kaufland_products] INFO: Scraped: ACXIN 1 x 30 m zábrana, plastová bezpečnostní síť, | EAN=765351925371 0765351925371 | kcal=0.0
2026-03-17 23:09:15 [kaufland_products] WARNING: No nutrition data for: ACXIN 1 x 30 m zábrana, plastová bezpečnostní síť, stavební plot, výstražná síť, bezpečnostní síť, plot proti divoké zvěři, bezpečnostní plot, výstražný plot, bez pásků, zelená (1 role)
2026-03-17 23:09:16 [kaufland_products] INFO: Scraped: Sessamen-LP 2 kolíky na maso Nerezová svorka na ma | EAN=0735102923918 735102923918 | kcal=0.0
2026-03-17 23:09:16 [kaufland_products] WARNING: No nutrition data for: Sessamen-LP 2 kolíky na maso Nerezová svorka na maso BBQ pro grilování kuřat na rožni Grilovací vidlice Multifunkční svorky na grilovací rožeň
2026-03-17 23:09:19 [kaufland_products] INFO: Scraped: Pochoutka 8in1 Fillets pro dental S 80g (svěží dec | EAN=4048422112358 | kcal=0.0
2026-03-17 23:09:22 [kaufland_products] INFO: Scraped: TolleTour Otevírač dvířek pro kuřata, Automatická  | EAN=9103312670624 | kcal=0.0
2026-03-17 23:09:22 [kaufland_products] WARNING: No nutrition data for: TolleTour Otevírač dvířek pro kuřata, Automatická klapka pro kuřata, Otevírač dvířek do kurníku, Automatická dvířka pro kuřata, Bezpečný chov kuřat
2026-03-17 23:09:25 [kaufland_products] INFO: Scraped: L.E.W. Sušení masa a uzenin, ryb a hovězího masa | | EAN=4170000094760 | kcal=0.0
2026-03-17 23:09:25 [kaufland_products] WARNING: No nutrition data for: L.E.W. Sušení masa a uzenin, ryb a hovězího masa | Ideální pro sušení masa, uzenin, ryb atd. | Sada příslušenství pro kadidlo |
2026-03-17 23:09:27 [kaufland_products] INFO: Scraped: Bílkovinné pouzdro karamel fi 100 mm 5 m | EAN=5905261002914 | kcal=0.0
2026-03-17 23:09:27 [kaufland_products] WARNING: No nutrition data for: Bílkovinné pouzdro karamel fi 100 mm 5 m
2026-03-17 23:09:30 [kaufland_products] INFO: Scraped: Moritz 2,5 kg udící moučka buk s jalovcem jemná 0, | EAN=4260761016467 | kcal=0.0
2026-03-17 23:09:30 [kaufland_products] WARNING: No nutrition data for: Moritz 2,5 kg udící moučka buk s jalovcem jemná 0,5 -1 mm uzení I studené uzení ryb maso klobásy sýry zelenina také pro BBQ I gril - uzení chipsy
2026-03-17 23:09:33 [kaufland_products] INFO: Scraped: VEVOR gril na selata gril na jehněčí maso 100,6 cm | EAN=0840349902852 840349902852 | kcal=0.0
2026-03-17 23:09:33 [kaufland_products] WARNING: No nutrition data for: VEVOR gril na selata gril na jehněčí maso 100,6 cm, 12 kg nerezový rožeň na pečení 9 W, gril na jehněčí maso BBQ grilovací vozík na grilování, velký rožeň vhodný na krůtu, šunku atd.
2026-03-17 23:09:36 [kaufland_products] INFO: Scraped: L.E.W. Sušení masa a uzenin, ryb a hovězího masa | | EAN=4170000094746 | kcal=0.0
2026-03-17 23:09:36 [kaufland_products] WARNING: No nutrition data for: L.E.W. Sušení masa a uzenin, ryb a hovězího masa | Ideální pro sušení masa, uzenin, ryb atd. | Sada příslušenství pro kadidlo |
2026-03-17 23:09:37 [scrapy.extensions.logstats] INFO: Crawled 882 pages (at 24 pages/min), scraped 803 items (at 24 items/min)
2026-03-17 23:09:38 [kaufland_products] INFO: Scraped: F. DICK nůž na porcování, řeznický nůž ErgoGrip s  | EAN=4009215186802 | kcal=0.0
2026-03-17 23:09:38 [kaufland_products] WARNING: No nutrition data for: F. DICK nůž na porcování, řeznický nůž ErgoGrip s čepelí 26 cm 82425261K
2026-03-17 23:09:40 [kaufland_products] INFO: Scraped: Stuzzy Dog kapsa Adult šunka 24X100G | EAN=8005852257314 | kcal=0.0
2026-03-17 23:09:43 [kaufland_products] INFO: Scraped: L.E.W. Sušení masa a uzenin, ryb a hovězího masa | | EAN=4170000094753 | kcal=0.0
2026-03-17 23:09:43 [kaufland_products] WARNING: No nutrition data for: L.E.W. Sušení masa a uzenin, ryb a hovězího masa | Ideální pro sušení masa, uzenin, ryb atd. | Sada příslušenství pro kadidlo |
2026-03-17 23:09:45 [kaufland_products] INFO: Scraped: Eisenbach LH-049: 9dílná profesionální sada nožů s | EAN=4895251805575 | kcal=0.0
2026-03-17 23:09:45 [kaufland_products] WARNING: No nutrition data for: Eisenbach LH-049: 9dílná profesionální sada nožů s rolovací taškou na přenášení
2026-03-17 23:09:48 [kaufland_products] INFO: Scraped: Čepel na těsto pro Thermomix TM7 TM6 TM5, náhradní | EAN=9417297623125 | kcal=0.0
2026-03-17 23:09:48 [kaufland_products] WARNING: No nutrition data for: Čepel na těsto pro Thermomix TM7 TM6 TM5, náhradní čepel na míchání těsta pro Thermomix, příslušenství k náhradním čepelím na míchání pro Vorwerk Thermomix TM7 TM6 TM5
2026-03-17 23:09:50 [kaufland_products] INFO: Scraped: Sada na výrobu Sandwich | EAN=8719075494301 | kcal=0.0
2026-03-17 23:09:50 [kaufland_products] WARNING: No nutrition data for: Sada na výrobu Sandwich
2026-03-17 23:09:53 [kaufland_products] INFO: Scraped: Šunkovar Debrecínka malá - forma na domácí šunku | EAN=0769503309934 769503309934 | kcal=0.0
2026-03-17 23:09:53 [kaufland_products] WARNING: No nutrition data for: Šunkovar Debrecínka malá - forma na domácí šunku
2026-03-17 23:09:55 [kaufland_products] INFO: Scraped: Feliator electric DOMO DO523S, 120 W | EAN=5411397148186 | kcal=0.0
2026-03-17 23:09:55 [kaufland_products] WARNING: No nutrition data for: Feliator electric DOMO DO523S, 120 W
2026-03-17 23:09:56 [kaufland_products] INFO: Scraped: Šunkovar Debrecínka speciál - forma na domácí šunk | EAN=0769503309941 769503309941 | kcal=0.0
2026-03-17 23:09:56 [kaufland_products] WARNING: No nutrition data for: Šunkovar Debrecínka speciál - forma na domácí šunku
2026-03-17 23:09:58 [kaufland_products] INFO: Scraped: Eta Delicca II Max, 1,5 kg, Časovač odloženého sta | EAN=8590393335930 | kcal=0.0
2026-03-17 23:09:58 [kaufland_products] WARNING: No nutrition data for: Eta Delicca II Max, 1,5 kg, Časovač odloženého startu, Skleněný průzor, Časovač, Variabilní kontrola propečení kůrky, Funkce uchování teploty
2026-03-17 23:10:00 [kaufland_products] INFO: Scraped: CANDeal Pro 450g těsta na toastový chléb Pečící pá | EAN=710558780261 0710558780261 | kcal=0.0
2026-03-17 23:10:00 [kaufland_products] WARNING: No nutrition data for: CANDeal Pro 450g těsta na toastový chléb Pečící pánev Pečivo na pečení dortů Pečící forma s víkem (černá-obdélník-hladká)
2026-03-17 23:10:02 [kaufland_products] INFO: Scraped: Tescoma Forma celozrnný chléb DELLA CASA | EAN=8595028484526 | kcal=0.0
2026-03-17 23:10:02 [kaufland_products] WARNING: No nutrition data for: Tescoma Forma celozrnný chléb DELLA CASA
2026-03-17 23:10:05 [kaufland_products] INFO: Scraped: obdélníková nepřilnavá forma na pečení chleba, kol | EAN=710558784016 0710558784016 | kcal=0.0
2026-03-17 23:10:05 [kaufland_products] WARNING: No nutrition data for: obdélníková nepřilnavá forma na pečení chleba, koláčů, dortů, palačinek, pizzy, 2 balení bochníkových forem
2026-03-17 23:10:07 [kaufland_products] INFO: Scraped: CANDeal Bread Toast Mould Loaf Pan Bread Baking Ti | EAN=710558778343 0710558778343 | kcal=0.0
2026-03-17 23:10:07 [kaufland_products] WARNING: No nutrition data for: CANDeal Bread Toast Mould Loaf Pan Bread Baking Tin Box Mould with Lid Vlnitý Pullman Loaf Pan Bread Baking Tin with Lid Pastry Bread Mould Allumium Alloy Non Stick Gold 450g Dough
2026-03-17 23:10:09 [kaufland_products] INFO: Scraped: CANDeal Pro 450g těsta na toastový chléb Pečící pá | EAN=710558771702 0710558771702 | kcal=0.0
2026-03-17 23:10:09 [kaufland_products] WARNING: No nutrition data for: CANDeal Pro 450g těsta na toastový chléb Pečící pánev Pečivo na pečení dortů Pečící forma s víkem (černá-obdélníková-vlna)
2026-03-17 23:10:12 [kaufland_products] INFO: Scraped: Bauck Mühle 414738, Chléb, 475 g, 341 kcal, 1444 k | EAN=4015637001678 | kcal=1444.0
2026-03-17 23:10:14 [kaufland_products] INFO: Scraped: Bauck Mühle 315637, Chléb, 350 g, 399 kcal, 1669 k | EAN=4015637015309 | kcal=1669.0
2026-03-17 23:10:17 [kaufland_products] INFO: Scraped: PLANET celozrnná mouka typ 20001kg | EAN=5907814665607 | kcal=0.0
2026-03-17 23:10:17 [kaufland_products] WARNING: No nutrition data for: PLANET celozrnná mouka typ 20001kg
2026-03-17 23:10:20 [kaufland_products] INFO: Scraped: BANÁNOVÁ CHLÉBOVÁ SMĚS S ČIASOVÝMI SEMÍNKYBEZ OVOC | EAN=5903317213246 | kcal=269.0
2026-03-17 23:10:22 [kaufland_products] INFO: Scraped: Applaws Katzentrockenfutter Kitten - 400 g | EAN=5060122491389 | kcal=0.0
2026-03-17 23:10:24 [kaufland_products] INFO: Scraped: ACXIN 1 x 50 m zábrana, plastová bezpečnostní síť  | EAN=765351925388 0765351925388 | kcal=0.0
2026-03-17 23:10:24 [kaufland_products] WARNING: No nutrition data for: ACXIN 1 x 50 m zábrana, plastová bezpečnostní síť stavební plot výstražná síť bezpečnostní síť plot pro volně žijící živočichy bezpečnostní plot výstražný plot, bez popruhů, zelená (1 role)
2026-03-17 23:10:27 [kaufland_products] INFO: Scraped: Wiltec drátěné pletivo zelené 1x10 m výška 100 cm  | EAN=4251548120934 | kcal=0.0
2026-03-17 23:10:27 [kaufland_products] WARNING: No nutrition data for: Wiltec drátěné pletivo zelené 1x10 m výška 100 cm tloušťka 0,9 mm velikost ok 12x12 mm, voliérový drát 4-hranný z pozinkované oceli, drátěné pletivo, drát pro ptáky
2026-03-17 23:10:29 [kaufland_products] INFO: Scraped: Jürgen Langbein Bihun polévka, 400 ml | EAN=4007680103799 | kcal=55.0
2026-03-17 23:10:32 [kaufland_products] INFO: Scraped: Felix Fantastic želé pro kočky 3,7 kg (44 kusů) | EAN=7613039931950 | kcal=0.0
2026-03-17 23:10:32 [kaufland_products] WARNING: No nutrition data for: Felix Fantastic želé pro kočky 3,7 kg (44 kusů)
2026-03-17 23:10:34 [kaufland_products] INFO: Scraped: EINFEBEN Sada grilovacích špízů Univerzální elektr | EAN=0726504107518 726504107518 | kcal=0.0
2026-03-17 23:10:34 [kaufland_products] WARNING: No nutrition data for: EINFEBEN Sada grilovacích špízů Univerzální elektrický otočný špíz pro plynový gril Sada otočných špízů Motor z nerezové oceli 220V - 240V
2026-03-17 23:10:36 [kaufland_products] INFO: Scraped: Akinu VITALITY Hovězí & játra mleté konzerva pro p | EAN=8595184954130 | kcal=1580.0
2026-03-17 23:10:37 [scrapy.extensions.logstats] INFO: Crawled 908 pages (at 26 pages/min), scraped 829 items (at 26 items/min)
2026-03-17 23:10:39 [kaufland_products] INFO: Scraped: Brit Care Losos bez obilovin pro dospělé, malý a s | EAN=8595602558834 | kcal=3740.0
2026-03-17 23:10:42 [kaufland_products] INFO: Scraped: Animonda Carny Adult Rind & Huhn 800gx6 | EAN=4017721837293 | kcal=0.0
2026-03-17 23:10:43 [kaufland_products] INFO: Scraped: Carnilove for Kittens Healthy Growth Lachs & Pute  | EAN=8595602512225 | kcal=4150.0
2026-03-17 23:10:46 [kaufland_products] INFO: Scraped: LEGO Marvel Spidey a jeho asn ptel 11200 Spidey, G | EAN=5702017814810 | kcal=0.0
2026-03-17 23:10:46 [kaufland_products] WARNING: No nutrition data for: LEGO Marvel Spidey a jeho asn ptel 11200 Spidey, Gobby a rapto bitva na zkladn na strom
2026-03-17 23:10:48 [kaufland_products] INFO: Scraped: Aopunly otevírání dvířek pro kuřata, automatická d | EAN=9121321602108 | kcal=0.0
2026-03-17 23:10:48 [kaufland_products] WARNING: No nutrition data for: Aopunly otevírání dvířek pro kuřata, automatická dvířka pro kuřata, otevírání dvířek do kurníku, automatická dvířka pro kuřata Hliníková automatická dvířka pro kuřata s vodotěsností, časovačem, manuálním ovládáním
2026-03-17 23:10:51 [kaufland_products] INFO: Scraped: LZQ žebřík pro kuřata do volného výběhu, prolézačk | EAN=702802095863 0702802095863 | kcal=0.0
2026-03-17 23:10:51 [kaufland_products] WARNING: No nutrition data for: LZQ žebřík pro kuřata do volného výběhu, prolézačka ze dřeva a pozinkované oceli, hračka pro kuřata pro druhově vhodný chov drůbeže, cca 140x105 cm, venkovní aktivity, typ A
2026-03-17 23:10:54 [kaufland_products] INFO: Scraped: YumYum Instantní asijská nudlová polévka s kuřecí  | EAN=8852018201021 | kcal=99.0
2026-03-17 23:10:57 [kaufland_products] INFO: Scraped: Hengda 7,8W automatické dveře pro kuřata s klapkou | EAN=9311835567516 | kcal=0.0
2026-03-17 23:10:57 [kaufland_products] WARNING: No nutrition data for: Hengda 7,8W automatické dveře pro kuřata s klapkou, 30*30cm otevírací dveře pro kuřata s časovačem a infračerveným senzorem
2026-03-17 23:10:59 [kaufland_products] INFO: Scraped: XINZI Žebřík pro slepice 5stupňová bidélka pro sle | EAN=0758548477296 758548477296 | kcal=0.0
2026-03-17 23:10:59 [kaufland_products] WARNING: No nutrition data for: XINZI Žebřík pro slepice 5stupňová bidélka pro slepice, houpačka pro slepice 136 x 105 cm, hřiště pro slepice ze dřeva a pozinkované trubky
2026-03-17 23:11:01 [kaufland_products] INFO: Scraped: Animonda GranCarno Adult Multifleisch-Cocktail 400 | EAN=4017721827300 | kcal=460.0
2026-03-17 23:11:03 [kaufland_products] INFO: Scraped: Mucola dávkovač krmiva pro kuřata plastový krmný d | EAN=4250357329002 | kcal=0.0
2026-03-17 23:11:03 [kaufland_products] WARNING: No nutrition data for: Mucola dávkovač krmiva pro kuřata plastový krmný dům krmná stanice krmítko pro drůbež krmný sloupec krmné silo - 3 kg
2026-03-17 23:11:06 [kaufland_products] INFO: Scraped: LARS360 BBQ 4x masová svorka masové kolíky nerezov | EAN=0762418422651 762418422651 | kcal=0.0
2026-03-17 23:11:06 [kaufland_products] WARNING: No nutrition data for: LARS360 BBQ 4x masová svorka masové kolíky nerezová grilovací svorka špízová vidlice grilovací špíz
2026-03-17 23:11:07 [kaufland_products] INFO: Scraped: Akinu Masíčka pamlsky pro psy kuřecí chipsy 300 g | EAN=8595184942212 | kcal=0.0
2026-03-17 23:11:07 [kaufland_products] WARNING: No nutrition data for: Akinu Masíčka pamlsky pro psy kuřecí chipsy 300 g
2026-03-17 23:11:09 [kaufland_products] INFO: Scraped: PawHut Kurník pro zakrslé slepice Kurník pro zakrs | EAN=4250871294602 | kcal=0.0
2026-03-17 23:11:09 [kaufland_products] WARNING: No nutrition data for: PawHut Kurník pro zakrslé slepice Kurník pro zakrslé slepice s výběhem Kurník s hnízdním boxem Kurník pro křepelky Venkovní zimovzdorná borovice Šedá+bílá 196 x 76 x 97 cm
2026-03-17 23:11:11 [kaufland_products] INFO: Scraped: SamYang Buldak 2x pikantní kuřecí příchuť instantn | EAN=8801073113428 | kcal=389.0
2026-03-17 23:11:14 [kaufland_products] INFO: Scraped: Mucola kurník pro kuřata dřevěné hnízdo pro kuřata | EAN=04250357324564 4250357324564 | kcal=0.0
2026-03-17 23:11:14 [kaufland_products] WARNING: No nutrition data for: Mucola kurník pro kuřata dřevěné hnízdo pro kuřata klec pro kuřata hnízdo pro malá zvířata králíkárna hnízdní box dřevěný volný výběh
2026-03-17 23:11:15 [kaufland_products] INFO: Scraped: Jayseuw 7,8W automatická dvířka pro kuřata Dvířka  | EAN=9178524879738 | kcal=0.0
2026-03-17 23:11:15 [kaufland_products] WARNING: No nutrition data for: Jayseuw 7,8W automatická dvířka pro kuřata Dvířka pro kuřata, 30*30cm otevírací dvířka pro kuřata s časovačem a infračerveným senzorem Design
2026-03-17 23:11:17 [kaufland_products] INFO: Scraped: Automatická klapka na kuře s časovačem, napájená b | EAN=9475631595798 | kcal=0.0
2026-03-17 23:11:17 [kaufland_products] WARNING: No nutrition data for: Automatická klapka na kuře s časovačem, napájená bateriemi, černá
2026-03-17 23:11:19 [kaufland_products] INFO: Scraped: COBI Terror Fried Mega Kubełek Zestaw Edukacyjny | EAN=5902251500405 | kcal=0.0
2026-03-17 23:11:19 [kaufland_products] WARNING: No nutrition data for: COBI Terror Fried Mega Kubełek Zestaw Edukacyjny
2026-03-17 23:11:22 [kaufland_products] INFO: Scraped: Bozita Original Adult Classic Huhn 12kg | EAN=7311030412323 | kcal=0.0
2026-03-17 23:11:25 [kaufland_products] INFO: Scraped: Felix 12480628, Dospělý jedinec, Hovězí, Kuřecí ma | EAN=7613287502193 | kcal=0.0
2026-03-17 23:11:27 [kaufland_products] INFO: Scraped: BBQ koření Rub Me Sweet Bones & Bacon Rub 1,2kg An | EAN=5060657371149 | kcal=0.0
2026-03-17 23:11:30 [kaufland_products] INFO: Scraped: Pamlsky pro psy - Mersjo sendvič s kuřecím masem a | EAN=5904553962127 | kcal=0.0
2026-03-17 23:11:32 [kaufland_products] INFO: Scraped: Buldak Hot Chicken Carbonara Flavour Ramen Noodles | EAN=8801073211667 | kcal=427.0
2026-03-17 23:11:35 [kaufland_products] INFO: Scraped: Purina Gourmet Perle filety v omáčce Mix Smaków –  | EAN=7613035826915 | kcal=0.0
2026-03-17 23:11:37 [scrapy.extensions.logstats] INFO: Crawled 933 pages (at 25 pages/min), scraped 854 items (at 25 items/min)
2026-03-17 23:11:38 [kaufland_products] INFO: Scraped: Aopunly Automatická klapka na kuře - velká s ochra | EAN=9121321602092 | kcal=0.0
2026-03-17 23:11:38 [kaufland_products] WARNING: No nutrition data for: Aopunly Automatická klapka na kuře - velká s ochranou proti přiskřípnutí v časovém/manuálním režimu, LCD displej, vodotěsnost IPX4, černá, s ochranou proti přiskřípnutí, 33x24,5 cm
2026-03-17 23:11:40 [kaufland_products] INFO: Scraped: Univerzální kráječ Sommertal AS190 DUAL 200 W nere | EAN=4250263781413 | kcal=0.0
2026-03-17 23:11:40 [kaufland_products] WARNING: No nutrition data for: Univerzální kráječ Sommertal AS190 DUAL 200 W nerezový nůž se zubatým a hladkým ostřím, prostorově úsporný, elektrický kráječ chleba, profesionální kráječ Moderní 0-15 mm
2026-03-17 23:11:43 [kaufland_products] INFO: Scraped: LAVA METAL TRIO ECO litinová grilovací pánev 26x30 | EAN=8682998022534 | kcal=0.0
2026-03-17 23:11:43 [kaufland_products] WARNING: No nutrition data for: LAVA METAL TRIO ECO litinová grilovací pánev 26x30 cm
2026-03-17 23:11:46 [kaufland_products] INFO: Scraped: Dřevěný stojan na šunku EDM (30,5 x 43,8 cm) | EAN=8425998765595 | kcal=0.0
2026-03-17 23:11:46 [kaufland_products] WARNING: No nutrition data for: Dřevěný stojan na šunku EDM (30,5 x 43,8 cm)
2026-03-17 23:11:48 [kaufland_products] INFO: Scraped: RUSSELL HOBBS 26810-56 Sendvičovač 3 v 1 | EAN=5038061151473 | kcal=0.0
2026-03-17 23:11:48 [kaufland_products] WARNING: No nutrition data for: RUSSELL HOBBS 26810-56 Sendvičovač 3 v 1
2026-03-17 23:11:51 [kaufland_products] INFO: Scraped: Maggi Fix pro troubu tortelloni alla panna rafinov | EAN=7613031698417 | kcal=151.0
2026-03-17 23:11:54 [kaufland_products] INFO: Scraped: SEVERIN AS 3912 Univerzální kráječ SEVERIN Compact | EAN=4008146043765 | kcal=0.0
2026-03-17 23:11:54 [kaufland_products] WARNING: No nutrition data for: SEVERIN AS 3912 Univerzální kráječ SEVERIN Compact AS 3912, bílý / černý
2026-03-17 23:11:56 [kaufland_products] INFO: Scraped: ORION kuchyňský teploměr Teploměr na maso s klipem | EAN=8592381114404 | kcal=0.0
2026-03-17 23:11:56 [kaufland_products] WARNING: No nutrition data for: ORION kuchyňský teploměr Teploměr na maso s klipem pro měření teploty masa polévek mléka
2026-03-17 23:11:58 [kaufland_products] INFO: Scraped: Maggi Fix na květákové bramborové ragú s petrželko | EAN=7613031699513 | kcal=76.0
2026-03-17 23:12:01 [kaufland_products] INFO: Scraped: Věšák na hrnce Věšák na pánve Cocina 65 cm Stropní | EAN=4260407932427 | kcal=0.0
2026-03-17 23:12:01 [kaufland_products] WARNING: No nutrition data for: Věšák na hrnce Věšák na pánve Cocina 65 cm Stropní police Závěsná police Závěsná klobásová koruna
2026-03-17 23:12:03 [kaufland_products] INFO: Scraped: ZWILLING Professional S sada nožů 8 ks, buk | EAN=4009839655968 | kcal=0.0
2026-03-17 23:12:03 [kaufland_products] WARNING: No nutrition data for: ZWILLING Professional S sada nožů 8 ks, buk
2026-03-17 23:12:06 [kaufland_products] INFO: Scraped: Tmavý chléb bez lepku 1 x 500 g | EAN=8594009163863 | kcal=0.0
2026-03-17 23:12:06 [kaufland_products] WARNING: No nutrition data for: Tmavý chléb bez lepku 1 x 500 g
2026-03-17 23:12:09 [kaufland_products] INFO: Scraped: Aurora Rustic Country Bread Směs na pečení žitného | EAN=4000406073246 | kcal=225.0
2026-03-17 23:12:12 [kaufland_products] INFO: Scraped: Diamant ciabatta chléb 500g | EAN=4000406003267 | kcal=244.0
2026-03-17 23:12:14 [kaufland_products] INFO: Scraped: Tota! Celozrnná žitná mouka 1 kg | EAN=5907996361007 | kcal=323.0
2026-03-17 23:12:17 [kaufland_products] INFO: Scraped: Dr. Oetker celozrnný žitný kvásek sušená směs na p | EAN=4000521028152 | kcal=352.0
2026-03-17 23:12:19 [kaufland_products] INFO: Scraped: Finn Crisp Snacks Vollkorn Roggenchips Sour Cream  | EAN=7310130010354 | kcal=0.0
2026-03-17 23:12:20 [kaufland_products] INFO: Scraped: Chlebové kroupy 1kg (2x500g) | EAN=5905514507142 | kcal=389.0
2026-03-17 23:12:22 [kaufland_products] INFO: Scraped: Bauck Mühle 315437, Chléb, 350 g, 366 kcal, 1540 k | EAN=4015637015224 | kcal=1540.0
2026-03-17 23:12:25 [kaufland_products] INFO: Scraped: Chléb kmínový 1 x 500 g | EAN=8594009164327 | kcal=342.0
2026-03-17 23:12:28 [kaufland_products] INFO: Scraped: Směs na pečení vícezrnného chleba | EAN=4006363101084 | kcal=354.0
2026-03-17 23:12:31 [kaufland_products] INFO: Scraped: Chléb slunečnicový 1 x 500 g | EAN=8594009164549 | kcal=366.0
2026-03-17 23:12:33 [kaufland_products] INFO: Scraped: Chléb Wonder 600g | EAN=4015637826417 | kcal=467.0
2026-03-17 23:12:35 [kaufland_products] INFO: Scraped: Dr. Kargs celozrnné chia a ovesné vločky s omega 3 | EAN=4033634062201 | kcal=447.0
2026-03-17 23:12:37 [scrapy.extensions.logstats] INFO: Crawled 957 pages (at 24 pages/min), scraped 878 items (at 24 items/min)
2026-03-17 23:12:38 [kaufland_products] INFO: Scraped: Sada 6KG krmítko pro drůbež + 6litrová napáječka p | EAN=4255691705529 | kcal=0.0
2026-03-17 23:12:38 [kaufland_products] WARNING: No nutrition data for: Sada 6KG krmítko pro drůbež + 6litrová napáječka pro drůbež Napáječka pro zvířata
2026-03-17 23:12:41 [kaufland_products] INFO: Scraped: TolleTour Automatická klapka na kuře - velká, s oc | EAN=9121321602535 | kcal=0.0
2026-03-17 23:12:41 [kaufland_products] WARNING: No nutrition data for: TolleTour Automatická klapka na kuře - velká, s ochranou proti skřípnutí v časovém/manuálním režimu, LCD displej, vodotěsná IPX4, černá, s ochranou proti skřípnutí, 33x24,5 cm
2026-03-17 23:12:43 [kaufland_products] INFO: Scraped: Sada pelet BBQ-Toro ze 100% ovocného dřeva, 4 druh | EAN=4260532299952 | kcal=0.0
2026-03-17 23:12:43 [kaufland_products] WARNING: No nutrition data for: Sada pelet BBQ-Toro ze 100% ovocného dřeva, 4 druhy po 1 kg, pelety do udírny pro grilování, pelety na grilování
2026-03-17 23:12:46 [kaufland_products] INFO: Scraped: Akinu Masíčka pamlsky pro psy kuřecí kostičky s ka | EAN=8595184942694 | kcal=0.0
2026-03-17 23:12:46 [kaufland_products] WARNING: No nutrition data for: Akinu Masíčka pamlsky pro psy kuřecí kostičky s karotkou 300 g
2026-03-17 23:12:47 [kaufland_products] INFO: Scraped: 4X jehly na maso Grilovací vidličky BBQ grilovací  | EAN=742484660478 0742484660478 | kcal=0.0
2026-03-17 23:12:47 [kaufland_products] WARNING: No nutrition data for: 4X jehly na maso Grilovací vidličky BBQ grilovací svorka na maso Kovová grilovací svorka na maso Špízová vidlička Vidlička na klobásy pro grily Železné galvanické příslušenství pro grilování
2026-03-17 23:12:50 [kaufland_products] INFO: Scraped: GOURMETmaxx Horkovzdušná fritéza mechanická 4,5 l  | EAN=4067522015055 | kcal=0.0
2026-03-17 23:12:50 [kaufland_products] WARNING: No nutrition data for: GOURMETmaxx Horkovzdušná fritéza mechanická 4,5 l černá 8 programů nízkotučné vaření grilování pečení bez oleje LCD displej časovač a funkce stay-on 1400 W
2026-03-17 23:12:53 [kaufland_products] INFO: Scraped: ACXIN 1 x 80 m zábrana, plastová bezpečnostní síť  | EAN=765351925395 0765351925395 | kcal=0.0
2026-03-17 23:12:53 [kaufland_products] WARNING: No nutrition data for: ACXIN 1 x 80 m zábrana, plastová bezpečnostní síť stavební plot výstražná síť bezpečnostní síť plot pro volně žijící živočichy bezpečnostní plot výstražný plot, bez popruhů, zelená (1 role)
2026-03-17 23:12:55 [kaufland_products] INFO: Scraped: Adler AD 6733 Papírové vložky do horkovzdušné frit | EAN=5905575909688 | kcal=0.0
2026-03-17 23:12:55 [kaufland_products] WARNING: No nutrition data for: Adler AD 6733 Papírové vložky do horkovzdušné fritézy, 100 kusů, 23 x 23 x 4,5 cm
2026-03-17 23:12:58 [kaufland_products] INFO: Scraped: Bremermann grilovací špízy sada 4 ks se 2 úložnými | EAN=4057993140011 | kcal=0.0
2026-03-17 23:12:58 [kaufland_products] WARNING: No nutrition data for: Bremermann grilovací špízy sada 4 ks se 2 úložnými stojany, držák na grilovací špízy
2026-03-17 23:13:00 [kaufland_products] INFO: Scraped: Koření na pečená kuřata Premium - Mega Chicken - l | EAN=4260707590099 | kcal=96.0
2026-03-17 23:13:03 [kaufland_products] INFO: Scraped: Akinu MASÍČKA Kuřecí proužky pamlsek pro psy 300 g | EAN=8595184942236 | kcal=0.0
2026-03-17 23:13:03 [kaufland_products] WARNING: No nutrition data for: Akinu MASÍČKA Kuřecí proužky pamlsek pro psy 300 g
2026-03-17 23:13:06 [kaufland_products] INFO: Scraped: THANK´Q Kuřecí granule krmivo pro psy 10 kg | EAN=5941878203252 | kcal=3173.0
2026-03-17 23:13:08 [kaufland_products] INFO: Scraped: Sessamen-LP 80m bariérový plot bezpečnostní síť z  | EAN=0735102437972 735102437972 | kcal=0.0
2026-03-17 23:13:08 [kaufland_products] WARNING: No nutrition data for: Sessamen-LP 80m bariérový plot bezpečnostní síť z PE plastu pes plot varování plot konstrukce plot hra plot bezpečnostní síť pro rodinu, zelená
2026-03-17 23:13:11 [kaufland_products] INFO: Scraped: BBQ koření The original SPG 113g | EAN=0858389003729 | kcal=0.0
2026-03-17 23:13:13 [kaufland_products] INFO: Scraped: Sessamen-LP 80m bariérový plot bezpečnostní síť z  | EAN=0765351889420 765351889420 | kcal=0.0
2026-03-17 23:13:13 [kaufland_products] WARNING: No nutrition data for: Sessamen-LP 80m bariérový plot bezpečnostní síť z PE plastu pes plot varování plot konstrukce plot hra plot bezpečnostní síť pro rodinu, oranžová
2026-03-17 23:13:15 [kaufland_products] INFO: Scraped: TWOLIIN Svorka na maso 2 kusy Kolíky na maso pro g | EAN=0735102690858 735102690858 | kcal=0.0
2026-03-17 23:13:15 [kaufland_products] WARNING: No nutrition data for: TWOLIIN Svorka na maso 2 kusy Kolíky na maso pro grilovací rožeň Nerezová ocel Multifunkční gril na kuřata Grilovací vidlice na otočný rožeň
2026-03-17 23:13:17 [kaufland_products] INFO: Scraped: Yakimz Automatická klapka na kuře s časovačem, nap | EAN=9103312668935 | kcal=0.0
2026-03-17 23:13:17 [kaufland_products] WARNING: No nutrition data for: Yakimz Automatická klapka na kuře s časovačem, napájená bateriemi, černá
2026-03-17 23:13:20 [kaufland_products] INFO: Scraped: ritter náhradní nůž 519.106 hladký nůž na šunku/kr | EAN=4004822459103 | kcal=0.0
2026-03-17 23:13:20 [kaufland_products] WARNING: No nutrition data for: ritter náhradní nůž 519.106 hladký nůž na šunku/krájení s oranžovým ozubením vhodný pro Ritter Classico1, Icaro7
2026-03-17 23:13:23 [kaufland_products] INFO: Scraped: Šunkovar na 1,5kg masa s teploměrem a sáčky | EAN=5908277704186 | kcal=0.0
2026-03-17 23:13:23 [kaufland_products] WARNING: No nutrition data for: Šunkovar na 1,5kg masa s teploměrem a sáčky
2026-03-17 23:13:25 [kaufland_products] INFO: Scraped: Creative Home Sada 6 Dřevěných Snídaňových Talířů  | EAN=5060530138395 | kcal=0.0
2026-03-17 23:13:25 [kaufland_products] WARNING: No nutrition data for: Creative Home Sada 6 Dřevěných Snídaňových Talířů | 22,5 x 12,5 x 1,2 cm | Dřevěná Oboustranná Krájecí Deska | Dřevěná Kuchyňská Deska na Chléb Maso Zeleninu Sýr a šunku
2026-03-17 23:13:27 [kaufland_products] INFO: Scraped: Tescoma Šunkovar PRESTO, s teploměrem | EAN=8595028449600 | kcal=0.0
2026-03-17 23:13:27 [kaufland_products] WARNING: No nutrition data for: Tescoma Šunkovar PRESTO, s teploměrem
2026-03-17 23:13:29 [kaufland_products] INFO: Scraped: Teploměr Do Trouby Měření Teploty V Troubě Měření  | EAN=8711295647192 | kcal=0.0
2026-03-17 23:13:29 [kaufland_products] WARNING: No nutrition data for: Teploměr Do Trouby Měření Teploty V Troubě Měření Teploty Masa Šunka Kouření Gril
2026-03-17 23:13:31 [kaufland_products] INFO: Scraped: ARCOS 166800 1 ks. Nůž na vaření Nórdika | EAN=8421002166808 | kcal=0.0
2026-03-17 23:13:31 [kaufland_products] WARNING: No nutrition data for: ARCOS 166800 1 ks. Nůž na vaření Nórdika
2026-03-17 23:13:33 [kaufland_products] INFO: Scraped: Maggi 5minutové terinové špagety ve smetanové šunk | EAN=4005500339458 | kcal=113.0
2026-03-17 23:13:36 [kaufland_products] INFO: Scraped: Creative Home Dřevěné Krájecí Prkénko s Drážkou na | EAN=5060530133543 | kcal=0.0
2026-03-17 23:13:36 [kaufland_products] WARNING: No nutrition data for: Creative Home Dřevěné Krájecí Prkénko s Drážkou na šťávu | 42 x 24,5 x 1,5 cm | Oboustranné Krájecí Prkénko | Dřevěné Kuchyňské Krájecí Prkénko Ideální na Chléb, Maso, Zeleninu, Sýr a šunku
2026-03-17 23:13:37 [scrapy.extensions.logstats] INFO: Crawled 982 pages (at 25 pages/min), scraped 903 items (at 25 items/min)
2026-03-17 23:13:38 [kaufland_products] INFO: Scraped: Celozrnný kvásek sušený 30g | EAN=4013044100076 | kcal=334.0
2026-03-17 23:13:41 [kaufland_products] INFO: Scraped: Vlašský ořech 6 kusů 360g | EAN=3419390402603 | kcal=309.0
2026-03-17 23:13:44 [kaufland_products] INFO: Scraped: 6zrnný chléb Aurora | EAN=4000406072898 | kcal=251.0
2026-03-17 23:13:47 [kaufland_products] INFO: Scraped: Chléb Wonder s ořechy 600g | EAN=4015637827094 | kcal=487.0
2026-03-17 23:13:49 [kaufland_products] INFO: Scraped: Horkovzdušná fritéza, objem 6,3 l Black Rose Berli | EAN=5999108451577 | kcal=0.0
2026-03-17 23:13:49 [kaufland_products] WARNING: No nutrition data for: Horkovzdušná fritéza, objem 6,3 l Black Rose Berlinger Haus BH 9446
2026-03-17 23:13:52 [kaufland_products] INFO: Scraped: Inkubátor Plně automatický kuřecí inkubátor Farmář | EAN=6190591582635 | kcal=0.0
2026-03-17 23:13:52 [kaufland_products] WARNING: No nutrition data for: Inkubátor Plně automatický kuřecí inkubátor Farmářský inkubátor Slepice 16 vajec Inkubátory
2026-03-17 23:13:54 [kaufland_products] INFO: Scraped: Asian Home Gourmet Marináda na indonéské maso Sata | EAN=8886390201041 | kcal=171.0
2026-03-17 23:13:56 [kaufland_products] INFO: Scraped: Maggi kuřecí vývar bez alergenů vyžadující označen | EAN=8445291172920 | kcal=0.0
2026-03-17 23:13:59 [kaufland_products] INFO: Scraped: Horkovzdušná fritéza GOURMETmaxx s objemem 2,3 lit | EAN=4067522079477 | kcal=0.0
2026-03-17 23:13:59 [kaufland_products] WARNING: No nutrition data for: Horkovzdušná fritéza GOURMETmaxx s objemem 2,3 litru a příkonem 1000 W - včetně časovače a 8 funkcí
2026-03-17 23:14:02 [kaufland_products] INFO: Scraped: Koncentrovaný drůbeží vývar CHEF je vhodný do polé | EAN=7613035897847 | kcal=0.0
2026-03-17 23:14:02 [kaufland_products] WARNING: No nutrition data for: Koncentrovaný drůbeží vývar CHEF je vhodný do polévek a omáček 200ml
2026-03-17 23:14:05 [kaufland_products] INFO: Scraped: Kuřecí vývar 100g | EAN=4000345046134 | kcal=5.0
2026-03-17 23:14:07 [kaufland_products] INFO: Scraped: Philips Air fryer non-fat NA 342/00 | EAN=8720389034329 | kcal=0.0
2026-03-17 23:14:07 [kaufland_products] WARNING: No nutrition data for: Philips Air fryer non-fat NA 342/00
2026-03-17 23:14:10 [kaufland_products] INFO: Scraped: BBQ grilovací omáčka Original - LEBKA 500ml | EAN=7081449588116 | kcal=0.0
2026-03-17 23:14:13 [kaufland_products] INFO: Scraped: Expondo Royal Catering Elektrická fritéza – 8 l –  | EAN=4250928698780 | kcal=0.0
2026-03-17 23:14:13 [kaufland_products] WARNING: No nutrition data for: Expondo Royal Catering Elektrická fritéza – 8 l – 3200 W –
2026-03-17 23:14:15 [kaufland_products] INFO: Scraped: Maggi Fix na paprikový krém kuřecí krémový s cibul | EAN=7613036028462 | kcal=143.0
2026-03-17 23:14:18 [kaufland_products] INFO: Scraped: Jayseuw automatická dvířka pro kuřata 2v1 s vodicí | EAN=9178524886316 | kcal=0.0
2026-03-17 23:14:18 [kaufland_products] WARNING: No nutrition data for: Jayseuw automatická dvířka pro kuřata 2v1 s vodicími kolečky, časovačem, dálkovým ovládáním, příkon 7,8 W, pro kurník, klapku pro domácí zvířata a drůbežárnu
2026-03-17 23:14:20 [kaufland_products] INFO: Scraped: Pamlsky pro psy - Mersjo měkké kuřecí proužky, dop | EAN=5904553962103 | kcal=0.0
2026-03-17 23:14:22 [kaufland_products] INFO: Scraped: RoboTime 3D skládačka Zarážka na knihy Sakurová ul | EAN=6946785123227 | kcal=0.0
2026-03-17 23:14:22 [kaufland_products] WARNING: No nutrition data for: RoboTime 3D skládačka Zarážka na knihy Sakurová ulička s vínem
2026-03-17 23:14:25 [kaufland_products] INFO: Scraped: Knorr Kuřecí prášek Čínský kuřecí bujón balení 900 | EAN=8722700165910 | kcal=5.0
2026-03-17 23:14:27 [kaufland_products] INFO: Scraped: Otevírání dvířek pro kuřata, Automatické otevírání | EAN=9475631595781 | kcal=0.0
2026-03-17 23:14:27 [kaufland_products] WARNING: No nutrition data for: Otevírání dvířek pro kuřata, Automatické otevírání dvířek pro kuřata, Automatické otevírání dvířek pro kuřata, Bezpečný chov kuřat
2026-03-17 23:14:30 [kaufland_products] INFO: Scraped: Maggi Asia Chuť kuřecího masa se sezamem | EAN=7613037683417 | kcal=115.0
2026-03-17 23:14:33 [kaufland_products] INFO: Scraped: BBQ koření Kansas City Championship BBQ Rub 184g | EAN=0783987851703 | kcal=0.0
2026-03-17 23:14:36 [kaufland_products] INFO: Scraped: Sessamen-LP 30m bariérový plot bezpečnostní síť z  | EAN=0735102437958 735102437958 | kcal=0.0
2026-03-17 23:14:36 [kaufland_products] WARNING: No nutrition data for: Sessamen-LP 30m bariérový plot bezpečnostní síť z PE plastu pes plot varování plot konstrukce plot hra plot bezpečnostní síť pro rodinu, zelená
2026-03-17 23:14:37 [scrapy.extensions.logstats] INFO: Crawled 1005 pages (at 23 pages/min), scraped 926 items (at 23 items/min)
2026-03-17 23:14:39 [kaufland_products] INFO: Scraped: Akinu MASÍČKA Kuřecí proužky pamlsek pro psy XXL 9 | EAN=8595184907693 | kcal=3009.0
2026-03-17 23:14:41 [kaufland_products] INFO: Scraped: Horkovzdušná fritéza Rachs Kochwerk 9l | EAN=4067522062240 | kcal=0.0
2026-03-17 23:14:41 [kaufland_products] WARNING: No nutrition data for: Horkovzdušná fritéza Rachs Kochwerk 9l
2026-03-17 23:14:44 [kaufland_products] INFO: Scraped: Kuřecí polévkové pasty | EAN=4007680104949 | kcal=449.0
2026-03-17 23:14:46 [kaufland_products] INFO: Scraped: Felix Fantastic s kuřetem, hovězím, králíkem, jehn | EAN=7613039733035 | kcal=0.0
2026-03-17 23:14:48 [kaufland_products] INFO: Scraped: Napoleon BBQ Marshmallows XXL 400 g | EAN=8710296955985 | kcal=0.0
2026-03-17 23:14:50 [kaufland_products] INFO: Scraped: Akinu MASÍČKA Kuřecí stripsy pamlsek pro psy 300 g | EAN=8595184942717 | kcal=0.0
2026-03-17 23:14:50 [kaufland_products] WARNING: No nutrition data for: Akinu MASÍČKA Kuřecí stripsy pamlsek pro psy 300 g
2026-03-17 23:14:53 [kaufland_products] INFO: Scraped: Šunková paštika - Paté de Jamón "Casa Tarradellas" | EAN=8410762002280 | kcal=0.0
2026-03-17 23:14:56 [kaufland_products] INFO: Scraped: Creative Home Sada 10 Dřevěných Snídaňových Talířů | EAN=5060530138401 | kcal=0.0
2026-03-17 23:14:56 [kaufland_products] WARNING: No nutrition data for: Creative Home Sada 10 Dřevěných Snídaňových Talířů | 22,5 x 12,5 x 1,2 cm | Dřevěná Oboustranná Krájecí Deska | Dřevěná Kuchyňská Deska na Chléb Maso Zeleninu Sýr a šunku
2026-03-17 23:14:58 [kaufland_products] INFO: Scraped: CONTACTO Držák na šunku, výška: 150 mm | EAN=4003625109406 | kcal=0.0
2026-03-17 23:14:58 [kaufland_products] WARNING: No nutrition data for: CONTACTO Držák na šunku, výška: 150 mm
2026-03-17 23:15:01 [kaufland_products] INFO: Scraped: Šunkovar na 3 kg masa | EAN=5908277701581 | kcal=0.0
2026-03-17 23:15:01 [kaufland_products] WARNING: No nutrition data for: Šunkovar na 3 kg masa
2026-03-17 23:15:03 [kaufland_products] INFO: Scraped: Sada nožů Wüsthof Classic se 3 noži | EAN=4002293107134 | kcal=0.0
2026-03-17 23:15:03 [kaufland_products] WARNING: No nutrition data for: Sada nožů Wüsthof Classic se 3 noži
2026-03-17 23:15:06 [kaufland_products] INFO: Scraped: PINSA400 g - TERRASANA | EAN=8713576003857 | kcal=265.0
2026-03-17 23:15:09 [kaufland_products] INFO: Scraped: Bauck Mühle 414438, Chléb, 500 g, 347 kcal, 1467 k | EAN=4015637827445 | kcal=1467.0
2026-03-17 23:15:12 [kaufland_products] INFO: Scraped: Philips 3000 series HD9252/90 Airfryer Compact - 4 | EAN=8710103951803 8710103962809 8710103951834 8720389014727 8720389040498 8710103981435 | kcal=0.0
2026-03-17 23:15:12 [kaufland_products] WARNING: No nutrition data for: Philips 3000 series HD9252/90 Airfryer Compact - 4 Personen - Heißluftfritteuse - 4,1 l - 0,8 kg - China - Einzelbild - Schwarz
2026-03-17 23:15:14 [kaufland_products] INFO: Scraped: Wiltec drátěné pletivo černé 1x25 m 100 cm výška 1 | EAN=4251548121184 | kcal=0.0
2026-03-17 23:15:14 [kaufland_products] WARNING: No nutrition data for: Wiltec drátěné pletivo černé 1x25 m 100 cm výška 1,42 mm tloušťka 25x25 mm velikost ok, voliérový drát 4-hranný z pozinkované oceli, drátěné pletivo, drát pro ptáky
2026-03-17 23:15:17 [kaufland_products] INFO: Scraped: YARDIN automatické krmítko pro kuřata 5 kg, hliník | EAN=768998395897 0768998395897 | kcal=0.0
2026-03-17 23:15:17 [kaufland_products] WARNING: No nutrition data for: YARDIN automatické krmítko pro kuřata 5 kg, hliníkové krmítko pro kuřata s velkou kapacitou 1 balení）
2026-03-17 23:15:19 [kaufland_products] INFO: Scraped: Princess 182080 Parní trouba a horkovzdušná fritéz | EAN=8713016098412 | kcal=0.0
2026-03-17 23:15:19 [kaufland_products] WARNING: No nutrition data for: Princess 182080 Parní trouba a horkovzdušná fritéza 2v1
2026-03-17 23:15:21 [kaufland_products] INFO: Scraped: INF Odolné kuchyňské nůžky stříbrný | EAN=7314281135935 | kcal=0.0
2026-03-17 23:15:21 [kaufland_products] WARNING: No nutrition data for: INF Odolné kuchyňské nůžky stříbrný
2026-03-17 23:15:24 [kaufland_products] INFO: Scraped: Jopassy 7,8W Automatická dvířka pro kuřata, 30*30c | EAN=9360172226631 | kcal=0.0
2026-03-17 23:15:24 [kaufland_products] WARNING: No nutrition data for: Jopassy 7,8W Automatická dvířka pro kuřata, 30*30cm dvířka pro kuřata s časovačem a infračerveným senzorem
2026-03-17 23:15:27 [kaufland_products] INFO: Scraped: Kinghoff Fritovací Hrnec S Košem Kh-1630 5,5L | EAN=5908287216303 | kcal=0.0
2026-03-17 23:15:27 [kaufland_products] WARNING: No nutrition data for: Kinghoff Fritovací Hrnec S Košem Kh-1630 5,5L
2026-03-17 23:15:29 [kaufland_products] INFO: Scraped: Pečicí papíry Rachs KOCHWERK pro horkovzdušné frit | EAN=4067522068457 | kcal=0.0
2026-03-17 23:15:29 [kaufland_products] WARNING: No nutrition data for: Pečicí papíry Rachs KOCHWERK pro horkovzdušné fritézy - 100 kusů (75x malý, 25x velký)
2026-03-17 23:15:32 [kaufland_products] INFO: Scraped: 6x papírové talíře Pur z porcelánu 24,5x16 cm bílé | EAN=4251967515700 | kcal=0.0
2026-03-17 23:15:32 [kaufland_products] WARNING: No nutrition data for: 6x papírové talíře Pur z porcelánu 24,5x16 cm bílé Servírovací talíř na dort Burger
2026-03-17 23:15:35 [kaufland_products] INFO: Scraped: Kostka rosołowa drobiowa ekologiczna Greko 66 g | EAN=5907771442464 | kcal=4.0
2026-03-17 23:15:37 [scrapy.extensions.logstats] INFO: Crawled 1028 pages (at 23 pages/min), scraped 949 items (at 23 items/min)
2026-03-17 23:15:37 [kaufland_products] INFO: Scraped: Knorr zrnkový vývar s kuřecím masem aromatický pik | EAN=4000400148988 | kcal=5.0
2026-03-17 23:15:40 [kaufland_products] INFO: Scraped: Fritovací hrnec Fritéza z nerezové oceli v japonsk | EAN=752874987955 0752874987955 | kcal=0.0
2026-03-17 23:15:40 [kaufland_products] WARNING: No nutrition data for: Fritovací hrnec Fritéza z nerezové oceli v japonském stylu s teploměrem a odkapávací miskou na olej na hranolky Krevety Kuřecí ryby
2026-03-17 23:15:42 [kaufland_products] INFO: Scraped: CHEF Vegan Like Chicken Tekutý koncentrát s kuřecí | EAN=7613287099419 | kcal=39.0
2026-03-17 23:15:44 [kaufland_products] INFO: Scraped: Otevírání dvířek pro kuřata, Automatické otevírání | EAN=9475631595323 | kcal=0.0
2026-03-17 23:15:44 [kaufland_products] WARNING: No nutrition data for: Otevírání dvířek pro kuřata, Automatické otevírání dvířek pro kuřata, Automatické otevírání dvířek pro kuřata, Bezpečný chov kuřat
2026-03-17 23:15:47 [kaufland_products] INFO: Scraped: Automatická dvířka pro kuřata, Automatické otevírá | EAN=9475631595774 | kcal=0.0
2026-03-17 23:15:47 [kaufland_products] WARNING: No nutrition data for: Automatická dvířka pro kuřata, Automatické otevírání dvířek pro kuřata, Elektrická dvířka pro kuřata, černá
2026-03-17 23:15:49 [kaufland_products] INFO: Scraped: Ruční škubačka na drůbež, elektrická, se 2 jehlami | EAN=7751483157967 | kcal=0.0
2026-03-17 23:15:49 [kaufland_products] WARNING: No nutrition data for: Ruční škubačka na drůbež, elektrická, se 2 jehlami z nerezové oceli, samonastavovací, vodotěsným spínačem a ochranným krytem - pro kuřata, kachny, husy
2026-03-17 23:15:52 [kaufland_products] INFO: Scraped: LED lampa s kuřecím vejcem měkké teplé světlo legr | EAN=0752874297887 | kcal=0.0
2026-03-17 23:15:52 [kaufland_products] WARNING: No nutrition data for: LED lampa s kuřecím vejcem měkké teplé světlo legrační realistické noční světlo z kuřecího vejce pro ložnici noční stolek
2026-03-17 23:15:54 [kaufland_products] INFO: Scraped: WISFOR kurník pro kuřata střešní kurník pro drůbež | EAN=7427272405112 | kcal=0.0
2026-03-17 23:15:54 [kaufland_products] WARNING: No nutrition data for: WISFOR kurník pro kuřata střešní kurník pro drůbež malé stáje pro zvířata volný výběh se 2 uzamykatelnými dveřmi, 393 x 312 x 156 cm
2026-03-17 23:15:57 [kaufland_products] INFO: Scraped: Kurník Wiltec 3100 x 1500 x 1500 mm hnědý s volným | EAN=4251548123003 | kcal=0.0
2026-03-17 23:15:57 [kaufland_products] WARNING: No nutrition data for: Kurník Wiltec 3100 x 1500 x 1500 mm hnědý s volným výběhem a dřevěnými hnízdními boxy, kurník s přístřeškem, pozinkovaným roštem a vaničkou na trus
2026-03-17 23:15:59 [kaufland_products] INFO: Scraped: Automatická dvířka pro kurník, solárně napájená dv | EAN=0753004059504 753004059504 | kcal=0.0
2026-03-17 23:15:59 [kaufland_products] WARNING: No nutrition data for: Automatická dvířka pro kurník, solárně napájená dvířka pro kurník s časovačem/světelným senzorem/dálkovým ovládáním/manuálním režimem, hliníková slitina, 4 režimy, otevírání dvířek pro kurník s ochranou proti štípání, 37*30*10 cm
2026-03-17 23:16:01 [kaufland_products] INFO: Scraped: Akinu MASÍČKA Kuřecí chipsy pamlsek pro psy 75 g | EAN=8595184937430 | kcal=3270.0
2026-03-17 23:16:04 [kaufland_products] INFO: Scraped: Yakimz otevírání dveří s klapkou pro kuřata, autom | EAN=9103312668928 | kcal=0.0
2026-03-17 23:16:04 [kaufland_products] WARNING: No nutrition data for: Yakimz otevírání dveří s klapkou pro kuřata, automatická klapka pro kuřata, otevírání dveří do kurníku, automatická dvířka pro kuřata, bezpečný chov kuřat
2026-03-17 23:16:06 [kaufland_products] INFO: Scraped: Jopassy automatická dvířka pro kuřata 2v1 s vodicí | EAN=9360172240316 | kcal=0.0
2026-03-17 23:16:06 [kaufland_products] WARNING: No nutrition data for: Jopassy automatická dvířka pro kuřata 2v1 s vodicími kolečky, časovačem, dálkovým ovládáním, příkon 7,8 W, pro kurník, klapku pro domácí zvířata a drůbežárnu
2026-03-17 23:16:08 [kaufland_products] INFO: Scraped: 6x Čisté papírové talíře z porcelánu 19,5x12,8cm b | EAN=4251967515724 | kcal=0.0
2026-03-17 23:16:08 [kaufland_products] WARNING: No nutrition data for: 6x Čisté papírové talíře z porcelánu 19,5x12,8cm bílé Servírovací talíře na čokoládu a nugety
2026-03-17 23:16:10 [kaufland_products] INFO: Scraped: Yakimz Automatická dvířka pro kuřata, automatické  | EAN=9103312668911 | kcal=0.0
2026-03-17 23:16:10 [kaufland_products] WARNING: No nutrition data for: Yakimz Automatická dvířka pro kuřata, automatické otevírání dvířek pro kuřata, elektrická dvířka pro kuřata, černá barva
2026-03-17 23:16:13 [kaufland_products] INFO: Scraped: Akinu MASÍČKA Kuřecí řezanky pamlsek pro kočky 50  | EAN=8595184947927 | kcal=0.0
2026-03-17 23:16:13 [kaufland_products] WARNING: No nutrition data for: Akinu MASÍČKA Kuřecí řezanky pamlsek pro kočky 50 g
2026-03-17 23:16:15 [kaufland_products] INFO: Scraped: Automatická dvířka pro kuřata, Automatické otevírá | EAN=9475631595316 | kcal=0.0
2026-03-17 23:16:15 [kaufland_products] WARNING: No nutrition data for: Automatická dvířka pro kuřata, Automatické otevírání dvířek pro kuřata, Elektrická dvířka pro kuřata, černá
2026-03-17 23:16:18 [kaufland_products] INFO: Scraped: XOX Bacon Snack pikantní křupavá s kouřovým nádech | EAN=4031446809977 | kcal=487.0
2026-03-17 23:16:21 [kaufland_products] INFO: Scraped: Zimmermann krájená šunková klobása s vydatnou pika | EAN=4006153419108 | kcal=0.0
2026-03-17 23:16:23 [kaufland_products] INFO: Scraped: Pytel na šunku 90 cm Pytel na šunku, bavlna, bílý  | EAN=8411922080292 | kcal=0.0
2026-03-17 23:16:23 [kaufland_products] WARNING: No nutrition data for: Pytel na šunku 90 cm Pytel na šunku, bavlna, bílý Pytel na šunku
2026-03-17 23:16:26 [kaufland_products] INFO: Scraped: Vařič šunky / Vařič šunky | EAN=8592381100001 | kcal=0.0
2026-03-17 23:16:26 [kaufland_products] WARNING: No nutrition data for: Vařič šunky / Vařič šunky
2026-03-17 23:16:29 [kaufland_products] INFO: Scraped: Salumificio Rossi - Prosciutto di Parma PDO 24 Mon | EAN=8033462251934 | kcal=1113.0
2026-03-17 23:16:31 [kaufland_products] INFO: Scraped: Salumificio Rossi - Prosciutto di Parma PDO 24 Mon | EAN=8033462255055 | kcal=1113.0
2026-03-17 23:16:33 [kaufland_products] INFO: Scraped: La Fattoria di Parma - Prosciutto di Parma PDO 24  | EAN=8033254290653 | kcal=0.0
2026-03-17 23:16:33 [kaufland_products] WARNING: No nutrition data for: La Fattoria di Parma - Prosciutto di Parma PDO 24 Monate - Vierte - 0,9/1,4 kg
2026-03-17 23:16:36 [kaufland_products] INFO: Scraped: Kompletní sada šunkovaru pro výrobu domácí šunky 1 | EAN=5908277712143 | kcal=0.0
2026-03-17 23:16:36 [kaufland_products] WARNING: No nutrition data for: Kompletní sada šunkovaru pro výrobu domácí šunky 1,5kg
2026-03-17 23:16:37 [scrapy.extensions.logstats] INFO: Crawled 1053 pages (at 25 pages/min), scraped 974 items (at 25 items/min)
2026-03-17 23:16:39 [kaufland_products] INFO: Scraped: Creative Home 2 x dřevěné prkénko na krájení | 30, | EAN=5060530139484 | kcal=0.0
2026-03-17 23:16:39 [kaufland_products] WARNING: No nutrition data for: Creative Home 2 x dřevěné prkénko na krájení | 30,5 x 22,5 x 1,5 cm | dřevěné prkénko na krájení s drážkou na šťávu | oboustranné prkénko na krájení | dřevěné kuchyňské prkénko ideální na chléb, maso, zeleninu, sýr a šunku
2026-03-17 23:16:42 [kaufland_products] INFO: Scraped: Creative Home Dřevěné Krájecí Prkénko s Drážkou na | EAN=5060530133925 | kcal=0.0
2026-03-17 23:16:42 [kaufland_products] WARNING: No nutrition data for: Creative Home Dřevěné Krájecí Prkénko s Drážkou na šťávu | 30,5 x 22,5 x 1,5 cm | Oboustranné Krájecí Prkénko | Dřevěné Kuchyňské Krájecí Prkénko Ideální na Chléb, Maso, Zeleninu, Sýr a šunku
2026-03-17 23:16:44 [kaufland_products] INFO: Scraped: Šunkovar Toustovka - forma na domácí šunku | EAN=0769503309989 769503309989 | kcal=0.0
2026-03-17 23:16:44 [kaufland_products] WARNING: No nutrition data for: Šunkovar Toustovka - forma na domácí šunku
2026-03-17 23:16:47 [kaufland_products] INFO: Scraped: Dřevěný stojan na šunku EDM (41 x 44 cm) | EAN=8425998765571 | kcal=0.0
2026-03-17 23:16:47 [kaufland_products] WARNING: No nutrition data for: Dřevěný stojan na šunku EDM (41 x 44 cm)
2026-03-17 23:16:49 [kaufland_products] INFO: Scraped: La Fattoria di Parma - Prosciutto di Parma PDO 24  | EAN=8033254290714 | kcal=0.0
2026-03-17 23:16:49 [kaufland_products] WARNING: No nutrition data for: La Fattoria di Parma - Prosciutto di Parma PDO 24 Monate - Halb - 2,9/3,4 kg
2026-03-17 23:16:52 [kaufland_products] INFO: Scraped: Schinken | EAN=9783866413559 | kcal=0.0
2026-03-17 23:16:52 [kaufland_products] WARNING: No nutrition data for: Schinken
2026-03-17 23:16:54 [kaufland_products] INFO: Scraped: Diamantový žitný kříž 500g | EAN=4000406003281 | kcal=212.0
2026-03-17 23:16:57 [kaufland_products] INFO: Scraped: Celozrnná kůrka Aurora | EAN=4000406073062 | kcal=239.0
2026-03-17 23:16:59 [kaufland_products] INFO: Scraped: Bauck Mühle 376737, Chléb, 500 g, 356 kcal, 1504 k | EAN=4015637007250 | kcal=1504.0
2026-03-17 23:17:02 [kaufland_products] INFO: [salám] page 1: found 29 product links
2026-03-17 23:17:05 [kaufland_products] INFO: [párek] page 1: found 27 product links
2026-03-17 23:17:07 [kaufland_products] INFO: [slanina] page 1: found 7 product links
2026-03-17 23:17:10 [kaufland_products] INFO: [hovězí] page 1: found 13 product links
2026-03-17 23:17:12 [kaufland_products] INFO: [salám] page 2: found 31 product links
2026-03-17 23:17:14 [kaufland_products] INFO: [párek] page 2: found 4 product links
2026-03-17 23:17:17 [kaufland_products] INFO: [slanina] page 2: found 5 product links
2026-03-17 23:17:20 [kaufland_products] INFO: [hovězí] page 2: found 17 product links
2026-03-17 23:17:23 [kaufland_products] INFO: [salám] page 3: found 13 product links
2026-03-17 23:17:25 [kaufland_products] INFO: [párek] page 3: found 1 product links
2026-03-17 23:17:27 [kaufland_products] INFO: [slanina] page 3: found 7 product links
2026-03-17 23:17:29 [kaufland_products] INFO: [hovězí] page 3: found 4 product links
2026-03-17 23:17:32 [kaufland_products] INFO: [salám] page 4: found 3 product links
2026-03-17 23:17:37 [scrapy.extensions.logstats] INFO: Crawled 1075 pages (at 22 pages/min), scraped 983 items (at 9 items/min)
2026-03-17 23:17:38 [kaufland_products] INFO: [hovězí] page 4: found 3 product links
2026-03-17 23:17:48 [scrapy-playwright] WARNING: Closing page due to failed request: <GET https://www.kaufland.cz/s/?search_value=p%C3%A1rek&page=4> exc_type=<class 'playwright._impl._errors.TimeoutError'> exc_msg=Page.wait_for_selector: Timeout 15000ms exceeded.
Call log:
  - waiting for locator("a[href*='/product/']") to be visible
Traceback (most recent call last):
  File "/home/krokviak/.local/lib/python3.12/site-packages/scrapy_playwright/handler.py", line 480, in _download_request_with_retry
    return await self._download_request_with_page(request, page, spider)
           ^^^^^^^^^^^^^^^^^^^^^^^^^^^^^^^^^^^^^^^^^^^^^^^^^^^^^^^^^^^^^
  File "/home/krokviak/.local/lib/python3.12/site-packages/scrapy_playwright/handler.py", line 528, in _download_request_with_page
    await self._apply_page_methods(page, request, spider)
  File "/home/krokviak/.local/lib/python3.12/site-packages/scrapy_playwright/handler.py", line 678, in _apply_page_methods
    pm.result = await _maybe_await(method(*pm.args, **pm.kwargs))
                ^^^^^^^^^^^^^^^^^^^^^^^^^^^^^^^^^^^^^^^^^^^^^^^^^
  File "/home/krokviak/.local/lib/python3.12/site-packages/scrapy_playwright/_utils.py", line 23, in _maybe_await
    return await obj
           ^^^^^^^^^
  File "/home/krokviak/.local/lib/python3.12/site-packages/playwright/async_api/_generated.py", line 8234, in wait_for_selector
    await self._impl_obj.wait_for_selector(
  File "/home/krokviak/.local/lib/python3.12/site-packages/playwright/_impl/_page.py", line 419, in wait_for_selector
    return await self._main_frame.wait_for_selector(**locals_to_params(locals()))
           ^^^^^^^^^^^^^^^^^^^^^^^^^^^^^^^^^^^^^^^^^^^^^^^^^^^^^^^^^^^^^^^^^^^^^^
  File "/home/krokviak/.local/lib/python3.12/site-packages/playwright/_impl/_frame.py", line 369, in wait_for_selector
    await self._channel.send(
  File "/home/krokviak/.local/lib/python3.12/site-packages/playwright/_impl/_connection.py", line 69, in send
    return await self._connection.wrap_api_call(
           ^^^^^^^^^^^^^^^^^^^^^^^^^^^^^^^^^^^^^
  File "/home/krokviak/.local/lib/python3.12/site-packages/playwright/_impl/_connection.py", line 559, in wrap_api_call
    raise rewrite_error(error, f"{parsed_st['apiName']}: {error}") from None
playwright._impl._errors.TimeoutError: Page.wait_for_selector: Timeout 15000ms exceeded.
Call log:
  - waiting for locator("a[href*='/product/']") to be visible

2026-03-17 23:17:49 [kaufland_products] WARNING: Request failed: https://www.kaufland.cz/s/?search_value=p%C3%A1rek&page=4: Page.wait_for_selector: Timeout 15000ms exceeded.
Call log:
  - waiting for locator("a[href*='/product/']") to be visible

2026-03-17 23:17:49 [kaufland_products] INFO: [hovězí] page 5: found 15 product links
2026-03-17 23:17:50 [scrapy-playwright] WARNING: Closing page due to failed request: <GET https://www.kaufland.cz/s/?search_value=slanina&page=4> exc_type=<class 'playwright._impl._errors.TimeoutError'> exc_msg=Page.wait_for_selector: Timeout 15000ms exceeded.
Call log:
  - waiting for locator("a[href*='/product/']") to be visible
Traceback (most recent call last):
  File "/home/krokviak/.local/lib/python3.12/site-packages/scrapy_playwright/handler.py", line 480, in _download_request_with_retry
    return await self._download_request_with_page(request, page, spider)
           ^^^^^^^^^^^^^^^^^^^^^^^^^^^^^^^^^^^^^^^^^^^^^^^^^^^^^^^^^^^^^
  File "/home/krokviak/.local/lib/python3.12/site-packages/scrapy_playwright/handler.py", line 528, in _download_request_with_page
    await self._apply_page_methods(page, request, spider)
  File "/home/krokviak/.local/lib/python3.12/site-packages/scrapy_playwright/handler.py", line 678, in _apply_page_methods
    pm.result = await _maybe_await(method(*pm.args, **pm.kwargs))
                ^^^^^^^^^^^^^^^^^^^^^^^^^^^^^^^^^^^^^^^^^^^^^^^^^
  File "/home/krokviak/.local/lib/python3.12/site-packages/scrapy_playwright/_utils.py", line 23, in _maybe_await
    return await obj
           ^^^^^^^^^
  File "/home/krokviak/.local/lib/python3.12/site-packages/playwright/async_api/_generated.py", line 8234, in wait_for_selector
    await self._impl_obj.wait_for_selector(
  File "/home/krokviak/.local/lib/python3.12/site-packages/playwright/_impl/_page.py", line 419, in wait_for_selector
    return await self._main_frame.wait_for_selector(**locals_to_params(locals()))
           ^^^^^^^^^^^^^^^^^^^^^^^^^^^^^^^^^^^^^^^^^^^^^^^^^^^^^^^^^^^^^^^^^^^^^^
  File "/home/krokviak/.local/lib/python3.12/site-packages/playwright/_impl/_frame.py", line 369, in wait_for_selector
    await self._channel.send(
  File "/home/krokviak/.local/lib/python3.12/site-packages/playwright/_impl/_connection.py", line 69, in send
    return await self._connection.wrap_api_call(
           ^^^^^^^^^^^^^^^^^^^^^^^^^^^^^^^^^^^^^
  File "/home/krokviak/.local/lib/python3.12/site-packages/playwright/_impl/_connection.py", line 559, in wrap_api_call
    raise rewrite_error(error, f"{parsed_st['apiName']}: {error}") from None
playwright._impl._errors.TimeoutError: Page.wait_for_selector: Timeout 15000ms exceeded.
Call log:
  - waiting for locator("a[href*='/product/']") to be visible

2026-03-17 23:17:51 [kaufland_products] WARNING: Request failed: https://www.kaufland.cz/s/?search_value=slanina&page=4: Page.wait_for_selector: Timeout 15000ms exceeded.
Call log:
  - waiting for locator("a[href*='/product/']") to be visible

2026-03-17 23:17:54 [kaufland_products] INFO: Scraped: SET 3x60 Cardital doplňky stravy | 60 kapslí | bru | EAN=4751037503403 | kcal=0.0
2026-03-17 23:17:54 [kaufland_products] WARNING: No nutrition data for: SET 3x60 Cardital doplňky stravy | 60 kapslí | brusinkový extrakt, hořčík, L-arginin
2026-03-17 23:17:55 [scrapy-playwright] WARNING: Closing page due to failed request: <GET https://www.kaufland.cz/s/?search_value=sal%C3%A1m&page=5> exc_type=<class 'playwright._impl._errors.TimeoutError'> exc_msg=Page.wait_for_selector: Timeout 15000ms exceeded.
Call log:
  - waiting for locator("a[href*='/product/']") to be visible
Traceback (most recent call last):
  File "/home/krokviak/.local/lib/python3.12/site-packages/scrapy_playwright/handler.py", line 480, in _download_request_with_retry
    return await self._download_request_with_page(request, page, spider)
           ^^^^^^^^^^^^^^^^^^^^^^^^^^^^^^^^^^^^^^^^^^^^^^^^^^^^^^^^^^^^^
  File "/home/krokviak/.local/lib/python3.12/site-packages/scrapy_playwright/handler.py", line 528, in _download_request_with_page
    await self._apply_page_methods(page, request, spider)
  File "/home/krokviak/.local/lib/python3.12/site-packages/scrapy_playwright/handler.py", line 678, in _apply_page_methods
    pm.result = await _maybe_await(method(*pm.args, **pm.kwargs))
                ^^^^^^^^^^^^^^^^^^^^^^^^^^^^^^^^^^^^^^^^^^^^^^^^^
  File "/home/krokviak/.local/lib/python3.12/site-packages/scrapy_playwright/_utils.py", line 23, in _maybe_await
    return await obj
           ^^^^^^^^^
  File "/home/krokviak/.local/lib/python3.12/site-packages/playwright/async_api/_generated.py", line 8234, in wait_for_selector
    await self._impl_obj.wait_for_selector(
  File "/home/krokviak/.local/lib/python3.12/site-packages/playwright/_impl/_page.py", line 419, in wait_for_selector
    return await self._main_frame.wait_for_selector(**locals_to_params(locals()))
           ^^^^^^^^^^^^^^^^^^^^^^^^^^^^^^^^^^^^^^^^^^^^^^^^^^^^^^^^^^^^^^^^^^^^^^
  File "/home/krokviak/.local/lib/python3.12/site-packages/playwright/_impl/_frame.py", line 369, in wait_for_selector
    await self._channel.send(
  File "/home/krokviak/.local/lib/python3.12/site-packages/playwright/_impl/_connection.py", line 69, in send
    return await self._connection.wrap_api_call(
           ^^^^^^^^^^^^^^^^^^^^^^^^^^^^^^^^^^^^^
  File "/home/krokviak/.local/lib/python3.12/site-packages/playwright/_impl/_connection.py", line 559, in wrap_api_call
    raise rewrite_error(error, f"{parsed_st['apiName']}: {error}") from None
playwright._impl._errors.TimeoutError: Page.wait_for_selector: Timeout 15000ms exceeded.
Call log:
  - waiting for locator("a[href*='/product/']") to be visible

2026-03-17 23:17:56 [kaufland_products] WARNING: Request failed: https://www.kaufland.cz/s/?search_value=sal%C3%A1m&page=5: Page.wait_for_selector: Timeout 15000ms exceeded.
Call log:
  - waiting for locator("a[href*='/product/']") to be visible

2026-03-17 23:18:03 [kaufland_products] INFO: Scraped: Visitec - Pro podporu a ochranu zraku - 15 kapslí  | EAN=5905481308001 | kcal=0.0
2026-03-17 23:18:03 [kaufland_products] WARNING: No nutrition data for: Visitec - Pro podporu a ochranu zraku - 15 kapslí - ORIGINAL
2026-03-17 23:18:09 [kaufland_products] INFO: Scraped: Neravil pro muže | Doplněk stravy | EAN=4751037503090 | kcal=0.0
2026-03-17 23:18:09 [kaufland_products] WARNING: No nutrition data for: Neravil pro muže | Doplněk stravy
2026-03-17 23:18:16 [kaufland_products] INFO: Scraped: Bacillus Subtilis DSM 21097 se šťávou z ječné tráv | EAN=805627021472 0805627021472 | kcal=0.0
2026-03-17 23:18:16 [kaufland_products] WARNING: No nutrition data for: Bacillus Subtilis DSM 21097 se šťávou z ječné trávy v prášku 270 kapslí - Vegan
2026-03-17 23:18:26 [kaufland_products] INFO: Scraped: Glikotril – 180 kapslí (3x60) s vysokým dávkováním | EAN=4260674867156 | kcal=0.0
2026-03-17 23:18:26 [kaufland_products] WARNING: No nutrition data for: Glikotril – 180 kapslí (3x60) s vysokým dávkováním – originální receptura ze Švýcarska – veganské a rostlinné s vitamíny a minerály – balení po 3 kusech
2026-03-17 23:18:35 [kaufland_products] INFO: Scraped: Bacillus Subtilis DSM 21097 se šťávou z ječné tráv | EAN=805627022424 0805627022424 | kcal=0.0
2026-03-17 23:18:35 [kaufland_products] WARNING: No nutrition data for: Bacillus Subtilis DSM 21097 se šťávou z ječné trávy bezlepkový veganský v biologicky odbouratelném stojánkovém sáčku 90 kapslí
2026-03-17 23:18:37 [scrapy.extensions.logstats] INFO: Crawled 1083 pages (at 8 pages/min), scraped 989 items (at 6 items/min)
2026-03-17 23:18:42 [kaufland_products] INFO: Scraped: JACK LINK'S Beef Jerky Original 12x25g sušené hově | EAN=4251097402901 04251097402901 | kcal=253.0
2026-03-17 23:18:49 [kaufland_products] INFO: Scraped: Animonda Carny Adult Hovězí a jehněčí 200gx6 | EAN=4017721837057 | kcal=0.0
2026-03-17 23:18:59 [kaufland_products] INFO: Scraped: Silikonové pouzdro pro Honor 400 Pro Protective Co | EAN=4065404328279 | kcal=0.0
2026-03-17 23:18:59 [kaufland_products] WARNING: No nutrition data for: Silikonové pouzdro pro Honor 400 Pro Protective Cover Matt Black Back Cover Pouzdro na mobilní telefon
2026-03-17 23:19:05 [kaufland_products] INFO: Scraped: Ochranné pouzdro pro Apple iPhone 16 Case Transpar | EAN=4065404262856 | kcal=0.0
2026-03-17 23:19:05 [kaufland_products] WARNING: No nutrition data for: Ochranné pouzdro pro Apple iPhone 16 Case Transparent Slim Cover Clear Case
2026-03-17 23:19:12 [kaufland_products] INFO: Scraped: Blok nožů Wüsthof Classic Ikon s 9 položkami | EAN=4002293101477 | kcal=0.0
2026-03-17 23:19:12 [kaufland_products] WARNING: No nutrition data for: Blok nožů Wüsthof Classic Ikon s 9 položkami
2026-03-17 23:19:22 [kaufland_products] INFO: Scraped: Ovčí střevo 26/28 15 m na pásu | EAN=5905261002518 | kcal=0.0
2026-03-17 23:19:22 [kaufland_products] WARNING: No nutrition data for: Ovčí střevo 26/28 15 m na pásu
2026-03-17 23:19:30 [kaufland_products] INFO: Scraped: Esperanza EKM017W Kráječ elektrický nerezový, bílý | EAN=5901299930410 | kcal=0.0
2026-03-17 23:19:30 [kaufland_products] WARNING: No nutrition data for: Esperanza EKM017W Kráječ elektrický nerezový, bílý plast, nerezová ocel 150 W
2026-03-17 23:19:37 [scrapy.extensions.logstats] INFO: Crawled 1090 pages (at 7 pages/min), scraped 996 items (at 7 items/min)
2026-03-17 23:19:39 [kaufland_products] INFO: Scraped: Mepal Lunchbox Campus Pink | EAN=8711269946993 | kcal=0.0
2026-03-17 23:19:39 [kaufland_products] WARNING: No nutrition data for: Mepal Lunchbox Campus Pink
2026-03-17 23:19:45 [kaufland_products] INFO: Scraped: Jack Links Beef Jerky Original 100 Prozent Lean Be | EAN=4251097402888 | kcal=0.0
2026-03-17 23:19:54 [kaufland_products] INFO: Scraped: Maggi omáčka na hovězí pečeni pro masové pokrmy 58 | EAN=7613035449893 | kcal=42.0
2026-03-17 23:20:02 [kaufland_products] INFO: Scraped: Animal Island - Everyday - Hovězí, kuřecí, krůtí,  | EAN=5904905081537 | kcal=0.0
2026-03-17 23:20:02 [kaufland_products] WARNING: No nutrition data for: Animal Island - Everyday - Hovězí, kuřecí, krůtí, bílé ryby - 40x 85g
2026-03-17 23:20:05 [kaufland_products] INFO: Scraped: Tuf Tuf MiX Krmivo pro kočky s příchutí 24 ks x 41 | EAN=5909082429646 | kcal=0.0
2026-03-17 23:20:05 [kaufland_products] WARNING: No nutrition data for: Tuf Tuf MiX Krmivo pro kočky s příchutí 24 ks x 415 g
2026-03-17 23:20:07 [kaufland_products] INFO: Scraped: Maggi Guten Appetit Hovězí polévka s nudlemi a zel | EAN=7613035290921 | kcal=28.0
2026-03-17 23:20:11 [kaufland_products] INFO: Scraped: Koncentrát hovězího vývaru CHEF je vhodný do polév | EAN=7613035897885 | kcal=60.0
2026-03-17 23:20:13 [kaufland_products] INFO: Scraped: Maggi Pro znalce Hovězí polévka s masovými kulička | EAN=7613035185876 | kcal=27.0
2026-03-17 23:20:16 [kaufland_products] INFO: Scraped: Silikonové pouzdro pro Motorola Moto G9 Play Prote | EAN=4065404128725 | kcal=0.0
2026-03-17 23:20:16 [kaufland_products] WARNING: No nutrition data for: Silikonové pouzdro pro Motorola Moto G9 Play Protective Cover Matt Black Backcover Pouzdro na mobilní telefon
2026-03-17 23:20:19 [kaufland_products] INFO: Scraped: imoshion Barevný zadní kryt s odnímatelným řetízke | EAN=8721064026875 | kcal=0.0
2026-03-17 23:20:19 [kaufland_products] WARNING: No nutrition data for: imoshion Barevný zadní kryt s odnímatelným řetízkem na mobil a MagSafe iPhone 16 – Raspberry
2026-03-17 23:20:21 [kaufland_products] INFO: Scraped: Etui Decoded Leather Backcover Z Magsafe Na Iphone | EAN=8721145006840 | kcal=0.0
2026-03-17 23:20:21 [kaufland_products] WARNING: No nutrition data for: Etui Decoded Leather Backcover Z Magsafe Na Iphone 17 - Brązowe
2026-03-17 23:20:26 [kaufland_products] INFO: Scraped: Silikonové pouzdro pro Xiaomi Redmi Note 10 Pro Pr | EAN=4065404128695 | kcal=0.0
2026-03-17 23:20:26 [kaufland_products] WARNING: No nutrition data for: Silikonové pouzdro pro Xiaomi Redmi Note 10 Pro Protective Cover Matt Black Backcover Pouzdro na mobilní telefon
2026-03-17 23:20:29 [kaufland_products] INFO: Scraped: One More Light - Linkin Park CD | EAN=93624913238 093624913238 0093624913238 | kcal=0.0
2026-03-17 23:20:29 [kaufland_products] WARNING: No nutrition data for: One More Light - Linkin Park CD
2026-03-17 23:20:32 [kaufland_products] INFO: Scraped: Warner Music Linkin Park Hybrid Theory, Vinyl, Lin | EAN=0093624941422 93624941422 | kcal=0.0
2026-03-17 23:20:32 [kaufland_products] WARNING: No nutrition data for: Warner Music Linkin Park Hybrid Theory, Vinyl, Linkin Park, Fyzické médium
2026-03-17 23:20:34 [kaufland_products] INFO: Scraped: Brandit BW Flag Parka navy - 52 | EAN=4051773100349 | kcal=0.0
2026-03-17 23:20:34 [kaufland_products] WARNING: No nutrition data for: Brandit BW Flag Parka navy - 52
2026-03-17 23:20:37 [scrapy.extensions.logstats] INFO: Crawled 1105 pages (at 15 pages/min), scraped 1011 items (at 15 items/min)
2026-03-17 23:20:37 [kaufland_products] INFO: Scraped: Mepal break set Campus (láhev na pití + krabička n | EAN=8711269987873 | kcal=0.0
2026-03-17 23:20:37 [kaufland_products] WARNING: No nutrition data for: Mepal break set Campus (láhev na pití + krabička na oběd) - Dino
2026-03-17 23:20:40 [kaufland_products] INFO: Scraped: sada 6 talířů na pizzu Olivová, salámová a oblíben | EAN=4250857296262 | kcal=0.0
2026-03-17 23:20:40 [kaufland_products] WARNING: No nutrition data for: sada 6 talířů na pizzu Olivová, salámová a oblíbená pizza Ø 31 cm talíř XL talíř
2026-03-17 23:20:44 [kaufland_products] INFO: Scraped: sada 6 talířů na pizzu Olivová, salámová a oblíben | EAN=4250857296279 | kcal=0.0
2026-03-17 23:20:44 [kaufland_products] WARNING: No nutrition data for: sada 6 talířů na pizzu Olivová, salámová a oblíbená pizza Ø 33,3 cm talíř XL talíř
2026-03-17 23:20:45 [kaufland_products] INFO: Scraped: Bifi Roll Turkey Original Mini Salami v zapečeném  | EAN=4251097407821 | kcal=436.0
2026-03-17 23:20:50 [kaufland_products] INFO: Scraped: Domácí játrová klobása - sklenice 160g | EAN=4031829231135 | kcal=371.0
2026-03-17 23:20:53 [kaufland_products] INFO: Scraped: Maggi Magic Asia Noodle Cup Chicken Snack mit Huhn | EAN=7613036680028 | kcal=103.0
2026-03-17 23:20:56 [kaufland_products] INFO: Scraped: Klobása Zimmermann Lyoner krájená pikantní a jemně | EAN=4006153419306 | kcal=0.0
2026-03-17 23:20:59 [kaufland_products] INFO: Scraped: Zimmermannmnichovské bílé párky 4 kusy ATG 250g pl | EAN=4006153314403 | kcal=0.0
2026-03-17 23:21:02 [kaufland_products] INFO: Scraped: Lacroix - Rinder Consommé Suppe - 400ml | EAN=4009062341089 | kcal=18.0
2026-03-17 23:21:04 [kaufland_products] INFO: Scraped: Knorr čirá masová polévka Classic | EAN=4000400103543 | kcal=6.0
2026-03-17 23:21:07 [kaufland_products] INFO: Scraped: Hovězí vývar Knorr 1 kg | EAN=4007801104810 | kcal=8.0
2026-03-17 23:21:10 [kaufland_products] INFO: Scraped: Koncentrát hovězího vývaru CHEF je ideální do polé | EAN=7613035910805 | kcal=60.0
2026-03-17 23:21:13 [kaufland_products] INFO: Scraped: Lacroix hovězí vývar základ pro polévky a omáčky 4 | EAN=4251753771884 | kcal=4.0
2026-03-17 23:21:15 [kaufland_products] INFO: Scraped: JARMINO Hovězí kostní vývar (6x 350 ml) | EAN=4260462450843 | kcal=87.0
2026-03-17 23:21:19 [kaufland_products] INFO: Scraped: Swedish Nutra Collagen Liquid 10 000 mg - Hydrolyz | EAN=7350122360449 | kcal=0.0
2026-03-17 23:21:19 [kaufland_products] WARNING: No nutrition data for: Swedish Nutra Collagen Liquid 10 000 mg - Hydrolyzovan hovz kolagen s kyselinou hyaluronovou, vitamny a minerly, 500 ml
2026-03-17 23:21:21 [kaufland_products] INFO: Scraped: Labs212 Beauty Collagen BI8751 | EAN=5903943955398 | kcal=0.0
2026-03-17 23:21:21 [kaufland_products] WARNING: No nutrition data for: Labs212 Beauty Collagen BI8751
2026-03-17 23:21:24 [kaufland_products] INFO: Scraped: Norsa Pharma Collagen Nucleus 30 Beutel | EAN=5905669770163 | kcal=0.0
2026-03-17 23:21:24 [kaufland_products] WARNING: No nutrition data for: Norsa Pharma Collagen Nucleus 30 Beutel
2026-03-17 23:21:27 [kaufland_products] INFO: Scraped: COLLAGEN SHOT 30 ml - PRIMABIOTIC | EAN=5907222805954 | kcal=0.0
2026-03-17 23:21:27 [kaufland_products] WARNING: No nutrition data for: COLLAGEN SHOT 30 ml - PRIMABIOTIC
2026-03-17 23:21:30 [kaufland_products] INFO: Scraped: JARMINO Koncentrovan hovz vvar z kost (440g) | EAN=4260462450157 | kcal=800.0
2026-03-17 23:21:33 [kaufland_products] INFO: Scraped: Silikonové pouzdro pro Honor View 20 Protective Co | EAN=4060966405369 | kcal=0.0
2026-03-17 23:21:33 [kaufland_products] WARNING: No nutrition data for: Silikonové pouzdro pro Honor View 20 Protective Cover Matt Black Back Cover Pouzdro na mobilní telefon
2026-03-17 23:21:37 [scrapy.extensions.logstats] INFO: Crawled 1125 pages (at 20 pages/min), scraped 1031 items (at 20 items/min)
2026-03-17 23:21:37 [kaufland_products] INFO: Scraped: Silikonové pouzdro pro Apple iPhone 12 Mini (5,4") | EAN=4060966965559 | kcal=0.0
2026-03-17 23:21:37 [kaufland_products] WARNING: No nutrition data for: Silikonové pouzdro pro Apple iPhone 12 Mini (5,4") Ochranný kryt Matt Black Backcover Pouzdro na mobilní telefon
2026-03-17 23:21:40 [kaufland_products] INFO: Scraped: Kožené pouzdro MagSafe pro Apple iPhone 12 (Pro) – | EAN=194252168295 0194252168295 | kcal=0.0
2026-03-17 23:21:40 [kaufland_products] WARNING: No nutrition data for: Kožené pouzdro MagSafe pro Apple iPhone 12 (Pro) – hnědá barva
2026-03-17 23:21:44 [kaufland_products] INFO: Scraped: Defender Case pro Motorola Moto G75 5G Protective  | EAN=4065404388570 | kcal=0.0
2026-03-17 23:21:44 [kaufland_products] WARNING: No nutrition data for: Defender Case pro Motorola Moto G75 5G Protective Case Matt Black Magsafe Backcover Pouzdro na mobilní telefon
2026-03-17 23:21:45 [kaufland_products] INFO: Scraped: BBQUE Grilovací omáčka Bacon Kirsch ovocná a kouřo | EAN=4260334689128 | kcal=165.0
2026-03-17 23:21:49 [kaufland_products] INFO: Scraped: 6 x 400g Metten thick Sauerland bockwurst 2,4kg | EAN=4260638620599 | kcal=251.0
2026-03-17 23:21:52 [kaufland_products] INFO: Scraped: Klobásy Bockwurst 6ks. 180g | EAN=4031829230770 | kcal=241.0
2026-03-17 23:21:54 [kaufland_products] INFO: Scraped: Zimmermann Regensburger párky 4 kusy ATG 250g plec | EAN=4006153757002 | kcal=0.0
2026-03-17 23:21:58 [kaufland_products] INFO: Scraped: Meica Trueman`s Hot Dog Sausages Kuřecí maso 100%  | EAN=4000503122502 | kcal=148.0
2026-03-17 23:22:01 [kaufland_products] INFO: Scraped: Meica Saft-Bockwurst 8ST extra jemný 540g | EAN=4000503120508 | kcal=248.0
2026-03-17 23:22:04 [kaufland_products] INFO: Scraped: Böklunder Echte herzhafte Land Bockwurst ve vlastn | EAN=4000404935355 | kcal=231.0
2026-03-17 23:22:07 [kaufland_products] INFO: Scraped: Parowki Berlinki Classic 250g I Berlinki Vídeňská  | EAN=5900567001746 | kcal=0.0
2026-03-17 23:22:07 [kaufland_products] WARNING: No nutrition data for: Parowki Berlinki Classic 250g I Berlinki Vídeňská klobása Classic 250g
2026-03-17 23:22:11 [kaufland_products] INFO: Scraped: Meica Bockwurst i.S. | EAN=4000503113500 | kcal=248.0
2026-03-17 23:22:13 [kaufland_products] INFO: Scraped: Meica Frankfurtské párky 6 kusů v jemném provázku  | EAN=4000503141305 | kcal=243.0
2026-03-17 23:22:16 [kaufland_products] INFO: Scraped: Meica Wiener | EAN=4000503101002 | kcal=248.0
2026-03-17 23:22:18 [kaufland_products] INFO: Scraped: Vídeňské párky Meica v jemném provázku extra křupa | EAN=4000503104003 | kcal=248.0
2026-03-17 23:22:24 [kaufland_products] INFO: Scraped: Hovězí klobása Meica 180g | EAN=4000503148205 | kcal=166.0
2026-03-17 23:22:25 [kaufland_products] INFO: Scraped: Drůbeží párky Meica v provázku | EAN=4000503148601 | kcal=148.0
2026-03-17 23:22:28 [kaufland_products] INFO: Scraped: Parowki Berlinki z kurczaka 250g I Drůbeží vídeňsk | EAN=5901664003749 | kcal=0.0
2026-03-17 23:22:28 [kaufland_products] WARNING: No nutrition data for: Parowki Berlinki z kurczaka 250g I Drůbeží vídeňské párky 250g
2026-03-17 23:22:33 [kaufland_products] INFO: Scraped: Meica Truemans American Style 7 leckere Hot Dog Wü | EAN=4000503122403 | kcal=0.0
2026-03-17 23:22:33 [kaufland_products] WARNING: No nutrition data for: Meica Truemans American Style 7 leckere Hot Dog Würstchen 350g
2026-03-17 23:22:35 [kaufland_products] INFO: Scraped: Zimmermann 4 typické mnichovské bílé párky ATG 250 | EAN=4006153756005 | kcal=0.0
2026-03-17 23:22:37 [scrapy.extensions.logstats] INFO: Crawled 1145 pages (at 20 pages/min), scraped 1051 items (at 20 items/min)
2026-03-17 23:22:38 [kaufland_products] INFO: Scraped: Böklunder Knacker párky 8 kusů osušené hmotnost 72 | EAN=4000404257457 | kcal=252.0
2026-03-17 23:22:40 [kaufland_products] INFO: Scraped: Meica Small Wiener extra křupavý bez laktózy a lep | EAN=4000503103006 | kcal=248.0
2026-03-17 23:22:43 [kaufland_products] INFO: Scraped: Meica 6 malých křupavých | EAN=4000503106304 | kcal=248.0
2026-03-17 23:22:46 [kaufland_products] INFO: Scraped: Zimmermann Delikate Saftwürstl Bockwürste 8 kusů A | EAN=4006153751109 | kcal=0.0
2026-03-17 23:22:49 [kaufland_products] INFO: Scraped: Metten Křupavé vídeňské párky 690g | EAN=4008401620052 | kcal=248.0
2026-03-17 23:22:51 [kaufland_products] INFO: Scraped: Böcklunder Vídeňské párky v křupavém provázku 10 p | EAN=4000404152059 | kcal=252.0
2026-03-17 23:22:55 [kaufland_products] INFO: Scraped: Metten thick Sauerland bockwurst 845g | EAN=4008401610152 | kcal=251.0
2026-03-17 23:22:58 [kaufland_products] INFO: Scraped: Lovecká klobása - sklenice 160g | EAN=4031829231418 | kcal=274.0
2026-03-17 23:23:01 [kaufland_products] INFO: Scraped: Meica Mini Wini klobásový řetěz extra křupavý bez  | EAN=4000503100500 | kcal=157.0
2026-03-17 23:23:03 [kaufland_products] INFO: Scraped: Bifi Hot the Original ohnivě pálivý uzený salám 22 | EAN=4251097410081 | kcal=510.0
2026-03-17 23:23:07 [kaufland_products] INFO: Scraped: BiFi The Original Roll Hot párek v těstíčku 45g | EAN=4251097409962 | kcal=380.0
2026-03-17 23:23:09 [kaufland_products] INFO: Scraped: Callipo Nduja Spilinga 200 g italská salámová klob | EAN=8001561015849 | kcal=532.0
2026-03-17 23:23:15 [kaufland_products] INFO: Scraped: Bifi Roll Original s chutnou měkkou chlebovou pole | EAN=4251097409818 | kcal=459.0
2026-03-17 23:23:17 [kaufland_products] INFO: Scraped: Pikantní roztíratelný vepřový salám (‘nduja di Spi | EAN=8050043440365 | kcal=0.0
2026-03-17 23:23:20 [kaufland_products] INFO: Scraped: Cantaluppi Tavernerio - Mortadella Classica - Vaku | EAN=7427266699374 | kcal=293.0
2026-03-17 23:23:23 [kaufland_products] INFO: Scraped: Delizie Calabria Nduja italská klobása salám 135 g | EAN=8007548011279 | kcal=604.0
2026-03-17 23:23:26 [kaufland_products] INFO: Scraped: Salumificio Rossi - Salame Felino IGP - Celé - 0,7 | EAN=8033462251873 | kcal=0.0
2026-03-17 23:23:26 [kaufland_products] WARNING: No nutrition data for: Salumificio Rossi - Salame Felino IGP - Celé - 0,75/0,95 Kg
2026-03-17 23:23:29 [kaufland_products] INFO: Scraped: BiFi | Carazza Original 30-balení | 40 g na kus |  | EAN=4251097407449 | kcal=374.0
2026-03-17 23:23:31 [kaufland_products] INFO: Scraped: Erasco 148395006 Erasco Weiße Bohnen-Eintopf 800,0 | EAN=4037300108255 | kcal=77.0
2026-03-17 23:23:34 [kaufland_products] INFO: Scraped: Bifi Mini Salám Original bez umělých aromat a barv | EAN=4251097400792 | kcal=0.0
2026-03-17 23:23:37 [scrapy.extensions.logstats] INFO: Crawled 1165 pages (at 20 pages/min), scraped 1071 items (at 20 items/min)
2026-03-17 23:23:37 [kaufland_products] INFO: Scraped: BiFi The Original Turkey Poultry Mini Salami s krů | EAN=4251097405148 | kcal=520.0
2026-03-17 23:23:40 [kaufland_products] INFO: Scraped: Cantaluppi Tavernerio - Salame Mantovano - celé -  | EAN=7427266699336 | kcal=0.0
2026-03-17 23:23:40 [kaufland_products] WARNING: No nutrition data for: Cantaluppi Tavernerio - Salame Mantovano - celé - 0,8/1,3 Kg
2026-03-17 23:23:45 [kaufland_products] INFO: [krůtí] page 1: found 29 product links
2026-03-17 23:23:48 [kaufland_products] INFO: [klobása] page 1: found 27 product links
2026-03-17 23:23:50 [kaufland_products] INFO: [mortadela] page 1: found 30 product links
2026-03-17 23:23:53 [kaufland_products] INFO: [krůtí] page 2: found 14 product links
2026-03-17 23:23:54 [kaufland_products] INFO: [klobása] page 2: found 23 product links
2026-03-17 23:23:56 [scrapy-playwright] WARNING: Closing page due to failed request: <GET https://www.kaufland.cz/s/?search_value=vep%C5%99ov%C3%A9> exc_type=<class 'playwright._impl._errors.TimeoutError'> exc_msg=Page.wait_for_selector: Timeout 15000ms exceeded.
Call log:
  - waiting for locator("a[href*='/product/']") to be visible
Traceback (most recent call last):
  File "/home/krokviak/.local/lib/python3.12/site-packages/scrapy_playwright/handler.py", line 480, in _download_request_with_retry
    return await self._download_request_with_page(request, page, spider)
           ^^^^^^^^^^^^^^^^^^^^^^^^^^^^^^^^^^^^^^^^^^^^^^^^^^^^^^^^^^^^^
  File "/home/krokviak/.local/lib/python3.12/site-packages/scrapy_playwright/handler.py", line 528, in _download_request_with_page
    await self._apply_page_methods(page, request, spider)
  File "/home/krokviak/.local/lib/python3.12/site-packages/scrapy_playwright/handler.py", line 678, in _apply_page_methods
    pm.result = await _maybe_await(method(*pm.args, **pm.kwargs))
                ^^^^^^^^^^^^^^^^^^^^^^^^^^^^^^^^^^^^^^^^^^^^^^^^^
  File "/home/krokviak/.local/lib/python3.12/site-packages/scrapy_playwright/_utils.py", line 23, in _maybe_await
    return await obj
           ^^^^^^^^^
  File "/home/krokviak/.local/lib/python3.12/site-packages/playwright/async_api/_generated.py", line 8234, in wait_for_selector
    await self._impl_obj.wait_for_selector(
  File "/home/krokviak/.local/lib/python3.12/site-packages/playwright/_impl/_page.py", line 419, in wait_for_selector
    return await self._main_frame.wait_for_selector(**locals_to_params(locals()))
           ^^^^^^^^^^^^^^^^^^^^^^^^^^^^^^^^^^^^^^^^^^^^^^^^^^^^^^^^^^^^^^^^^^^^^^
  File "/home/krokviak/.local/lib/python3.12/site-packages/playwright/_impl/_frame.py", line 369, in wait_for_selector
    await self._channel.send(
  File "/home/krokviak/.local/lib/python3.12/site-packages/playwright/_impl/_connection.py", line 69, in send
    return await self._connection.wrap_api_call(
           ^^^^^^^^^^^^^^^^^^^^^^^^^^^^^^^^^^^^^
  File "/home/krokviak/.local/lib/python3.12/site-packages/playwright/_impl/_connection.py", line 559, in wrap_api_call
    raise rewrite_error(error, f"{parsed_st['apiName']}: {error}") from None
playwright._impl._errors.TimeoutError: Page.wait_for_selector: Timeout 15000ms exceeded.
Call log:
  - waiting for locator("a[href*='/product/']") to be visible

2026-03-17 23:23:57 [kaufland_products] WARNING: Request failed: https://www.kaufland.cz/s/?search_value=vep%C5%99ov%C3%A9: Page.wait_for_selector: Timeout 15000ms exceeded.
Call log:
  - waiting for locator("a[href*='/product/']") to be visible

2026-03-17 23:24:02 [kaufland_products] INFO: [klobása] page 3: found 25 product links
2026-03-17 23:24:04 [kaufland_products] INFO: Scraped: Vepřové tlusté střevo | EAN=5905261001337 | kcal=0.0
2026-03-17 23:24:04 [kaufland_products] WARNING: No nutrition data for: Vepřové tlusté střevo
2026-03-17 23:24:06 [kaufland_products] INFO: [klobása] page 4: found 22 product links
2026-03-17 23:24:11 [scrapy-playwright] WARNING: Closing page due to failed request: <GET https://www.kaufland.cz/s/?search_value=mortadela&page=2> exc_type=<class 'playwright._impl._errors.TimeoutError'> exc_msg=Page.wait_for_selector: Timeout 15000ms exceeded.
Call log:
  - waiting for locator("a[href*='/product/']") to be visible
Traceback (most recent call last):
  File "/home/krokviak/.local/lib/python3.12/site-packages/scrapy_playwright/handler.py", line 480, in _download_request_with_retry
    return await self._download_request_with_page(request, page, spider)
           ^^^^^^^^^^^^^^^^^^^^^^^^^^^^^^^^^^^^^^^^^^^^^^^^^^^^^^^^^^^^^
  File "/home/krokviak/.local/lib/python3.12/site-packages/scrapy_playwright/handler.py", line 528, in _download_request_with_page
    await self._apply_page_methods(page, request, spider)
  File "/home/krokviak/.local/lib/python3.12/site-packages/scrapy_playwright/handler.py", line 678, in _apply_page_methods
    pm.result = await _maybe_await(method(*pm.args, **pm.kwargs))
                ^^^^^^^^^^^^^^^^^^^^^^^^^^^^^^^^^^^^^^^^^^^^^^^^^
  File "/home/krokviak/.local/lib/python3.12/site-packages/scrapy_playwright/_utils.py", line 23, in _maybe_await
    return await obj
           ^^^^^^^^^
  File "/home/krokviak/.local/lib/python3.12/site-packages/playwright/async_api/_generated.py", line 8234, in wait_for_selector
    await self._impl_obj.wait_for_selector(
  File "/home/krokviak/.local/lib/python3.12/site-packages/playwright/_impl/_page.py", line 419, in wait_for_selector
    return await self._main_frame.wait_for_selector(**locals_to_params(locals()))
           ^^^^^^^^^^^^^^^^^^^^^^^^^^^^^^^^^^^^^^^^^^^^^^^^^^^^^^^^^^^^^^^^^^^^^^
  File "/home/krokviak/.local/lib/python3.12/site-packages/playwright/_impl/_frame.py", line 369, in wait_for_selector
    await self._channel.send(
  File "/home/krokviak/.local/lib/python3.12/site-packages/playwright/_impl/_connection.py", line 69, in send
    return await self._connection.wrap_api_call(
           ^^^^^^^^^^^^^^^^^^^^^^^^^^^^^^^^^^^^^
  File "/home/krokviak/.local/lib/python3.12/site-packages/playwright/_impl/_connection.py", line 559, in wrap_api_call
    raise rewrite_error(error, f"{parsed_st['apiName']}: {error}") from None
playwright._impl._errors.TimeoutError: Page.wait_for_selector: Timeout 15000ms exceeded.
Call log:
  - waiting for locator("a[href*='/product/']") to be visible

2026-03-17 23:24:11 [kaufland_products] WARNING: Request failed: https://www.kaufland.cz/s/?search_value=mortadela&page=2: Page.wait_for_selector: Timeout 15000ms exceeded.
Call log:
  - waiting for locator("a[href*='/product/']") to be visible

2026-03-17 23:24:12 [kaufland_products] INFO: [klobása] page 5: found 21 product links
2026-03-17 23:24:14 [scrapy-playwright] WARNING: Closing page due to failed request: <GET https://www.kaufland.cz/s/?search_value=kr%C5%AFt%C3%AD&page=3> exc_type=<class 'playwright._impl._errors.TimeoutError'> exc_msg=Page.wait_for_selector: Timeout 15000ms exceeded.
Call log:
  - waiting for locator("a[href*='/product/']") to be visible
Traceback (most recent call last):
  File "/home/krokviak/.local/lib/python3.12/site-packages/scrapy_playwright/handler.py", line 480, in _download_request_with_retry
    return await self._download_request_with_page(request, page, spider)
           ^^^^^^^^^^^^^^^^^^^^^^^^^^^^^^^^^^^^^^^^^^^^^^^^^^^^^^^^^^^^^
  File "/home/krokviak/.local/lib/python3.12/site-packages/scrapy_playwright/handler.py", line 528, in _download_request_with_page
    await self._apply_page_methods(page, request, spider)
  File "/home/krokviak/.local/lib/python3.12/site-packages/scrapy_playwright/handler.py", line 678, in _apply_page_methods
    pm.result = await _maybe_await(method(*pm.args, **pm.kwargs))
                ^^^^^^^^^^^^^^^^^^^^^^^^^^^^^^^^^^^^^^^^^^^^^^^^^
  File "/home/krokviak/.local/lib/python3.12/site-packages/scrapy_playwright/_utils.py", line 23, in _maybe_await
    return await obj
           ^^^^^^^^^
  File "/home/krokviak/.local/lib/python3.12/site-packages/playwright/async_api/_generated.py", line 8234, in wait_for_selector
    await self._impl_obj.wait_for_selector(
  File "/home/krokviak/.local/lib/python3.12/site-packages/playwright/_impl/_page.py", line 419, in wait_for_selector
    return await self._main_frame.wait_for_selector(**locals_to_params(locals()))
           ^^^^^^^^^^^^^^^^^^^^^^^^^^^^^^^^^^^^^^^^^^^^^^^^^^^^^^^^^^^^^^^^^^^^^^
  File "/home/krokviak/.local/lib/python3.12/site-packages/playwright/_impl/_frame.py", line 369, in wait_for_selector
    await self._channel.send(
  File "/home/krokviak/.local/lib/python3.12/site-packages/playwright/_impl/_connection.py", line 69, in send
    return await self._connection.wrap_api_call(
           ^^^^^^^^^^^^^^^^^^^^^^^^^^^^^^^^^^^^^
  File "/home/krokviak/.local/lib/python3.12/site-packages/playwright/_impl/_connection.py", line 559, in wrap_api_call
    raise rewrite_error(error, f"{parsed_st['apiName']}: {error}") from None
playwright._impl._errors.TimeoutError: Page.wait_for_selector: Timeout 15000ms exceeded.
Call log:
  - waiting for locator("a[href*='/product/']") to be visible

2026-03-17 23:24:14 [kaufland_products] WARNING: Request failed: https://www.kaufland.cz/s/?search_value=kr%C5%AFt%C3%AD&page=3: Page.wait_for_selector: Timeout 15000ms exceeded.
Call log:
  - waiting for locator("a[href*='/product/']") to be visible

2026-03-17 23:24:14 [kaufland_products] INFO: Scraped: Zelsius profesionální pěchovač klobás, 5 litrů, če | EAN=4260532292762 | kcal=0.0
2026-03-17 23:24:14 [kaufland_products] WARNING: No nutrition data for: Zelsius profesionální pěchovač klobás, 5 litrů, černý, nerezový pěchovač klobás s ruční klikou
2026-03-17 23:24:17 [kaufland_products] INFO: Scraped: Zelsius Professional Sausage Stuffer | 7 litrů | č | EAN=4260532292779 | kcal=0.0
2026-03-17 23:24:17 [kaufland_products] WARNING: No nutrition data for: Zelsius Professional Sausage Stuffer | 7 litrů | černá | nerezová ocel
2026-03-17 23:24:20 [kaufland_products] INFO: Scraped: Snídaně s kocovinou z filé ze sledě Appel v pikant | EAN=4020500922615 | kcal=200.0
2026-03-17 23:24:21 [kaufland_products] INFO: Scraped: Filety ze sledě obecného v omáčce skyr s aromatick | EAN=4020500922875 | kcal=170.0
2026-03-17 23:24:27 [kaufland_products] INFO: Scraped: COSTWAY 3,6L plnička klobás, stroj na klobásy, pln | EAN=6940350827459 | kcal=0.0
2026-03-17 23:24:27 [kaufland_products] WARNING: No nutrition data for: COSTWAY 3,6L plnička klobás, stroj na klobásy, plnička klobás, včetně 4 plnicích trubek, nerezová ocel
2026-03-17 23:24:29 [kaufland_products] INFO: Scraped: Knorr Professional Authentic Demi Glace Grundsauce | EAN=8720182470607 | kcal=0.0
2026-03-17 23:24:32 [kaufland_products] INFO: Scraped: Appel Gourmet mušle v pikantní omáčce salsa k zjem | EAN=4020500977240 | kcal=149.0
2026-03-17 23:24:35 [kaufland_products] INFO: Scraped: Saupiquet tuňákové filety naturale bez oleje prémi | EAN=3165955527013 | kcal=101.0
2026-03-17 23:24:37 [scrapy.extensions.logstats] INFO: Crawled 1184 pages (at 19 pages/min), scraped 1082 items (at 11 items/min)
2026-03-17 23:24:37 [kaufland_products] INFO: Scraped: Filety ze sledě obecného v rajčatovém krému z rajč | EAN=4020500922011 | kcal=218.0
2026-03-17 23:24:39 [kaufland_products] INFO: Scraped: COSTWAY 3L plnička klobás z nerezové oceli, včetně | EAN=6940350827428 | kcal=0.0
2026-03-17 23:24:39 [kaufland_products] WARNING: No nutrition data for: COSTWAY 3L plnička klobás z nerezové oceli, včetně 4 plnicích trubek, plnička klobás, stroj na klobásy
2026-03-17 23:24:42 [kaufland_products] INFO: Scraped: Sépiový inkoust (Nero di Seppia), 500 g | EAN=8054134900240 | kcal=0.0
2026-03-17 23:24:45 [kaufland_products] INFO: Scraped: Filety ze sleďů Appel sweet chilli s asijskou zele | EAN=4020500922233 | kcal=185.0
2026-03-17 23:24:50 [kaufland_products] INFO: Scraped: Appel sleďový filet rajčatový krém z rajčat vyzrál | EAN=4020500966459 | kcal=203.0
2026-03-17 23:24:53 [kaufland_products] INFO: Scraped: Mramorová deska na krájení 40 x 30 cm bílo-šedá Po | EAN=4250857295517 | kcal=0.0
2026-03-17 23:24:53 [kaufland_products] WARNING: No nutrition data for: Mramorová deska na krájení 40 x 30 cm bílo-šedá Podložka pod stůl Servírovací talíř Podložka pod stůl
2026-03-17 23:24:56 [kaufland_products] INFO: Scraped: HENDI plnička klobás Profi Line, Profi Line, 5L, 3 | EAN=8711369282588 | kcal=0.0
2026-03-17 23:24:56 [kaufland_products] WARNING: No nutrition data for: HENDI plnička klobás Profi Line, Profi Line, 5L, 304x304x(H)640mm
2026-03-17 23:24:58 [kaufland_products] INFO: Scraped: VEVOR Ruční plnička klobás, vertikální stroj na kl | EAN=0197988222101 197988222101 | kcal=0.0
2026-03-17 23:24:58 [kaufland_products] WARNING: No nutrition data for: VEVOR Ruční plnička klobás, vertikální stroj na klobásy o objemu 2 litry / 5 liber se svorkou typu G, buben z nerezové oceli 304 bezpečný pro potraviny se 2 plnicími trubkami, pro domácnost, kuchyni, restauraci, komerční použití
2026-03-17 23:25:01 [kaufland_products] INFO: Scraped: Zilner, ruční plnička klobás, kapacita plnění 5,5  | EAN=5906492960448 | kcal=0.0
2026-03-17 23:25:01 [kaufland_products] WARNING: No nutrition data for: Zilner, ruční plnička klobás, kapacita plnění 5,5 kg masa, nerezová ocel, horní montáž, robustní ZL-3908
2026-03-17 23:25:06 [kaufland_products] INFO: Scraped: Plnička klobás Strojek na plnění klobás Stříkačka  | EAN=5055986122999 | kcal=0.0
2026-03-17 23:25:06 [kaufland_products] WARNING: No nutrition data for: Plnička klobás Strojek na plnění klobás Stříkačka na klobásy Nerezový lis na klobásy 3 litry
2026-03-17 23:25:08 [kaufland_products] INFO: Scraped: Develey Original Münchener Weißwurstsenf sladký pr | EAN=4006824006552 | kcal=269.0
2026-03-17 23:25:12 [kaufland_products] INFO: Scraped: Meica 6 vegetariánských párků bezmasá alternativa  | EAN=4000503104409 | kcal=0.0
2026-03-17 23:25:15 [kaufland_products] INFO: Scraped: Sada na plnění uzenin | EAN=3831127582165 | kcal=0.0
2026-03-17 23:25:15 [kaufland_products] WARNING: No nutrition data for: Sada na plnění uzenin
2026-03-17 23:25:20 [kaufland_products] INFO: Scraped: Saupiquet tuňákové filety naturale v plechovce bez | EAN=3165958459014 | kcal=109.0
2026-03-17 23:25:22 [kaufland_products] INFO: Scraped: Jack Links Beef Jerky Sušené hovězí maso s příchut | EAN=4251097402918 | kcal=0.0
2026-03-17 23:25:25 [kaufland_products] INFO: Scraped: Celé sušené jikry parmice obecné (Bottarga di Mugg | EAN=8025789000517 | kcal=0.0
2026-03-17 23:25:28 [kaufland_products] INFO: Scraped: Celá Husí Foie Gras z Landes ve Francii 320 g | EAN=3770015928060 | kcal=0.0
2026-03-17 23:25:30 [scrapy-playwright] WARNING: Closing page due to failed request: <GET https://www.kaufland.cz/product/328674613/> exc_type=<class 'playwright._impl._errors.TimeoutError'> exc_msg=Page.wait_for_selector: Timeout 15000ms exceeded.
Call log:
  - waiting for locator("main") to be visible
Traceback (most recent call last):
  File "/home/krokviak/.local/lib/python3.12/site-packages/scrapy_playwright/handler.py", line 480, in _download_request_with_retry
    return await self._download_request_with_page(request, page, spider)
           ^^^^^^^^^^^^^^^^^^^^^^^^^^^^^^^^^^^^^^^^^^^^^^^^^^^^^^^^^^^^^
  File "/home/krokviak/.local/lib/python3.12/site-packages/scrapy_playwright/handler.py", line 528, in _download_request_with_page
    await self._apply_page_methods(page, request, spider)
  File "/home/krokviak/.local/lib/python3.12/site-packages/scrapy_playwright/handler.py", line 678, in _apply_page_methods
    pm.result = await _maybe_await(method(*pm.args, **pm.kwargs))
                ^^^^^^^^^^^^^^^^^^^^^^^^^^^^^^^^^^^^^^^^^^^^^^^^^
  File "/home/krokviak/.local/lib/python3.12/site-packages/scrapy_playwright/_utils.py", line 23, in _maybe_await
    return await obj
           ^^^^^^^^^
  File "/home/krokviak/.local/lib/python3.12/site-packages/playwright/async_api/_generated.py", line 8234, in wait_for_selector
    await self._impl_obj.wait_for_selector(
  File "/home/krokviak/.local/lib/python3.12/site-packages/playwright/_impl/_page.py", line 419, in wait_for_selector
    return await self._main_frame.wait_for_selector(**locals_to_params(locals()))
           ^^^^^^^^^^^^^^^^^^^^^^^^^^^^^^^^^^^^^^^^^^^^^^^^^^^^^^^^^^^^^^^^^^^^^^
  File "/home/krokviak/.local/lib/python3.12/site-packages/playwright/_impl/_frame.py", line 369, in wait_for_selector
    await self._channel.send(
  File "/home/krokviak/.local/lib/python3.12/site-packages/playwright/_impl/_connection.py", line 69, in send
    return await self._connection.wrap_api_call(
           ^^^^^^^^^^^^^^^^^^^^^^^^^^^^^^^^^^^^^
  File "/home/krokviak/.local/lib/python3.12/site-packages/playwright/_impl/_connection.py", line 559, in wrap_api_call
    raise rewrite_error(error, f"{parsed_st['apiName']}: {error}") from None
playwright._impl._errors.TimeoutError: Page.wait_for_selector: Timeout 15000ms exceeded.
Call log:
  - waiting for locator("main") to be visible

2026-03-17 23:25:30 [kaufland_products] WARNING: Request failed: https://www.kaufland.cz/product/328674613/: Page.wait_for_selector: Timeout 15000ms exceeded.
Call log:
  - waiting for locator("main") to be visible

2026-03-17 23:25:32 [kaufland_products] INFO: Scraped: Zimmermann polévka se smaženými knedlíčky Zelenino | EAN=4006153693904 | kcal=0.0
2026-03-17 23:25:35 [kaufland_products] INFO: Scraped: Erasco hrachový guláš s klobásami, šetrně připrave | EAN=4251753727973 | kcal=89.0
2026-03-17 23:25:37 [scrapy.extensions.logstats] INFO: Crawled 1203 pages (at 19 pages/min), scraped 1101 items (at 19 items/min)
2026-03-17 23:25:38 [kaufland_products] INFO: Scraped: Filety z tuňáka - přírodní vlastní šťáva 185g | EAN=4250073450639 | kcal=115.0
2026-03-17 23:25:40 [kaufland_products] INFO: Scraped: Saupiquet Tuna Gourmet Fillets Naturale bez oleje  | EAN=3165950211283 | kcal=109.0
2026-03-17 23:25:42 [kaufland_products] INFO: Scraped: Saupiquet Tuňáková pomazánka Classic Resealable 11 | EAN=3165950052015 | kcal=273.0
2026-03-17 23:25:46 [kaufland_products] INFO: Scraped: Kalamáry (plněné) v oleji 115g VIGILANTE | EAN=8410234641061 | kcal=300.0
2026-03-17 23:25:50 [kaufland_products] INFO: Scraped: Saupiquet tuňák ve slunečnicovém oleji Kousky tuňá | EAN=3165955584016 | kcal=200.0
2026-03-17 23:25:53 [kaufland_products] INFO: Scraped: Appel Fish Minis Kousky filé ze sledě v rajčatové  | EAN=4020500966404 | kcal=198.0
2026-03-17 23:25:56 [kaufland_products] INFO: Scraped: Erasco bramborový hrnec s klobásami s jemnými byli | EAN=4251753750995 | kcal=61.0
2026-03-17 23:25:58 [kaufland_products] INFO: Scraped: GymBeam - Islandská tresčí játra ve vlastním oleji | EAN=8586027396873 | kcal=646.0
2026-03-17 23:26:02 [kaufland_products] INFO: Scraped: Saupiquet Rio Mare tuňákové filety gurmánský olivo | EAN=3165950211290 | kcal=363.0
2026-03-17 23:26:04 [kaufland_products] INFO: Scraped: Kousky tuňáka La Perla nebo Adria v oleji, šťavnat | EAN=4006795309126 | kcal=123.0
2026-03-17 23:26:06 [kaufland_products] INFO: Scraped: GymBeam Sardinky v solném nálevu – vysoce kvalitní | EAN=8586022214332 | kcal=109.0
2026-03-17 23:26:12 [kaufland_products] INFO: Scraped: Filety z jablečného sledě Balkánská rajčatová omáč | EAN=4020500922837 | kcal=175.0
2026-03-17 23:26:14 [kaufland_products] INFO: Scraped: Saupiquet tuňák v olivovém oleji kousky tuňáka v p | EAN=3165950308075 | kcal=200.0
2026-03-17 23:26:17 [kaufland_products] INFO: Scraped: Kachní foie gras v jednom kuse z jihozápadní Franc | EAN=3770015928121 | kcal=485.0
2026-03-17 23:26:19 [kaufland_products] INFO: Scraped: Blok foie gras z francouzských Landes 100 g | EAN=3770015928145 | kcal=0.0
2026-03-17 23:26:24 [kaufland_products] INFO: Scraped: Appel Sardinky Madeleine červené Křehké filety ze  | EAN=4020500977820 | kcal=253.0
2026-03-17 23:26:27 [kaufland_products] INFO: Scraped: Vepřové koleno Krakus ''Golonkowa'' 300g | EAN=5900244010023 | kcal=145.0
2026-03-17 23:26:29 [kaufland_products] INFO: Scraped: Francouzská kachní játra zcela přírodní – 200 g | EAN=3760342080029 | kcal=0.0
2026-03-17 23:26:31 [kaufland_products] INFO: Scraped: Husí foie gras v jednom kuse z francouzských Lande | EAN=3770015928077 | kcal=0.0
2026-03-17 23:26:34 [kaufland_products] INFO: Scraped: Vepřová střeva na klobásy 28/30mm 15m | EAN=5904816918915 | kcal=79.0
2026-03-17 23:26:37 [scrapy.extensions.logstats] INFO: Crawled 1223 pages (at 20 pages/min), scraped 1121 items (at 20 items/min)
2026-03-17 23:26:37 [kaufland_products] INFO: Scraped: Plnička klobás a jitrnic 2,5 kg | EAN=4251776911366 | kcal=0.0
2026-03-17 23:26:37 [kaufland_products] WARNING: No nutrition data for: Plnička klobás a jitrnic 2,5 kg
2026-03-17 23:26:39 [kaufland_products] INFO: Scraped: Jensenova husí paštika s husím masem a husími játr | EAN=4021600100200 | kcal=367.0
2026-03-17 23:26:43 [kaufland_products] INFO: Scraped: Konzerva BRIT Mono Protein Turkey & Sweet Potato 4 | EAN=8595602555390 | kcal=1041.0
2026-03-17 23:26:46 [kaufland_products] INFO: Scraped: Mucola inkubátor plně automatický inkubátor inkubá | EAN=4250357328968 | kcal=0.0
2026-03-17 23:26:46 [kaufland_products] WARNING: No nutrition data for: Mucola inkubátor plně automatický inkubátor inkubátor povrchový inkubátor inkubátor inkubátor inkubátor inkubátor - 48 vajec
2026-03-17 23:26:49 [kaufland_products] INFO: Scraped: LEGO Harry Potter Newt´s Case of Magical Creatures | EAN=5702016110357 | kcal=0.0
2026-03-17 23:26:49 [kaufland_products] WARNING: No nutrition data for: LEGO Harry Potter Newt´s Case of Magical Creatures, Sada na stavění, 8 rok/roky, 694 kusů
2026-03-17 23:26:51 [kaufland_products] INFO: Scraped: FELIX Sensations karma dla kota - indyk, makrela,  | EAN=7613039757062 | kcal=0.0
2026-03-17 23:26:51 [kaufland_products] WARNING: No nutrition data for: FELIX Sensations karma dla kota - indyk, makrela, jagnięcina - 12x85g
2026-03-17 23:26:55 [kaufland_products] INFO: Scraped: Orijen Whole Prey Original Dog | EAN=64992182120 0064992182120 064992182120 | kcal=0.0
2026-03-17 23:26:57 [kaufland_products] INFO: Scraped: Animonda GranCarno Adult Hovězí a kachní srdce 800 | EAN=4017721827478 | kcal=460.0
2026-03-17 23:27:03 [kaufland_products] INFO: Scraped: Peříčko boa modré 40gr 2 metry - Jedna velikost | EAN=3613600050336 | kcal=0.0
2026-03-17 23:27:03 [kaufland_products] WARNING: No nutrition data for: Peříčko boa modré 40gr 2 metry - Jedna velikost
2026-03-17 23:27:05 [kaufland_products] INFO: Scraped: Houba z krůtího ocasu 1000 mg (120 kapslí) Doplněk | EAN=074283925985 | kcal=0.0
2026-03-17 23:27:05 [kaufland_products] WARNING: No nutrition data for: Houba z krůtího ocasu 1000 mg (120 kapslí) Doplněk stravy, Trávení, Imunitní systém, Zdraví střev
2026-03-17 23:27:06 [kaufland_products] INFO: Scraped: Carnilove Dog Quail & Yellow Carrot - křepelka a ž | EAN=8595602537686 | kcal=130.0
2026-03-17 23:27:09 [kaufland_products] INFO: Scraped: Cat pochoutka Stick mini Turkey+lamb 3x6g | EAN=4008239241924 | kcal=0.0
2026-03-17 23:27:15 [kaufland_products] INFO: Scraped: FISTIKCI pražená vlákna z andělského vlasového těs | EAN=8699237144292 | kcal=0.0
2026-03-17 23:27:15 [kaufland_products] WARNING: No nutrition data for: FISTIKCI pražená vlákna z andělského vlasového těsta Kadayif pro výrobu dubajské čokolády 200g
2026-03-17 23:27:16 [kaufland_products] INFO: Scraped: Velké zelené sicilské olivy v nálevu „00“ Miccio D | EAN=8028855001401 | kcal=145.0
2026-03-17 23:27:19 [kaufland_products] INFO: Scraped: Hela kečup s kari kořením jemný sladce pikantní ná | EAN=4027400168105 | kcal=135.0
2026-03-17 23:27:22 [kaufland_products] INFO: Scraped: Rummo Spaghetti n.3 italské dlouhé těstoviny 500 g | EAN=8008343200035 | kcal=356.0
2026-03-17 23:27:27 [kaufland_products] INFO: Scraped: Mutti Polpa 400 g italská rajčatová drť v konzervě | EAN=80042556 0000080042556 | kcal=26.0
2026-03-17 23:27:29 [kaufland_products] INFO: Scraped: Nutella Ferrero MONOPORCJA 15 g mini čokoládovo-oř | EAN=8000500205631 08000500205631 | kcal=539.0
2026-03-17 23:27:32 [kaufland_products] INFO: Scraped: La Molisana Spaghetti n.15 dlouhé těstoviny 500 g | EAN=8004690051573 | kcal=351.0
2026-03-17 23:27:35 [kaufland_products] INFO: Scraped: Krůtí lýko - 50g plechovka | EAN=4031829261408 | kcal=0.0
2026-03-17 23:27:35 [kaufland_products] WARNING: No nutrition data for: Krůtí lýko - 50g plechovka
2026-03-17 23:27:37 [scrapy.extensions.logstats] INFO: Crawled 1243 pages (at 20 pages/min), scraped 1141 items (at 20 items/min)
2026-03-17 23:27:37 [kaufland_products] INFO: Scraped: Mutti Pelati 400 g italské rajčata v konzervě bez  | EAN=8005110060007 | kcal=26.0
2026-03-17 23:27:39 [kaufland_products] INFO: Scraped: Strianese San Marzano italské rajčata v konzervě 4 | EAN=8003716001158 | kcal=31.0
2026-03-17 23:27:42 [kaufland_products] INFO: Scraped: Univer Eros Pista pikantní maďarská papriková past | EAN=5997010301195 | kcal=41.0
2026-03-17 23:27:46 [kaufland_products] INFO: Scraped: Mettwurst koupený - Skleněný 160g | EAN=4031829231524 | kcal=0.0
2026-03-17 23:27:46 [kaufland_products] WARNING: No nutrition data for: Mettwurst koupený - Skleněný 160g
2026-03-17 23:27:50 [kaufland_products] INFO: Scraped: Metten thick Sauerland bockwurst 1020g | EAN=4008401610015 | kcal=251.0
2026-03-17 23:27:53 [kaufland_products] INFO: Scraped: Leberwurst fein - Dose 50g | EAN=4031829261002 | kcal=318.0
2026-03-17 23:27:56 [kaufland_products] INFO: Scraped: Ankerkraut kari koření na klobásy a omáčky v korko | EAN=4260347892393 | kcal=1357.0
2026-03-17 23:27:59 [kaufland_products] INFO: Scraped: Kráječ na kari klobásy z nerezové oceli Mahlzeit n | EAN=4260532292380 | kcal=0.0
2026-03-17 23:27:59 [kaufland_products] WARNING: No nutrition data for: Kráječ na kari klobásy z nerezové oceli Mahlzeit na 18 mm plátky | 10 ostrých nožů
2026-03-17 23:28:00 [kaufland_products] INFO: Scraped: Zimmermann domácí játrová klobása hrubá slaná a ch | EAN=4006153419009 | kcal=0.0
2026-03-17 23:28:05 [kaufland_products] INFO: Scraped: LEGO® Harry Potter™ 75954 Bradavická Velká síň | EAN=5702016110371 | kcal=0.0
2026-03-17 23:28:05 [kaufland_products] WARNING: No nutrition data for: LEGO® Harry Potter™ 75954 Bradavická Velká síň
2026-03-17 23:28:08 [kaufland_products] INFO: Scraped: Litinový pekáč na kuřata BBQ-Toro Ø 28 cm | s arom | EAN=4260532292908 | kcal=0.0
2026-03-17 23:28:08 [kaufland_products] WARNING: No nutrition data for: Litinový pekáč na kuřata BBQ-Toro Ø 28 cm | s aroma kuželem a odkapávací miskou
2026-03-17 23:28:11 [kaufland_products] INFO: Scraped: Univerzální sada grilovacích jehel BBQ-Toro pro gr | EAN=4260120778531 | kcal=0.0
2026-03-17 23:28:11 [kaufland_products] WARNING: No nutrition data for: Univerzální sada grilovacích jehel BBQ-Toro pro gril s jehlou, motorem, držákem motoru a jehlami na maso
2026-03-17 23:28:15 [kaufland_products] INFO: Scraped: vidaXL Feeder Feedomatic pro drůbež s pedálem 12 k | EAN=8720286640098 | kcal=0.0
2026-03-17 23:28:15 [kaufland_products] WARNING: No nutrition data for: vidaXL Feeder Feedomatic pro drůbež s pedálem 12 kg
2026-03-17 23:28:18 [kaufland_products] INFO: Scraped: Sada grilu a špízů BBQ-Toro pro grily Weber Genesi | EAN=4260532290270 | kcal=0.0
2026-03-17 23:28:18 [kaufland_products] WARNING: No nutrition data for: Sada grilu a špízů BBQ-Toro pro grily Weber Genesis II řady 200 a 300
2026-03-17 23:28:24 [kaufland_products] INFO: Scraped: VEVOR fritéza na ryby, křídlová fritéza, sada hlin | EAN=0197988646525 197988646525 | kcal=0.0
2026-03-17 23:28:24 [kaufland_products] WARNING: No nutrition data for: VEVOR fritéza na ryby, křídlová fritéza, sada hliníkové fritézy na ryby na propan o objemu 9,35 l s teploměrem, sítkovým košem a hořákem na propan o výkonu 54 000 BTU pro venkovní vaření
2026-03-17 23:28:24 [kaufland_products] INFO: Scraped: vidaXL Sada grilovacích kruhů 57 cm černá | EAN=8719883572598 | kcal=0.0
2026-03-17 23:28:24 [kaufland_products] WARNING: No nutrition data for: vidaXL Sada grilovacích kruhů 57 cm černá
2026-03-17 23:28:29 [kaufland_products] INFO: Scraped: Kopie HFM Brüterei Thermo 88 - inkubátor s termost | EAN=5907059400957 | kcal=0.0
2026-03-17 23:28:29 [kaufland_products] WARNING: No nutrition data for: Kopie HFM Brüterei Thermo 88 - inkubátor s termostatem na 88 vajec
2026-03-17 23:28:29 [kaufland_products] INFO: Scraped: VEVOR fritéza na ryby, křídlová fritéza, propanová | EAN=0197988648949 197988648949 | kcal=0.0
2026-03-17 23:28:29 [kaufland_products] WARNING: No nutrition data for: VEVOR fritéza na ryby, křídlová fritéza, propanová fritovací souprava, 13,27 l, 58000 BTU propanový hořák pro venkovní vaření
2026-03-17 23:28:31 [kaufland_products] INFO: Scraped: Sada grilu a rožně BBQ-Toro pro grily Weber Genesi | EAN=4260532290287 | kcal=0.0
2026-03-17 23:28:31 [kaufland_products] WARNING: No nutrition data for: Sada grilu a rožně BBQ-Toro pro grily Weber Genesis II řady 400 a 600, otočný rožeň
2026-03-17 23:28:34 [kaufland_products] INFO: Scraped: Napáječka pro drůbež Kerbl 30 l plast 70233 | EAN=8010213977176 | kcal=0.0
2026-03-17 23:28:34 [kaufland_products] WARNING: No nutrition data for: Napáječka pro drůbež Kerbl 30 l plast 70233
2026-03-17 23:28:37 [kaufland_products] INFO: Scraped: Napáječka pro drůbež 5 litrů (zelený citron) | EAN=8435039002336 | kcal=0.0
2026-03-17 23:28:37 [kaufland_products] WARNING: No nutrition data for: Napáječka pro drůbež 5 litrů (zelený citron)
2026-03-17 23:28:37 [scrapy.extensions.logstats] INFO: Crawled 1264 pages (at 21 pages/min), scraped 1162 items (at 21 items/min)
2026-03-17 23:28:39 [kaufland_products] INFO: Scraped: Konzerva BRIT Paté & Meat Puppy 400 g | EAN=8595602557448 | kcal=0.0
2026-03-17 23:28:39 [kaufland_products] WARNING: No nutrition data for: Konzerva BRIT Paté & Meat Puppy 400 g
2026-03-17 23:28:44 [kaufland_products] INFO: Scraped: Sada grilu a rožně BBQ-Toro pro plynový gril Weber | EAN=4260532292236 | kcal=0.0
2026-03-17 23:28:44 [kaufland_products] WARNING: No nutrition data for: Sada grilu a rožně BBQ-Toro pro plynový gril Weber Spirit II, otočný rožeň
2026-03-17 23:28:45 [kaufland_products] INFO: Scraped: Sofko Pindžur omáčka pikantní pikantní papriková s | EAN=4008194351126 | kcal=0.0
2026-03-17 23:28:45 [kaufland_products] WARNING: No nutrition data for: Sofko Pindžur omáčka pikantní pikantní papriková směs koření 720ml
2026-03-17 23:28:50 [kaufland_products] INFO: Scraped: Kinghoff KH 1583 wok pánev, 24 cm, indukční, troji | EAN=5908287215832 | kcal=0.0
2026-03-17 23:28:50 [kaufland_products] WARNING: No nutrition data for: Kinghoff KH 1583 wok pánev, 24 cm, indukční, trojitý žulový povrch, šedá
2026-03-17 23:28:52 [kaufland_products] INFO: Scraped: Sada grilovacích špízů BBQ-Toro pro kotlíkový gril | EAN=4260120775752 | kcal=0.0
2026-03-17 23:28:52 [kaufland_products] WARNING: No nutrition data for: Sada grilovacích špízů BBQ-Toro pro kotlíkový gril Ø 47 cm s grilovacím tělesem, špízem, motorem a jehlami na maso
2026-03-17 23:28:56 [kaufland_products] INFO: Scraped: Sada grilovacích špízů BBQ-Toro pro kotlíkový gril | EAN=4260120775127 | kcal=0.0
2026-03-17 23:28:56 [kaufland_products] WARNING: No nutrition data for: Sada grilovacích špízů BBQ-Toro pro kotlíkový gril Ø 57 cm s grilovacím tělesem, špízem, motorem a jehlami na maso
2026-03-17 23:28:59 [kaufland_products] INFO: Scraped: Kinghoff KH 1584 wok pánev, 28 cm, indukční, troji | EAN=5908287215849 | kcal=0.0
2026-03-17 23:28:59 [kaufland_products] WARNING: No nutrition data for: Kinghoff KH 1584 wok pánev, 28 cm, indukční, trojitý žulový povrch, šedá
2026-03-17 23:29:02 [kaufland_products] INFO: [prosciutto] page 1: found 18 product links
2026-03-17 23:29:04 [kaufland_products] INFO: [chorizo] page 1: found 11 product links
2026-03-17 23:29:06 [kaufland_products] INFO: [tuňák] page 1: found 22 product links
2026-03-17 23:29:12 [kaufland_products] INFO: [prosciutto] page 2: found 1 product links
2026-03-17 23:29:17 [kaufland_products] INFO: [tuňák] page 2: found 19 product links
2026-03-17 23:29:23 [scrapy-playwright] WARNING: Closing page due to failed request: <GET https://www.kaufland.cz/s/?search_value=losos> exc_type=<class 'playwright._impl._errors.TimeoutError'> exc_msg=Page.wait_for_selector: Timeout 15000ms exceeded.
Call log:
  - waiting for locator("a[href*='/product/']") to be visible
Traceback (most recent call last):
  File "/home/krokviak/.local/lib/python3.12/site-packages/scrapy_playwright/handler.py", line 480, in _download_request_with_retry
    return await self._download_request_with_page(request, page, spider)
           ^^^^^^^^^^^^^^^^^^^^^^^^^^^^^^^^^^^^^^^^^^^^^^^^^^^^^^^^^^^^^
  File "/home/krokviak/.local/lib/python3.12/site-packages/scrapy_playwright/handler.py", line 528, in _download_request_with_page
    await self._apply_page_methods(page, request, spider)
  File "/home/krokviak/.local/lib/python3.12/site-packages/scrapy_playwright/handler.py", line 678, in _apply_page_methods
    pm.result = await _maybe_await(method(*pm.args, **pm.kwargs))
                ^^^^^^^^^^^^^^^^^^^^^^^^^^^^^^^^^^^^^^^^^^^^^^^^^
  File "/home/krokviak/.local/lib/python3.12/site-packages/scrapy_playwright/_utils.py", line 23, in _maybe_await
    return await obj
           ^^^^^^^^^
  File "/home/krokviak/.local/lib/python3.12/site-packages/playwright/async_api/_generated.py", line 8234, in wait_for_selector
    await self._impl_obj.wait_for_selector(
  File "/home/krokviak/.local/lib/python3.12/site-packages/playwright/_impl/_page.py", line 419, in wait_for_selector
    return await self._main_frame.wait_for_selector(**locals_to_params(locals()))
           ^^^^^^^^^^^^^^^^^^^^^^^^^^^^^^^^^^^^^^^^^^^^^^^^^^^^^^^^^^^^^^^^^^^^^^
  File "/home/krokviak/.local/lib/python3.12/site-packages/playwright/_impl/_frame.py", line 369, in wait_for_selector
    await self._channel.send(
  File "/home/krokviak/.local/lib/python3.12/site-packages/playwright/_impl/_connection.py", line 69, in send
    return await self._connection.wrap_api_call(
           ^^^^^^^^^^^^^^^^^^^^^^^^^^^^^^^^^^^^^
  File "/home/krokviak/.local/lib/python3.12/site-packages/playwright/_impl/_connection.py", line 559, in wrap_api_call
    raise rewrite_error(error, f"{parsed_st['apiName']}: {error}") from None
playwright._impl._errors.TimeoutError: Page.wait_for_selector: Timeout 15000ms exceeded.
Call log:
  - waiting for locator("a[href*='/product/']") to be visible

2026-03-17 23:29:23 [kaufland_products] WARNING: Request failed: https://www.kaufland.cz/s/?search_value=losos: Page.wait_for_selector: Timeout 15000ms exceeded.
Call log:
  - waiting for locator("a[href*='/product/']") to be visible

2026-03-17 23:29:24 [kaufland_products] INFO: [tuňák] page 3: found 24 product links
2026-03-17 23:29:27 [kaufland_products] INFO: Scraped: Brit Mono Protein Tuna & Sweet Potato plechovka 40 | EAN=8595602555383 | kcal=1043.0
2026-03-17 23:29:29 [scrapy-playwright] WARNING: Closing page due to failed request: <GET https://www.kaufland.cz/s/?search_value=chorizo&page=2> exc_type=<class 'playwright._impl._errors.TimeoutError'> exc_msg=Page.wait_for_selector: Timeout 15000ms exceeded.
Call log:
  - waiting for locator("a[href*='/product/']") to be visible
Traceback (most recent call last):
  File "/home/krokviak/.local/lib/python3.12/site-packages/scrapy_playwright/handler.py", line 480, in _download_request_with_retry
    return await self._download_request_with_page(request, page, spider)
           ^^^^^^^^^^^^^^^^^^^^^^^^^^^^^^^^^^^^^^^^^^^^^^^^^^^^^^^^^^^^^
  File "/home/krokviak/.local/lib/python3.12/site-packages/scrapy_playwright/handler.py", line 528, in _download_request_with_page
    await self._apply_page_methods(page, request, spider)
  File "/home/krokviak/.local/lib/python3.12/site-packages/scrapy_playwright/handler.py", line 678, in _apply_page_methods
    pm.result = await _maybe_await(method(*pm.args, **pm.kwargs))
                ^^^^^^^^^^^^^^^^^^^^^^^^^^^^^^^^^^^^^^^^^^^^^^^^^
  File "/home/krokviak/.local/lib/python3.12/site-packages/scrapy_playwright/_utils.py", line 23, in _maybe_await
    return await obj
           ^^^^^^^^^
  File "/home/krokviak/.local/lib/python3.12/site-packages/playwright/async_api/_generated.py", line 8234, in wait_for_selector
    await self._impl_obj.wait_for_selector(
  File "/home/krokviak/.local/lib/python3.12/site-packages/playwright/_impl/_page.py", line 419, in wait_for_selector
    return await self._main_frame.wait_for_selector(**locals_to_params(locals()))
           ^^^^^^^^^^^^^^^^^^^^^^^^^^^^^^^^^^^^^^^^^^^^^^^^^^^^^^^^^^^^^^^^^^^^^^
  File "/home/krokviak/.local/lib/python3.12/site-packages/playwright/_impl/_frame.py", line 369, in wait_for_selector
    await self._channel.send(
  File "/home/krokviak/.local/lib/python3.12/site-packages/playwright/_impl/_connection.py", line 69, in send
    return await self._connection.wrap_api_call(
           ^^^^^^^^^^^^^^^^^^^^^^^^^^^^^^^^^^^^^
  File "/home/krokviak/.local/lib/python3.12/site-packages/playwright/_impl/_connection.py", line 559, in wrap_api_call
    raise rewrite_error(error, f"{parsed_st['apiName']}: {error}") from None
playwright._impl._errors.TimeoutError: Page.wait_for_selector: Timeout 15000ms exceeded.
Call log:
  - waiting for locator("a[href*='/product/']") to be visible

2026-03-17 23:29:30 [kaufland_products] WARNING: Request failed: https://www.kaufland.cz/s/?search_value=chorizo&page=2: Page.wait_for_selector: Timeout 15000ms exceeded.
Call log:
  - waiting for locator("a[href*='/product/']") to be visible

2026-03-17 23:29:30 [kaufland_products] INFO: [tuňák] page 4: found 16 product links
2026-03-17 23:29:32 [kaufland_products] INFO: Scraped: Jablečná kocovina v rajčatové omáčce s okurkami a  | EAN=4020500922608 | kcal=164.0
2026-03-17 23:29:35 [kaufland_products] INFO: Scraped: Rezumar - Gran Reserva - Kantaberské sardelové fil | EAN=7427266696595 | kcal=0.0
2026-03-17 23:29:35 [scrapy-playwright] WARNING: Closing page due to failed request: <GET https://www.kaufland.cz/s/?search_value=prosciutto&page=3> exc_type=<class 'playwright._impl._errors.TimeoutError'> exc_msg=Page.wait_for_selector: Timeout 15000ms exceeded.
Call log:
  - waiting for locator("a[href*='/product/']") to be visible
Traceback (most recent call last):
  File "/home/krokviak/.local/lib/python3.12/site-packages/scrapy_playwright/handler.py", line 480, in _download_request_with_retry
    return await self._download_request_with_page(request, page, spider)
           ^^^^^^^^^^^^^^^^^^^^^^^^^^^^^^^^^^^^^^^^^^^^^^^^^^^^^^^^^^^^^
  File "/home/krokviak/.local/lib/python3.12/site-packages/scrapy_playwright/handler.py", line 528, in _download_request_with_page
    await self._apply_page_methods(page, request, spider)
  File "/home/krokviak/.local/lib/python3.12/site-packages/scrapy_playwright/handler.py", line 678, in _apply_page_methods
    pm.result = await _maybe_await(method(*pm.args, **pm.kwargs))
                ^^^^^^^^^^^^^^^^^^^^^^^^^^^^^^^^^^^^^^^^^^^^^^^^^
  File "/home/krokviak/.local/lib/python3.12/site-packages/scrapy_playwright/_utils.py", line 23, in _maybe_await
    return await obj
           ^^^^^^^^^
  File "/home/krokviak/.local/lib/python3.12/site-packages/playwright/async_api/_generated.py", line 8234, in wait_for_selector
    await self._impl_obj.wait_for_selector(
  File "/home/krokviak/.local/lib/python3.12/site-packages/playwright/_impl/_page.py", line 419, in wait_for_selector
    return await self._main_frame.wait_for_selector(**locals_to_params(locals()))
           ^^^^^^^^^^^^^^^^^^^^^^^^^^^^^^^^^^^^^^^^^^^^^^^^^^^^^^^^^^^^^^^^^^^^^^
  File "/home/krokviak/.local/lib/python3.12/site-packages/playwright/_impl/_frame.py", line 369, in wait_for_selector
    await self._channel.send(
  File "/home/krokviak/.local/lib/python3.12/site-packages/playwright/_impl/_connection.py", line 69, in send
    return await self._connection.wrap_api_call(
           ^^^^^^^^^^^^^^^^^^^^^^^^^^^^^^^^^^^^^
  File "/home/krokviak/.local/lib/python3.12/site-packages/playwright/_impl/_connection.py", line 559, in wrap_api_call
    raise rewrite_error(error, f"{parsed_st['apiName']}: {error}") from None
playwright._impl._errors.TimeoutError: Page.wait_for_selector: Timeout 15000ms exceeded.
Call log:
  - waiting for locator("a[href*='/product/']") to be visible

2026-03-17 23:29:35 [kaufland_products] WARNING: Request failed: https://www.kaufland.cz/s/?search_value=prosciutto&page=3: Page.wait_for_selector: Timeout 15000ms exceeded.
Call log:
  - waiting for locator("a[href*='/product/']") to be visible

2026-03-17 23:29:37 [scrapy.extensions.logstats] INFO: Crawled 1281 pages (at 17 pages/min), scraped 1172 items (at 10 items/min)
2026-03-17 23:29:38 [kaufland_products] INFO: [tuňák] page 5: found 7 product links
2026-03-17 23:29:40 [kaufland_products] INFO: Scraped: Kattovit 4kg Feline Diet Urinary Thunfisch | EAN=4000158771636 | kcal=0.0
2026-03-17 23:29:40 [kaufland_products] WARNING: No nutrition data for: Kattovit 4kg Feline Diet Urinary Thunfisch
2026-03-17 23:29:43 [kaufland_products] INFO: Scraped: SCHESIR Tuňák pro dospělé se štikozubcem 70g | EAN=8005852122445 | kcal=0.0
2026-03-17 23:29:46 [kaufland_products] INFO: Scraped: Whiskas Adult 1+ suché krmivo tuňák, 7 kg (1 balen | EAN=5900951299209 | kcal=0.0
2026-03-17 23:29:46 [kaufland_products] WARNING: No nutrition data for: Whiskas Adult 1+ suché krmivo tuňák, 7 kg (1 balení) - Suché krmivo pro dospělé kočky
2026-03-17 23:29:51 [kaufland_products] INFO: Scraped: Miamor 100gx24 jemné filety želé z tuňáka a kraba | EAN=4000158740755 | kcal=0.0
2026-03-17 23:29:53 [kaufland_products] INFO: Scraped: Miamor Filets Thunfisch in Krebsjelly - tuňák v kr | EAN=4000158740809 | kcal=66.0
2026-03-17 23:29:56 [kaufland_products] INFO: Scraped: Churu Cat BOX Seafood Variety 20x40g | EAN=4262365731265 | kcal=0.0
2026-03-17 23:29:56 [kaufland_products] WARNING: No nutrition data for: Churu Cat BOX Seafood Variety 20x40g
2026-03-17 23:29:59 [kaufland_products] INFO: Scraped: GNC Mega Men Energy & Metabolism Multivitamin, 180 | EAN=048107173937 | kcal=0.0
2026-03-17 23:29:59 [kaufland_products] WARNING: No nutrition data for: GNC Mega Men Energy & Metabolism Multivitamin, 180 kapslí
2026-03-17 23:30:02 [kaufland_products] INFO: Scraped: Churu Cat CIAO Dashi kuřecí receptura 70g | EAN=4262365730626 | kcal=500.0
2026-03-17 23:30:04 [kaufland_products] INFO: Scraped: Animonda Carny Adult Cat Drink mit Thunfisch 140 m | EAN=4017721735926 4017721835923 | kcal=0.0
2026-03-17 23:30:07 [kaufland_products] INFO: Scraped: Kiwi Walker Mrazem sušený tuňák, 105 g | EAN=8596075002893 | kcal=0.0
2026-03-17 23:30:10 [kaufland_products] INFO: Scraped: HOTSPOT DESIGN Tričko Ocean Performance LS - Tuna, | EAN=8054382263944 | kcal=0.0
2026-03-17 23:30:10 [kaufland_products] WARNING: No nutrition data for: HOTSPOT DESIGN Tričko Ocean Performance LS - Tuna, XXL, zlatá, Funktionsshirt, 010003105
2026-03-17 23:30:13 [kaufland_products] INFO: Scraped: ‎Whiskas 3065890155053, Dospělý jedinec, Treska, L | EAN=3065890155053 | kcal=0.0
2026-03-17 23:30:16 [kaufland_products] INFO: Scraped: Villeroy & Boch Jídelní talíř Toys Delight | Selec | EAN=4003686182165 | kcal=0.0
2026-03-17 23:30:16 [kaufland_products] WARNING: No nutrition data for: Villeroy & Boch Jídelní talíř Toys Delight | Selection White : Bílá Barva: Bílá
2026-03-17 23:30:18 [kaufland_products] INFO: Scraped: Sheba Sauce Collection Rybí příchutě v omáčce Vlhk | EAN=4770608265113 | kcal=0.0
2026-03-17 23:30:18 [kaufland_products] WARNING: No nutrition data for: Sheba Sauce Collection Rybí příchutě v omáčce Vlhké krmivo pro kočky v sáčku 85 G X 40 ks
2026-03-17 23:30:21 [kaufland_products] INFO: Scraped: PreVital 1,4 kg ADULT TUŇÁK granule pro kočku | EAN=5999566111174 | kcal=0.0
2026-03-17 23:30:21 [kaufland_products] WARNING: No nutrition data for: PreVital 1,4 kg ADULT TUŇÁK granule pro kočku
2026-03-17 23:30:24 [kaufland_products] INFO: Scraped: Villeroy & Boch Jídelní talíř Toys Delight | Selec | EAN=4003683490584 | kcal=0.0
2026-03-17 23:30:24 [kaufland_products] WARNING: No nutrition data for: Villeroy & Boch Jídelní talíř Toys Delight | Selection Red : Red Barva: červená
2026-03-17 23:30:29 [kaufland_products] INFO: Scraped: Rezumar - Etiqueta Roja - Kantaberské sardelové fi | EAN=8412369130700 | kcal=0.0
2026-03-17 23:30:32 [kaufland_products] INFO: Scraped: Sardelové filety volivovém oleji 50g | EAN=8412439287006 | kcal=174.0
2026-03-17 23:30:35 [kaufland_products] INFO: Scraped: Appel Gormet mušle v ovocné rajčatové omáčce k zje | EAN=4020500977233 | kcal=127.0
2026-03-17 23:30:37 [scrapy.extensions.logstats] INFO: Crawled 1301 pages (at 20 pages/min), scraped 1191 items (at 19 items/min)
2026-03-17 23:30:38 [kaufland_products] INFO: Scraped: Marinovanémušle 115 g (85 g) - PANVA NA MAR | EAN=8412439285064 | kcal=178.0
2026-03-17 23:30:42 [kaufland_products] INFO: Scraped: Dogs'n Tiger Adult krmivo pro kočky, vlhké krmivo, | EAN=4260748893951 | kcal=0.0
2026-03-17 23:30:44 [kaufland_products] INFO: Scraped: Sheba Nature's Collection Mix – mokré krmivo pro k | EAN=4770608263522 | kcal=0.0
2026-03-17 23:30:44 [kaufland_products] WARNING: No nutrition data for: Sheba Nature's Collection Mix – mokré krmivo pro kočky – 40 x 85 g
2026-03-17 23:30:46 [kaufland_products] INFO: Scraped: WADAKYU Bonito Flocken 40g | EAN=8436566460033 | kcal=369.0
2026-03-17 23:30:49 [kaufland_products] INFO: Scraped: La Comtess Calmar v pikantní omáčce | EAN=4008314040107 | kcal=132.0
2026-03-17 23:30:54 [kaufland_products] INFO: Scraped: Nastrouhané jikry z tuňáka, 50 g (bottarga di tonn | EAN=8025789000265 | kcal=188.0
2026-03-17 23:30:56 [kaufland_products] INFO: Scraped: Appel Wellness Harmonie filety ze sledě s mangem a | EAN=4020500922745 | kcal=184.0
2026-03-17 23:30:59 [kaufland_products] INFO: Scraped: Filety ze sleďů Appel v klasickém pikantním vaječn | EAN=4020500922127 | kcal=206.0
2026-03-17 23:31:02 [kaufland_products] INFO: Scraped: GymBeam - Losos ve slaném nálevu 12 x 170 g | EAN=8586024628410 | kcal=162.0
2026-03-17 23:31:05 [kaufland_products] INFO: Scraped: WADAKYU Bonito Flocken 500g | EAN=8436566460019 | kcal=369.0
2026-03-17 23:31:07 [kaufland_products] INFO: Scraped: ESPERANZA EKO008N Mini Oven 20 l Black | EAN=5901299965603 | kcal=0.0
2026-03-17 23:31:07 [kaufland_products] WARNING: No nutrition data for: ESPERANZA EKO008N Mini Oven 20 l Black
2026-03-17 23:31:10 [kaufland_products] INFO: Scraped: Ortiz El Velero Bílý tuňák v olivovém oleji 67g | EAN=8411320234310 | kcal=0.0
2026-03-17 23:31:13 [kaufland_products] INFO: Scraped: Thun 1794 Krteček a autíčko, hluboký talíř 20, Thu | EAN=8590437854649 | kcal=0.0
2026-03-17 23:31:13 [kaufland_products] WARNING: No nutrition data for: Thun 1794 Krteček a autíčko, hluboký talíř 20, Thun
2026-03-17 23:31:17 [kaufland_products] INFO: Scraped: Thun 1794 Saphyr, talíř mělký, cibulák, český porc | EAN=8590438138670 | kcal=0.0
2026-03-17 23:31:17 [kaufland_products] WARNING: No nutrition data for: Thun 1794 Saphyr, talíř mělký, cibulák, český porcelán, 24 cm, Thun
2026-03-17 23:31:20 [kaufland_products] INFO: Scraped: Saupiquet tuňák na těstoviny s rajčatovou omáčkou  | EAN=3165950211276 | kcal=170.0
2026-03-17 23:31:22 [kaufland_products] INFO: Scraped: Saupiquet Rio Mare filety z tuňáka ve slunečnicové | EAN=3165956880018 | kcal=194.0
2026-03-17 23:31:24 [kaufland_products] INFO: Scraped: Saupiquet filety z tuňáka ve slunečnicovém oleji v | EAN=3165950308167 | kcal=195.0
2026-03-17 23:31:29 [kaufland_products] INFO: Scraped: Saupiquet Rio Mare Thunfisch Filets in Olive Oil 8 | EAN=3165950308174 | kcal=195.0
2026-03-17 23:31:32 [kaufland_products] INFO: Scraped: Tom, talířová souprava, bílá, Thun | EAN=8592404244217 | kcal=0.0
2026-03-17 23:31:32 [kaufland_products] WARNING: No nutrition data for: Tom, talířová souprava, bílá, Thun
2026-03-17 23:31:34 [kaufland_products] INFO: Scraped: Thun Krteček talíř mělký vánoční | EAN=8590436059052 | kcal=0.0
2026-03-17 23:31:34 [kaufland_products] WARNING: No nutrition data for: Thun Krteček talíř mělký vánoční
2026-03-17 23:31:36 [kaufland_products] INFO: Scraped: Abricome Judias con Chorizo Fazole s paprikovou kl | EAN=8410867001164 | kcal=168.0
2026-03-17 23:31:37 [scrapy.extensions.logstats] INFO: Crawled 1322 pages (at 21 pages/min), scraped 1212 items (at 21 items/min)
2026-03-17 23:31:41 [kaufland_products] INFO: Scraped: Vepřová střeva 28/30 10m | EAN=5903240581191 | kcal=0.0
2026-03-17 23:31:41 [kaufland_products] WARNING: No nutrition data for: Vepřová střeva 28/30 10m
2026-03-17 23:31:44 [kaufland_products] INFO: Scraped: Vepřová střeva 28/30 20m | EAN=5905261002570 | kcal=0.0
2026-03-17 23:31:44 [kaufland_products] WARNING: No nutrition data for: Vepřová střeva 28/30 20m
2026-03-17 23:31:47 [kaufland_products] INFO: Scraped: Vepřová střeva 28 10m | EAN=5903240581252 | kcal=0.0
2026-03-17 23:31:47 [kaufland_products] WARNING: No nutrition data for: Vepřová střeva 28 10m
2026-03-17 23:31:49 [kaufland_products] INFO: Scraped: sada 4 talířů na pizzu Ø31cm na zeleninu a olej 4  | EAN=4251967515021 | kcal=0.0
2026-03-17 23:31:49 [kaufland_products] WARNING: No nutrition data for: sada 4 talířů na pizzu Ø31cm na zeleninu a olej 4 osoby XL talíř dekor talíř zelený červený
2026-03-17 23:31:52 [kaufland_products] INFO: Scraped: 2x pizza talíř červený a černý Ø31cm 2 osoby XL ta | EAN=4251967515090 | kcal=0.0
2026-03-17 23:31:52 [kaufland_products] WARNING: No nutrition data for: 2x pizza talíř červený a černý Ø31cm 2 osoby XL talíř dekor talíř psaní
2026-03-17 23:31:55 [kaufland_products] INFO: Scraped: sada 2 talířů na pizzu La Pizza Ø30,5 cm 2 osoby X | EAN=4251967512945 | kcal=0.0
2026-03-17 23:31:55 [kaufland_products] WARNING: No nutrition data for: sada 2 talířů na pizzu La Pizza Ø30,5 cm 2 osoby XL talíř Talíř na pizzu s dekorem pizzy
2026-03-17 23:31:58 [kaufland_products] INFO: Scraped: 4x pizza talíř Stone Drops Ø33cm 4 osoby XL talíř  | EAN=4251967515083 | kcal=0.0
2026-03-17 23:31:58 [kaufland_products] WARNING: No nutrition data for: 4x pizza talíř Stone Drops Ø33cm 4 osoby XL talíř 3D kamenný vzhled talíř krémový
2026-03-17 23:32:02 [kaufland_products] INFO: Scraped: 2x pizza talíř Stone Drops Ø33cm 2 osoby XL talíř  | EAN=4251967515076 | kcal=0.0
2026-03-17 23:32:02 [kaufland_products] WARNING: No nutrition data for: 2x pizza talíř Stone Drops Ø33cm 2 osoby XL talíř 3D kamenný vzhled talíř krémový
2026-03-17 23:32:05 [kaufland_products] INFO: Scraped: 4x pizza talíř červený a černý Ø31cm 4 osoby XL ta | EAN=4251967515106 | kcal=0.0
2026-03-17 23:32:05 [kaufland_products] WARNING: No nutrition data for: 4x pizza talíř červený a černý Ø31cm 4 osoby XL talíř dekor talíř psaní
2026-03-17 23:32:08 [kaufland_products] INFO: Scraped: 4x pizza talíř Alcazar Ø33cm 4 osoby XL talíř dlaž | EAN=4251967515069 | kcal=0.0
2026-03-17 23:32:08 [kaufland_products] WARNING: No nutrition data for: 4x pizza talíř Alcazar Ø33cm 4 osoby XL talíř dlaždicový vzhled talíř středomořský
2026-03-17 23:32:11 [kaufland_products] INFO: Scraped: sada 6 talířů na pizzu La Pizza Ø30,5 cm 6 osob XL | EAN=4251967512952 | kcal=0.0
2026-03-17 23:32:11 [kaufland_products] WARNING: No nutrition data for: sada 6 talířů na pizzu La Pizza Ø30,5 cm 6 osob XL talíř Talíř na pizzu s dekorem pizzy
2026-03-17 23:32:13 [kaufland_products] INFO: Scraped: 6er Set Variation Pizzateller Ø30,5cm XL-Teller Pi | EAN=4251967512976 | kcal=0.0
2026-03-17 23:32:13 [kaufland_products] WARNING: No nutrition data for: 6er Set Variation Pizzateller Ø30,5cm XL-Teller Pizza-Dekor Platte
2026-03-17 23:32:15 [kaufland_products] INFO: Scraped: sada 2 talířů na pizzu Mario Ø33,5 cm 2 osoby XXL  | EAN=4251967523064 | kcal=0.0
2026-03-17 23:32:15 [kaufland_products] WARNING: No nutrition data for: sada 2 talířů na pizzu Mario Ø33,5 cm 2 osoby XXL talíř Pekař na pizzu velký talíř
2026-03-17 23:32:21 [kaufland_products] INFO: [treska] page 1: found 30 product links
2026-03-17 23:32:22 [kaufland_products] INFO: [rybí filé] page 1: found 27 product links
2026-03-17 23:32:27 [kaufland_products] INFO: [treska] page 2: found 17 product links
2026-03-17 23:32:29 [kaufland_products] INFO: [rybí filé] page 2: found 14 product links
2026-03-17 23:32:32 [kaufland_products] INFO: [treska] page 3: found 4 product links
2026-03-17 23:32:32 [scrapy-playwright] WARNING: Closing page due to failed request: <GET https://www.kaufland.cz/s/?search_value=sardinky> exc_type=<class 'playwright._impl._errors.TimeoutError'> exc_msg=Page.wait_for_selector: Timeout 15000ms exceeded.
Call log:
  - waiting for locator("a[href*='/product/']") to be visible
Traceback (most recent call last):
  File "/home/krokviak/.local/lib/python3.12/site-packages/scrapy_playwright/handler.py", line 480, in _download_request_with_retry
    return await self._download_request_with_page(request, page, spider)
           ^^^^^^^^^^^^^^^^^^^^^^^^^^^^^^^^^^^^^^^^^^^^^^^^^^^^^^^^^^^^^
  File "/home/krokviak/.local/lib/python3.12/site-packages/scrapy_playwright/handler.py", line 528, in _download_request_with_page
    await self._apply_page_methods(page, request, spider)
  File "/home/krokviak/.local/lib/python3.12/site-packages/scrapy_playwright/handler.py", line 678, in _apply_page_methods
    pm.result = await _maybe_await(method(*pm.args, **pm.kwargs))
                ^^^^^^^^^^^^^^^^^^^^^^^^^^^^^^^^^^^^^^^^^^^^^^^^^
  File "/home/krokviak/.local/lib/python3.12/site-packages/scrapy_playwright/_utils.py", line 23, in _maybe_await
    return await obj
           ^^^^^^^^^
  File "/home/krokviak/.local/lib/python3.12/site-packages/playwright/async_api/_generated.py", line 8234, in wait_for_selector
    await self._impl_obj.wait_for_selector(
  File "/home/krokviak/.local/lib/python3.12/site-packages/playwright/_impl/_page.py", line 419, in wait_for_selector
    return await self._main_frame.wait_for_selector(**locals_to_params(locals()))
           ^^^^^^^^^^^^^^^^^^^^^^^^^^^^^^^^^^^^^^^^^^^^^^^^^^^^^^^^^^^^^^^^^^^^^^
  File "/home/krokviak/.local/lib/python3.12/site-packages/playwright/_impl/_frame.py", line 369, in wait_for_selector
    await self._channel.send(
  File "/home/krokviak/.local/lib/python3.12/site-packages/playwright/_impl/_connection.py", line 69, in send
    return await self._connection.wrap_api_call(
           ^^^^^^^^^^^^^^^^^^^^^^^^^^^^^^^^^^^^^
  File "/home/krokviak/.local/lib/python3.12/site-packages/playwright/_impl/_connection.py", line 559, in wrap_api_call
    raise rewrite_error(error, f"{parsed_st['apiName']}: {error}") from None
playwright._impl._errors.TimeoutError: Page.wait_for_selector: Timeout 15000ms exceeded.
Call log:
  - waiting for locator("a[href*='/product/']") to be visible

2026-03-17 23:32:33 [kaufland_products] WARNING: Request failed: https://www.kaufland.cz/s/?search_value=sardinky: Page.wait_for_selector: Timeout 15000ms exceeded.
Call log:
  - waiting for locator("a[href*='/product/']") to be visible

2026-03-17 23:32:37 [scrapy.extensions.logstats] INFO: Crawled 1340 pages (at 18 pages/min), scraped 1225 items (at 13 items/min)
2026-03-17 23:32:38 [kaufland_products] INFO: [treska] page 4: found 3 product links
2026-03-17 23:32:39 [scrapy-playwright] WARNING: Closing page due to failed request: <GET https://www.kaufland.cz/s/?search_value=krevety> exc_type=<class 'playwright._impl._errors.TimeoutError'> exc_msg=Page.wait_for_selector: Timeout 15000ms exceeded.
Call log:
  - waiting for locator("a[href*='/product/']") to be visible
Traceback (most recent call last):
  File "/home/krokviak/.local/lib/python3.12/site-packages/scrapy_playwright/handler.py", line 480, in _download_request_with_retry
    return await self._download_request_with_page(request, page, spider)
           ^^^^^^^^^^^^^^^^^^^^^^^^^^^^^^^^^^^^^^^^^^^^^^^^^^^^^^^^^^^^^
  File "/home/krokviak/.local/lib/python3.12/site-packages/scrapy_playwright/handler.py", line 528, in _download_request_with_page
    await self._apply_page_methods(page, request, spider)
  File "/home/krokviak/.local/lib/python3.12/site-packages/scrapy_playwright/handler.py", line 678, in _apply_page_methods
    pm.result = await _maybe_await(method(*pm.args, **pm.kwargs))
                ^^^^^^^^^^^^^^^^^^^^^^^^^^^^^^^^^^^^^^^^^^^^^^^^^
  File "/home/krokviak/.local/lib/python3.12/site-packages/scrapy_playwright/_utils.py", line 23, in _maybe_await
    return await obj
           ^^^^^^^^^
  File "/home/krokviak/.local/lib/python3.12/site-packages/playwright/async_api/_generated.py", line 8234, in wait_for_selector
    await self._impl_obj.wait_for_selector(
  File "/home/krokviak/.local/lib/python3.12/site-packages/playwright/_impl/_page.py", line 419, in wait_for_selector
    return await self._main_frame.wait_for_selector(**locals_to_params(locals()))
           ^^^^^^^^^^^^^^^^^^^^^^^^^^^^^^^^^^^^^^^^^^^^^^^^^^^^^^^^^^^^^^^^^^^^^^
  File "/home/krokviak/.local/lib/python3.12/site-packages/playwright/_impl/_frame.py", line 369, in wait_for_selector
    await self._channel.send(
  File "/home/krokviak/.local/lib/python3.12/site-packages/playwright/_impl/_connection.py", line 69, in send
    return await self._connection.wrap_api_call(
           ^^^^^^^^^^^^^^^^^^^^^^^^^^^^^^^^^^^^^
  File "/home/krokviak/.local/lib/python3.12/site-packages/playwright/_impl/_connection.py", line 559, in wrap_api_call
    raise rewrite_error(error, f"{parsed_st['apiName']}: {error}") from None
playwright._impl._errors.TimeoutError: Page.wait_for_selector: Timeout 15000ms exceeded.
Call log:
  - waiting for locator("a[href*='/product/']") to be visible

2026-03-17 23:32:39 [kaufland_products] WARNING: Request failed: https://www.kaufland.cz/s/?search_value=krevety: Page.wait_for_selector: Timeout 15000ms exceeded.
Call log:
  - waiting for locator("a[href*='/product/']") to be visible

2026-03-17 23:32:39 [kaufland_products] INFO: Scraped: MyBestPharm MyBestOmega-3, 120 kapslí | EAN=5904824651200 | kcal=0.0
2026-03-17 23:32:39 [kaufland_products] WARNING: No nutrition data for: MyBestPharm MyBestOmega-3, 120 kapslí
2026-03-17 23:32:43 [kaufland_products] INFO: Scraped: Pánské hodinky Philipp Plein PWVAA0523 Street Cout | EAN=7630615129884 | kcal=0.0
2026-03-17 23:32:43 [kaufland_products] WARNING: No nutrition data for: Pánské hodinky Philipp Plein PWVAA0523 Street Couture
2026-03-17 23:32:48 [kaufland_products] INFO: Scraped: 1 kg (14–18 kusů) 17–19 cm sušená kůže z tresky ob | EAN=5903919091792 | kcal=0.0
2026-03-17 23:32:48 [kaufland_products] WARNING: No nutrition data for: 1 kg (14–18 kusů) 17–19 cm sušená kůže z tresky obecné Kůže z tresky obecné Ryba treska obecná 100% přírodní žvýkací pamlsek Žvýkací pamlsek pro všech
2026-03-17 23:32:49 [scrapy-playwright] WARNING: Closing page due to failed request: <GET https://www.kaufland.cz/s/?search_value=ryb%C3%AD%20fil%C3%A9&page=3> exc_type=<class 'playwright._impl._errors.TimeoutError'> exc_msg=Page.wait_for_selector: Timeout 15000ms exceeded.
Call log:
  - waiting for locator("a[href*='/product/']") to be visible
Traceback (most recent call last):
  File "/home/krokviak/.local/lib/python3.12/site-packages/scrapy_playwright/handler.py", line 480, in _download_request_with_retry
    return await self._download_request_with_page(request, page, spider)
           ^^^^^^^^^^^^^^^^^^^^^^^^^^^^^^^^^^^^^^^^^^^^^^^^^^^^^^^^^^^^^
  File "/home/krokviak/.local/lib/python3.12/site-packages/scrapy_playwright/handler.py", line 528, in _download_request_with_page
    await self._apply_page_methods(page, request, spider)
  File "/home/krokviak/.local/lib/python3.12/site-packages/scrapy_playwright/handler.py", line 678, in _apply_page_methods
    pm.result = await _maybe_await(method(*pm.args, **pm.kwargs))
                ^^^^^^^^^^^^^^^^^^^^^^^^^^^^^^^^^^^^^^^^^^^^^^^^^
  File "/home/krokviak/.local/lib/python3.12/site-packages/scrapy_playwright/_utils.py", line 23, in _maybe_await
    return await obj
           ^^^^^^^^^
  File "/home/krokviak/.local/lib/python3.12/site-packages/playwright/async_api/_generated.py", line 8234, in wait_for_selector
    await self._impl_obj.wait_for_selector(
  File "/home/krokviak/.local/lib/python3.12/site-packages/playwright/_impl/_page.py", line 419, in wait_for_selector
    return await self._main_frame.wait_for_selector(**locals_to_params(locals()))
           ^^^^^^^^^^^^^^^^^^^^^^^^^^^^^^^^^^^^^^^^^^^^^^^^^^^^^^^^^^^^^^^^^^^^^^
  File "/home/krokviak/.local/lib/python3.12/site-packages/playwright/_impl/_frame.py", line 369, in wait_for_selector
    await self._channel.send(
  File "/home/krokviak/.local/lib/python3.12/site-packages/playwright/_impl/_connection.py", line 69, in send
    return await self._connection.wrap_api_call(
           ^^^^^^^^^^^^^^^^^^^^^^^^^^^^^^^^^^^^^
  File "/home/krokviak/.local/lib/python3.12/site-packages/playwright/_impl/_connection.py", line 559, in wrap_api_call
    raise rewrite_error(error, f"{parsed_st['apiName']}: {error}") from None
playwright._impl._errors.TimeoutError: Page.wait_for_selector: Timeout 15000ms exceeded.
Call log:
  - waiting for locator("a[href*='/product/']") to be visible

2026-03-17 23:32:50 [kaufland_products] WARNING: Request failed: https://www.kaufland.cz/s/?search_value=ryb%C3%AD%20fil%C3%A9&page=3: Page.wait_for_selector: Timeout 15000ms exceeded.
Call log:
  - waiting for locator("a[href*='/product/']") to be visible

2026-03-17 23:32:50 [kaufland_products] INFO: Scraped: Slušivé ocelové náušnice se zirkony Perfect JUBE04 | EAN=7626101886638 | kcal=0.0
2026-03-17 23:32:50 [kaufland_products] WARNING: No nutrition data for: Slušivé ocelové náušnice se zirkony Perfect JUBE04066JWRHT/U
2026-03-17 23:32:52 [kaufland_products] INFO: Scraped: Philipp Plein hodinky PWNAA0622 | EAN=7630615119199 | kcal=0.0
2026-03-17 23:32:52 [kaufland_products] WARNING: No nutrition data for: Philipp Plein hodinky PWNAA0622
2026-03-17 23:32:55 [kaufland_products] INFO: Scraped: Guess GW0308L2 - Luna - Hodinky | EAN=91661523243 0091661523243 | kcal=0.0
2026-03-17 23:32:55 [kaufland_products] WARNING: No nutrition data for: Guess GW0308L2 - Luna - Hodinky
2026-03-17 23:32:56 [scrapy-playwright] WARNING: Closing page due to failed request: <GET https://www.kaufland.cz/s/?search_value=treska&page=5> exc_type=<class 'playwright._impl._errors.TimeoutError'> exc_msg=Page.wait_for_selector: Timeout 15000ms exceeded.
Call log:
  - waiting for locator("a[href*='/product/']") to be visible
Traceback (most recent call last):
  File "/home/krokviak/.local/lib/python3.12/site-packages/scrapy_playwright/handler.py", line 480, in _download_request_with_retry
    return await self._download_request_with_page(request, page, spider)
           ^^^^^^^^^^^^^^^^^^^^^^^^^^^^^^^^^^^^^^^^^^^^^^^^^^^^^^^^^^^^^
  File "/home/krokviak/.local/lib/python3.12/site-packages/scrapy_playwright/handler.py", line 528, in _download_request_with_page
    await self._apply_page_methods(page, request, spider)
  File "/home/krokviak/.local/lib/python3.12/site-packages/scrapy_playwright/handler.py", line 678, in _apply_page_methods
    pm.result = await _maybe_await(method(*pm.args, **pm.kwargs))
                ^^^^^^^^^^^^^^^^^^^^^^^^^^^^^^^^^^^^^^^^^^^^^^^^^
  File "/home/krokviak/.local/lib/python3.12/site-packages/scrapy_playwright/_utils.py", line 23, in _maybe_await
    return await obj
           ^^^^^^^^^
  File "/home/krokviak/.local/lib/python3.12/site-packages/playwright/async_api/_generated.py", line 8234, in wait_for_selector
    await self._impl_obj.wait_for_selector(
  File "/home/krokviak/.local/lib/python3.12/site-packages/playwright/_impl/_page.py", line 419, in wait_for_selector
    return await self._main_frame.wait_for_selector(**locals_to_params(locals()))
           ^^^^^^^^^^^^^^^^^^^^^^^^^^^^^^^^^^^^^^^^^^^^^^^^^^^^^^^^^^^^^^^^^^^^^^
  File "/home/krokviak/.local/lib/python3.12/site-packages/playwright/_impl/_frame.py", line 369, in wait_for_selector
    await self._channel.send(
  File "/home/krokviak/.local/lib/python3.12/site-packages/playwright/_impl/_connection.py", line 69, in send
    return await self._connection.wrap_api_call(
           ^^^^^^^^^^^^^^^^^^^^^^^^^^^^^^^^^^^^^
  File "/home/krokviak/.local/lib/python3.12/site-packages/playwright/_impl/_connection.py", line 559, in wrap_api_call
    raise rewrite_error(error, f"{parsed_st['apiName']}: {error}") from None
playwright._impl._errors.TimeoutError: Page.wait_for_selector: Timeout 15000ms exceeded.
Call log:
  - waiting for locator("a[href*='/product/']") to be visible

2026-03-17 23:32:56 [kaufland_products] WARNING: Request failed: https://www.kaufland.cz/s/?search_value=treska&page=5: Page.wait_for_selector: Timeout 15000ms exceeded.
Call log:
  - waiting for locator("a[href*='/product/']") to be visible

2026-03-17 23:32:59 [kaufland_products] INFO: Scraped: Filety z makrely bez kůže - slunečnicový olej 125g | EAN=4026968005600 | kcal=217.0
2026-03-17 23:33:02 [kaufland_products] INFO: Scraped: Guess - GW0874L1 - Náramkové hodinky - Dámské - Kř | EAN=0091661564628 91661564628 091661564628 | kcal=0.0
2026-03-17 23:33:02 [kaufland_products] WARNING: No nutrition data for: Guess - GW0874L1 - Náramkové hodinky - Dámské - Křemenné - Bonnie
2026-03-17 23:33:05 [kaufland_products] INFO: Scraped: MyBestPharm MyBestProtect Bylinný pomeranč, 250 ml | EAN=5904824651262 | kcal=0.0
2026-03-17 23:33:05 [kaufland_products] WARNING: No nutrition data for: MyBestPharm MyBestProtect Bylinný pomeranč, 250 ml
2026-03-17 23:33:06 [kaufland_products] INFO: Scraped: Guess hodinky GW0528L2 | EAN=0091661532146 91661532146 091661532146 | kcal=0.0
2026-03-17 23:33:06 [kaufland_products] WARNING: No nutrition data for: Guess hodinky GW0528L2
2026-03-17 23:33:10 [kaufland_products] INFO: Scraped: Philipp Plein - PWDAA0521 - Náramkové hodinky - Dá | EAN=7630615106748 | kcal=0.0
2026-03-17 23:33:10 [kaufland_products] WARNING: No nutrition data for: Philipp Plein - PWDAA0521 - Náramkové hodinky - Dámské - QUEEN
2026-03-17 23:33:14 [kaufland_products] INFO: Scraped: Hodinky Philipp Plein pwyaa0323 | EAN=7630615130064 | kcal=0.0
2026-03-17 23:33:14 [kaufland_products] WARNING: No nutrition data for: Hodinky Philipp Plein pwyaa0323
2026-03-17 23:33:16 [kaufland_products] INFO: Scraped: Orijen Tundra, Dospělý jedinec, Koza, Kanec, Kachn | EAN=64992283544 0064992283544 064992283544 | kcal=0.0
2026-03-17 23:33:19 [kaufland_products] INFO: Scraped: Superjemné kuličkové pero aut. 0,5 mm černá (20 ks | EAN=5901133069320 | kcal=0.0
2026-03-17 23:33:19 [kaufland_products] WARNING: No nutrition data for: Superjemné kuličkové pero aut. 0,5 mm černá (20 ks) TOMA
2026-03-17 23:33:22 [kaufland_products] INFO: Scraped: Lysi Tran Islandská příchuť Tutti-Frutti OMEGA 3 D | EAN=5690548868719 | kcal=81.0
2026-03-17 23:33:26 [kaufland_products] INFO: Scraped: Philipp Plein hodinky PWAAA0221 | EAN=7630615106397 | kcal=0.0
2026-03-17 23:33:26 [kaufland_products] WARNING: No nutrition data for: Philipp Plein hodinky PWAAA0221
2026-03-17 23:33:29 [kaufland_products] INFO: Scraped: Lysi Sport Omega-3 Pure EPA DHA Olej z tresčích ja | EAN=5690548868726 | kcal=0.0
2026-03-17 23:33:29 [kaufland_products] WARNING: No nutrition data for: Lysi Sport Omega-3 Pure EPA DHA Olej z tresčích jater s citronovou příchutí 240 ml
2026-03-17 23:33:31 [kaufland_products] INFO: Scraped: Histoires De Parfums This Is Not A Blue Bottle 1/. | EAN=841317002567 0841317002567 | kcal=0.0
2026-03-17 23:33:31 [kaufland_products] WARNING: No nutrition data for: Histoires De Parfums This Is Not A Blue Bottle 1/.2 parfémovaná voda unisex 115 ml
2026-03-17 23:33:35 [kaufland_products] INFO: Scraped: Filety ze sardelí z Kantaberského moře, 50 g | EAN=8054134901209 | kcal=0.0
2026-03-17 23:33:37 [scrapy.extensions.logstats] INFO: Crawled 1360 pages (at 20 pages/min), scraped 1244 items (at 19 items/min)
2026-03-17 23:33:37 [kaufland_products] INFO: Scraped: Filety z mečouna v olivovém oleji, 200 g | EAN=8021616000385 | kcal=0.0
2026-03-17 23:33:40 [kaufland_products] INFO: Scraped: Rychlovarná konvice Arendo s nastavením teploty 40 | EAN=4062861057483 | kcal=0.0
2026-03-17 23:33:40 [kaufland_products] WARNING: No nutrition data for: Rychlovarná konvice Arendo s nastavením teploty 40 - 100 °C, nerezová ocel, LED displej, 1,5 l, 2200 W, dvojitá stěna, bez BPA, modrá matná barva
2026-03-17 23:33:44 [kaufland_products] INFO: Scraped: Romantické ocelové náušnice Rolling Hearts JUBE033 | EAN=7624926664219 | kcal=0.0
2026-03-17 23:33:44 [kaufland_products] WARNING: No nutrition data for: Romantické ocelové náušnice Rolling Hearts JUBE03349JWRHT
2026-03-17 23:33:47 [kaufland_products] INFO: Scraped: Guess  JUMB01342JWSTBKT/U | EAN=7617076000747 | kcal=0.0
2026-03-17 23:33:47 [kaufland_products] WARNING: No nutrition data for: Guess  JUMB01342JWSTBKT/U
2026-03-17 23:33:49 [kaufland_products] INFO: Scraped: Festina hodinky F16907/3 | EAN=8430622640520 | kcal=0.0
2026-03-17 23:33:49 [kaufland_products] WARNING: No nutrition data for: Festina hodinky F16907/3
2026-03-17 23:33:52 [kaufland_products] INFO: Scraped: Guess - GW0404L1 - Dámské náramkové hodinky - Quar | EAN=0091661526763 91661526763 091661526763 | kcal=0.0
2026-03-17 23:33:52 [kaufland_products] WARNING: No nutrition data for: Guess - GW0404L1 - Dámské náramkové hodinky - Quartz - DAWN
2026-03-17 23:33:55 [kaufland_products] INFO: Scraped: Rychlovarná konvice Arendo s nastavením teploty 40 | EAN=4062861006597 | kcal=0.0
2026-03-17 23:33:55 [kaufland_products] WARNING: No nutrition data for: Rychlovarná konvice Arendo s nastavením teploty 40 - 100 °C, nerezová ocel, LED displej, 1,5 l, 2200 W, dvojitá stěna, bez BPA, bílá
2026-03-17 23:33:58 [kaufland_products] INFO: Scraped: Skládací přepravka pro psy TRESKO® antracitová (XL | EAN=4260613499585 | kcal=0.0
2026-03-17 23:33:58 [kaufland_products] WARNING: No nutrition data for: Skládací přepravka pro psy TRESKO® antracitová (XL 83x58x58cm) včetně podložky na lízání, lopatky, odrazek | přepravní box pro psy a kočky | přepravní box pro malé a velké psy | robustní taška pro psy
2026-03-17 23:34:01 [kaufland_products] INFO: Scraped: Islandský olej z tresčích jater s citronovou přích | EAN=5690548867750 | kcal=0.0
2026-03-17 23:34:01 [kaufland_products] WARNING: No nutrition data for: Islandský olej z tresčích jater s citronovou příchutí 240 ml
2026-03-17 23:34:03 [kaufland_products] INFO: Scraped: Tresko Skleněný konvektor 2000W WiFi Černý | EAN=4260613495532 | kcal=0.0
2026-03-17 23:34:03 [kaufland_products] WARNING: No nutrition data for: Tresko Skleněný konvektor 2000W WiFi Černý
2026-03-17 23:34:07 [kaufland_products] INFO: Scraped: Rychlovarná konvice Arendo s nastavením teploty 40 | EAN=4061474007595 | kcal=0.0
2026-03-17 23:34:07 [kaufland_products] WARNING: No nutrition data for: Rychlovarná konvice Arendo s nastavením teploty 40 - 100 °C, nerezová ocel, LED displej, 1,5 l, 2200 W, dvojitá stěna, bez BPA, šedá barva
2026-03-17 23:34:10 [kaufland_products] INFO: Scraped: Rychlovarná konvice Arendo s nastavením teploty 40 | EAN=4062861008454 | kcal=0.0
2026-03-17 23:34:10 [kaufland_products] WARNING: No nutrition data for: Rychlovarná konvice Arendo s nastavením teploty 40 - 100 °C, nerezová ocel, LED displej, 1,5 l, 2200 W, dvojitá stěna, bez BPA, matná bílá barva
2026-03-17 23:34:13 [kaufland_products] INFO: Scraped: Rychlovarná konvice Arendo s nastavením teploty 40 | EAN=4062861071496 | kcal=0.0
2026-03-17 23:34:13 [kaufland_products] WARNING: No nutrition data for: Rychlovarná konvice Arendo s nastavením teploty 40 - 100 °C, nerezová ocel, LED displej, 1,5 l, 2200 W, dvojitá stěna, bez BPA, měď
2026-03-17 23:34:15 [kaufland_products] INFO: Scraped: Rychlovarná konvice Arendo s nastavením teploty 40 | EAN=4062861057209 | kcal=0.0
2026-03-17 23:34:15 [kaufland_products] WARNING: No nutrition data for: Rychlovarná konvice Arendo s nastavením teploty 40 - 100 °C, nerezová ocel, LED displej, 1,5 l, 2200 W, dvojitá stěna, bez BPA, béžová barva
2026-03-17 23:34:19 [kaufland_products] INFO: Scraped: TRESKO® Kotel na svařené víno černý 10 l / 1500 W  | EAN=4260613497116 | kcal=0.0
2026-03-17 23:34:19 [kaufland_products] WARNING: No nutrition data for: TRESKO® Kotel na svařené víno černý 10 l / 1500 W Kotel na svařené víno z nerezové oceli Stroj na svařené víno Stroj na horké nápoje Dávkovač horké vody
2026-03-17 23:34:21 [kaufland_products] INFO: Scraped: TRESKO Otočná židle černá Manažerská židle Kancelá | EAN=0796856337796 796856337796 | kcal=0.0
2026-03-17 23:34:21 [kaufland_products] WARNING: No nutrition data for: TRESKO Otočná židle černá Manažerská židle Kancelářská židle Otočná sportovní židle Kancelářská židle Židle k psacímu stolu
2026-03-17 23:34:24 [kaufland_products] INFO: Scraped: TRESKO® Ohrádka pro štěňata 60 cm vysoká se střech | EAN=4260613497642 | kcal=0.0
2026-03-17 23:34:24 [kaufland_products] WARNING: No nutrition data for: TRESKO® Ohrádka pro štěňata 60 cm vysoká se střechou a kotvami do země | výběh pro štěňata 8 dílů | ohrádka pro psy skládací s dvířky | montáž bez nářadí | ohrádka pro psy odolná proti povětrnostním vlivům 8 dílů
2026-03-17 23:34:28 [kaufland_products] INFO: Scraped: Akinu MASÍČKA Jehněčí twister pamlsek pro psy 75 g | EAN=8595184937423 | kcal=0.0
2026-03-17 23:34:28 [kaufland_products] WARNING: No nutrition data for: Akinu MASÍČKA Jehněčí twister pamlsek pro psy 75 g
2026-03-17 23:34:32 [kaufland_products] INFO: Scraped: Tresko Smart Skleněný konvektor 1500 W GPH-15EA Če | EAN=4260613497314 | kcal=0.0
2026-03-17 23:34:32 [kaufland_products] WARNING: No nutrition data for: Tresko Smart Skleněný konvektor 1500 W GPH-15EA Černý
2026-03-17 23:34:34 [kaufland_products] INFO: Scraped: Akinu MASÍČKA Jehněčí twister pamlsek pro psy 300  | EAN=8595184942229 | kcal=0.0
2026-03-17 23:34:34 [kaufland_products] WARNING: No nutrition data for: Akinu MASÍČKA Jehněčí twister pamlsek pro psy 300 g
2026-03-17 23:34:37 [scrapy.extensions.logstats] INFO: Crawled 1380 pages (at 20 pages/min), scraped 1264 items (at 20 items/min)
2026-03-17 23:34:38 [kaufland_products] INFO: Scraped: TRESKO® Ohrádka pro štěňata 80 cm vysoká se střech | EAN=0796856338090 796856338090 | kcal=0.0
2026-03-17 23:34:38 [kaufland_products] WARNING: No nutrition data for: TRESKO® Ohrádka pro štěňata 80 cm vysoká se střechou a kotvami do země | Výběh pro štěňata 8dílný | Ohrádka pro psy skládací s dvířky | Sestavení bez nářadí | Ohrádka pro psy odolná proti povětrnostním vlivům
2026-03-17 23:34:40 [kaufland_products] INFO: Scraped: Probare uzená tresčí játra | EAN=4008314131713 | kcal=404.0
2026-03-17 23:34:43 [kaufland_products] INFO: [müsli] page 1: found 29 product links
2026-03-17 23:34:47 [kaufland_products] INFO: [cereálie] page 1: found 16 product links
2026-03-17 23:34:50 [kaufland_products] INFO: [cornflakes] page 1: found 23 product links
2026-03-17 23:34:53 [kaufland_products] INFO: [müsli] page 2: found 28 product links
2026-03-17 23:34:55 [kaufland_products] INFO: [cereálie] page 2: found 16 product links
2026-03-17 23:34:59 [scrapy-playwright] WARNING: Closing page due to failed request: <GET https://www.kaufland.cz/s/?search_value=ovesn%C3%A9%20vlo%C4%8Dky> exc_type=<class 'playwright._impl._errors.TimeoutError'> exc_msg=Page.wait_for_selector: Timeout 15000ms exceeded.
Call log:
  - waiting for locator("a[href*='/product/']") to be visible
Traceback (most recent call last):
  File "/home/krokviak/.local/lib/python3.12/site-packages/scrapy_playwright/handler.py", line 480, in _download_request_with_retry
    return await self._download_request_with_page(request, page, spider)
           ^^^^^^^^^^^^^^^^^^^^^^^^^^^^^^^^^^^^^^^^^^^^^^^^^^^^^^^^^^^^^
  File "/home/krokviak/.local/lib/python3.12/site-packages/scrapy_playwright/handler.py", line 528, in _download_request_with_page
    await self._apply_page_methods(page, request, spider)
  File "/home/krokviak/.local/lib/python3.12/site-packages/scrapy_playwright/handler.py", line 678, in _apply_page_methods
    pm.result = await _maybe_await(method(*pm.args, **pm.kwargs))
                ^^^^^^^^^^^^^^^^^^^^^^^^^^^^^^^^^^^^^^^^^^^^^^^^^
  File "/home/krokviak/.local/lib/python3.12/site-packages/scrapy_playwright/_utils.py", line 23, in _maybe_await
    return await obj
           ^^^^^^^^^
  File "/home/krokviak/.local/lib/python3.12/site-packages/playwright/async_api/_generated.py", line 8234, in wait_for_selector
    await self._impl_obj.wait_for_selector(
  File "/home/krokviak/.local/lib/python3.12/site-packages/playwright/_impl/_page.py", line 419, in wait_for_selector
    return await self._main_frame.wait_for_selector(**locals_to_params(locals()))
           ^^^^^^^^^^^^^^^^^^^^^^^^^^^^^^^^^^^^^^^^^^^^^^^^^^^^^^^^^^^^^^^^^^^^^^
  File "/home/krokviak/.local/lib/python3.12/site-packages/playwright/_impl/_frame.py", line 369, in wait_for_selector
    await self._channel.send(
  File "/home/krokviak/.local/lib/python3.12/site-packages/playwright/_impl/_connection.py", line 69, in send
    return await self._connection.wrap_api_call(
           ^^^^^^^^^^^^^^^^^^^^^^^^^^^^^^^^^^^^^
  File "/home/krokviak/.local/lib/python3.12/site-packages/playwright/_impl/_connection.py", line 559, in wrap_api_call
    raise rewrite_error(error, f"{parsed_st['apiName']}: {error}") from None
playwright._impl._errors.TimeoutError: Page.wait_for_selector: Timeout 15000ms exceeded.
Call log:
  - waiting for locator("a[href*='/product/']") to be visible

2026-03-17 23:35:00 [kaufland_products] WARNING: Request failed: https://www.kaufland.cz/s/?search_value=ovesn%C3%A9%20vlo%C4%8Dky: Page.wait_for_selector: Timeout 15000ms exceeded.
Call log:
  - waiting for locator("a[href*='/product/']") to be visible

2026-03-17 23:35:00 [kaufland_products] INFO: [müsli] page 3: found 24 product links
2026-03-17 23:35:05 [kaufland_products] INFO: Scraped: Kölln Krémová jemná ovesná kaše Berry Berry Mix 37 | EAN=4000540000726 | kcal=0.0
2026-03-17 23:35:05 [kaufland_products] WARNING: No nutrition data for: Kölln Krémová jemná ovesná kaše Berry Berry Mix 375g
2026-03-17 23:35:07 [kaufland_products] INFO: [müsli] page 4: found 18 product links
2026-03-17 23:35:09 [kaufland_products] INFO: Scraped: Bauck Mühle 396737, Ovesná kaše, 400 g, Jablko, Sk | EAN=4015637825403 | kcal=1551.0
2026-03-17 23:35:12 [scrapy-playwright] WARNING: Closing page due to failed request: <GET https://www.kaufland.cz/s/?search_value=cornflakes&page=2> exc_type=<class 'playwright._impl._errors.TimeoutError'> exc_msg=Page.wait_for_selector: Timeout 15000ms exceeded.
Call log:
  - waiting for locator("a[href*='/product/']") to be visible
Traceback (most recent call last):
  File "/home/krokviak/.local/lib/python3.12/site-packages/scrapy_playwright/handler.py", line 480, in _download_request_with_retry
    return await self._download_request_with_page(request, page, spider)
           ^^^^^^^^^^^^^^^^^^^^^^^^^^^^^^^^^^^^^^^^^^^^^^^^^^^^^^^^^^^^^
  File "/home/krokviak/.local/lib/python3.12/site-packages/scrapy_playwright/handler.py", line 528, in _download_request_with_page
    await self._apply_page_methods(page, request, spider)
  File "/home/krokviak/.local/lib/python3.12/site-packages/scrapy_playwright/handler.py", line 678, in _apply_page_methods
    pm.result = await _maybe_await(method(*pm.args, **pm.kwargs))
                ^^^^^^^^^^^^^^^^^^^^^^^^^^^^^^^^^^^^^^^^^^^^^^^^^
  File "/home/krokviak/.local/lib/python3.12/site-packages/scrapy_playwright/_utils.py", line 23, in _maybe_await
    return await obj
           ^^^^^^^^^
  File "/home/krokviak/.local/lib/python3.12/site-packages/playwright/async_api/_generated.py", line 8234, in wait_for_selector
    await self._impl_obj.wait_for_selector(
  File "/home/krokviak/.local/lib/python3.12/site-packages/playwright/_impl/_page.py", line 419, in wait_for_selector
    return await self._main_frame.wait_for_selector(**locals_to_params(locals()))
           ^^^^^^^^^^^^^^^^^^^^^^^^^^^^^^^^^^^^^^^^^^^^^^^^^^^^^^^^^^^^^^^^^^^^^^
  File "/home/krokviak/.local/lib/python3.12/site-packages/playwright/_impl/_frame.py", line 369, in wait_for_selector
    await self._channel.send(
  File "/home/krokviak/.local/lib/python3.12/site-packages/playwright/_impl/_connection.py", line 69, in send
    return await self._connection.wrap_api_call(
           ^^^^^^^^^^^^^^^^^^^^^^^^^^^^^^^^^^^^^
  File "/home/krokviak/.local/lib/python3.12/site-packages/playwright/_impl/_connection.py", line 559, in wrap_api_call
    raise rewrite_error(error, f"{parsed_st['apiName']}: {error}") from None
playwright._impl._errors.TimeoutError: Page.wait_for_selector: Timeout 15000ms exceeded.
Call log:
  - waiting for locator("a[href*='/product/']") to be visible

2026-03-17 23:35:12 [kaufland_products] WARNING: Request failed: https://www.kaufland.cz/s/?search_value=cornflakes&page=2: Page.wait_for_selector: Timeout 15000ms exceeded.
Call log:
  - waiting for locator("a[href*='/product/']") to be visible

2026-03-17 23:35:14 [kaufland_products] INFO: Scraped: Kölln Apple Crumble Style Ovesné müsli s nižším ob | EAN=4000540013115 | kcal=0.0
2026-03-17 23:35:17 [kaufland_products] INFO: Scraped: Oetker Vitalis křupavé ořechy a semínka bez přidan | EAN=4000521035709 | kcal=0.0
2026-03-17 23:35:17 [scrapy-playwright] WARNING: Closing page due to failed request: <GET https://www.kaufland.cz/s/?search_value=cere%C3%A1lie&page=3> exc_type=<class 'playwright._impl._errors.TimeoutError'> exc_msg=Page.wait_for_selector: Timeout 15000ms exceeded.
Call log:
  - waiting for locator("a[href*='/product/']") to be visible
Traceback (most recent call last):
  File "/home/krokviak/.local/lib/python3.12/site-packages/scrapy_playwright/handler.py", line 480, in _download_request_with_retry
    return await self._download_request_with_page(request, page, spider)
           ^^^^^^^^^^^^^^^^^^^^^^^^^^^^^^^^^^^^^^^^^^^^^^^^^^^^^^^^^^^^^
  File "/home/krokviak/.local/lib/python3.12/site-packages/scrapy_playwright/handler.py", line 528, in _download_request_with_page
    await self._apply_page_methods(page, request, spider)
  File "/home/krokviak/.local/lib/python3.12/site-packages/scrapy_playwright/handler.py", line 678, in _apply_page_methods
    pm.result = await _maybe_await(method(*pm.args, **pm.kwargs))
                ^^^^^^^^^^^^^^^^^^^^^^^^^^^^^^^^^^^^^^^^^^^^^^^^^
  File "/home/krokviak/.local/lib/python3.12/site-packages/scrapy_playwright/_utils.py", line 23, in _maybe_await
    return await obj
           ^^^^^^^^^
  File "/home/krokviak/.local/lib/python3.12/site-packages/playwright/async_api/_generated.py", line 8234, in wait_for_selector
    await self._impl_obj.wait_for_selector(
  File "/home/krokviak/.local/lib/python3.12/site-packages/playwright/_impl/_page.py", line 419, in wait_for_selector
    return await self._main_frame.wait_for_selector(**locals_to_params(locals()))
           ^^^^^^^^^^^^^^^^^^^^^^^^^^^^^^^^^^^^^^^^^^^^^^^^^^^^^^^^^^^^^^^^^^^^^^
  File "/home/krokviak/.local/lib/python3.12/site-packages/playwright/_impl/_frame.py", line 369, in wait_for_selector
    await self._channel.send(
  File "/home/krokviak/.local/lib/python3.12/site-packages/playwright/_impl/_connection.py", line 69, in send
    return await self._connection.wrap_api_call(
           ^^^^^^^^^^^^^^^^^^^^^^^^^^^^^^^^^^^^^
  File "/home/krokviak/.local/lib/python3.12/site-packages/playwright/_impl/_connection.py", line 559, in wrap_api_call
    raise rewrite_error(error, f"{parsed_st['apiName']}: {error}") from None
playwright._impl._errors.TimeoutError: Page.wait_for_selector: Timeout 15000ms exceeded.
Call log:
  - waiting for locator("a[href*='/product/']") to be visible

2026-03-17 23:35:17 [kaufland_products] WARNING: Request failed: https://www.kaufland.cz/s/?search_value=cere%C3%A1lie&page=3: Page.wait_for_selector: Timeout 15000ms exceeded.
Call log:
  - waiting for locator("a[href*='/product/']") to be visible

2026-03-17 23:35:19 [kaufland_products] INFO: Scraped: Kölln Knusper Strawberry Yogurt Ovesné müsli s niž | EAN=4000540013542 | kcal=0.0
2026-03-17 23:35:22 [kaufland_products] INFO: Scraped: Vitalis křupavý müsli oříškový nugát 0,5Kg | EAN=4000521021870 | kcal=474.0
2026-03-17 23:35:25 [kaufland_products] INFO: Scraped: Kölln Coco Choco Ovesné müsli s nižším obsahem cuk | EAN=4000540001693 | kcal=0.0
2026-03-17 23:35:26 [scrapy-playwright] WARNING: Closing page due to failed request: <GET https://www.kaufland.cz/s/?search_value=m%C3%BCsli&page=5> exc_type=<class 'playwright._impl._errors.TimeoutError'> exc_msg=Page.wait_for_selector: Timeout 15000ms exceeded.
Call log:
  - waiting for locator("a[href*='/product/']") to be visible
Traceback (most recent call last):
  File "/home/krokviak/.local/lib/python3.12/site-packages/scrapy_playwright/handler.py", line 480, in _download_request_with_retry
    return await self._download_request_with_page(request, page, spider)
           ^^^^^^^^^^^^^^^^^^^^^^^^^^^^^^^^^^^^^^^^^^^^^^^^^^^^^^^^^^^^^
  File "/home/krokviak/.local/lib/python3.12/site-packages/scrapy_playwright/handler.py", line 528, in _download_request_with_page
    await self._apply_page_methods(page, request, spider)
  File "/home/krokviak/.local/lib/python3.12/site-packages/scrapy_playwright/handler.py", line 678, in _apply_page_methods
    pm.result = await _maybe_await(method(*pm.args, **pm.kwargs))
                ^^^^^^^^^^^^^^^^^^^^^^^^^^^^^^^^^^^^^^^^^^^^^^^^^
  File "/home/krokviak/.local/lib/python3.12/site-packages/scrapy_playwright/_utils.py", line 23, in _maybe_await
    return await obj
           ^^^^^^^^^
  File "/home/krokviak/.local/lib/python3.12/site-packages/playwright/async_api/_generated.py", line 8234, in wait_for_selector
    await self._impl_obj.wait_for_selector(
  File "/home/krokviak/.local/lib/python3.12/site-packages/playwright/_impl/_page.py", line 419, in wait_for_selector
    return await self._main_frame.wait_for_selector(**locals_to_params(locals()))
           ^^^^^^^^^^^^^^^^^^^^^^^^^^^^^^^^^^^^^^^^^^^^^^^^^^^^^^^^^^^^^^^^^^^^^^
  File "/home/krokviak/.local/lib/python3.12/site-packages/playwright/_impl/_frame.py", line 369, in wait_for_selector
    await self._channel.send(
  File "/home/krokviak/.local/lib/python3.12/site-packages/playwright/_impl/_connection.py", line 69, in send
    return await self._connection.wrap_api_call(
           ^^^^^^^^^^^^^^^^^^^^^^^^^^^^^^^^^^^^^
  File "/home/krokviak/.local/lib/python3.12/site-packages/playwright/_impl/_connection.py", line 559, in wrap_api_call
    raise rewrite_error(error, f"{parsed_st['apiName']}: {error}") from None
playwright._impl._errors.TimeoutError: Page.wait_for_selector: Timeout 15000ms exceeded.
Call log:
  - waiting for locator("a[href*='/product/']") to be visible

2026-03-17 23:35:26 [kaufland_products] WARNING: Request failed: https://www.kaufland.cz/s/?search_value=m%C3%BCsli&page=5: Page.wait_for_selector: Timeout 15000ms exceeded.
Call log:
  - waiting for locator("a[href*='/product/']") to be visible

2026-03-17 23:35:28 [kaufland_products] INFO: Scraped: Kellogg's Extra hořká čokoláda Knuspermüsli Crunch | EAN=5050083184420 | kcal=0.0
2026-03-17 23:35:31 [kaufland_products] INFO: Scraped: Dr. Oetker Vitalis Křupavé čokoládové müsli s mléč | EAN=4000521664305 | kcal=449.0
2026-03-17 23:35:33 [kaufland_products] INFO: Scraped: Vitalis Crunchy Plus Honey-Almond 0,45 kg | EAN=4000521021917 | kcal=478.0
2026-03-17 23:35:37 [scrapy.extensions.logstats] INFO: Crawled 1399 pages (at 19 pages/min), scraped 1276 items (at 12 items/min)
2026-03-17 23:35:38 [kaufland_products] INFO: Scraped: JamFix 2:1 1 x 25 g | EAN=8594009166598 | kcal=0.0
2026-03-17 23:35:38 [kaufland_products] WARNING: No nutrition data for: JamFix 2:1 1 x 25 g
2026-03-17 23:35:41 [kaufland_products] INFO: Scraped: Kölln Knusper Schoko Feinherb ovesné müsli s čokol | EAN=4000540003420 | kcal=409.0
2026-03-17 23:35:43 [kaufland_products] INFO: Scraped: Müsli tyčinka s bílou čokoládou bez přidaného cukr | EAN=4011800575212 | kcal=0.0
2026-03-17 23:35:46 [kaufland_products] INFO: Scraped: Dr. Oetker Paula Müsli zábavné cereální vločky s č | EAN=4000521031701 | kcal=403.0
2026-03-17 23:35:51 [kaufland_products] INFO: Scraped: pětizrnné bezlepkové vločky 475g | EAN=4015637827124 | kcal=367.0
2026-03-17 23:35:54 [kaufland_products] INFO: Scraped: Dr. Oetker Müsli s vysokým obsahem bílkovin Berrie | EAN=4000521031190 | kcal=406.0
2026-03-17 23:35:55 [kaufland_products] INFO: Scraped: RUF Kaše čokoládová 65g | EAN=4002809018572 | kcal=403.0
2026-03-17 23:35:58 [kaufland_products] INFO: Scraped: Kölln křupavé ovesné polštářky klasické 70 % celoz | EAN=4000540063035 | kcal=0.0
2026-03-17 23:35:58 [kaufland_products] WARNING: No nutrition data for: Kölln křupavé ovesné polštářky klasické 70 % celozrnné 300 g
2026-03-17 23:36:01 [kaufland_products] INFO: Scraped: Kölln Müsli Crunchy Berry Hafer-Muesli VeganChoc T | EAN=4000540003314 | kcal=0.0
2026-03-17 23:36:01 [kaufland_products] WARNING: No nutrition data for: Kölln Müsli Crunchy Berry Hafer-Muesli VeganChoc Taste, 400g
2026-03-17 23:36:03 [kaufland_products] INFO: Scraped: Kölln Crispy Oatmeal Classic 72% celozrnné 750g | EAN=4000540011081 | kcal=392.0
2026-03-17 23:36:08 [kaufland_products] INFO: Scraped: HotHafer - Čokoládová kaše 400g | EAN=4015637825458 | kcal=0.0
2026-03-17 23:36:08 [kaufland_products] WARNING: No nutrition data for: HotHafer - Čokoládová kaše 400g
2026-03-17 23:36:09 [kaufland_products] INFO: Scraped: Ovesné müsli - základní neslazené 425g | EAN=4015637827360 | kcal=383.0
2026-03-17 23:36:12 [kaufland_products] INFO: Scraped: Allos 378189, 450 g, Gluten, Mléko, Ořechy, Pšenic | EAN=4016249198299 | kcal=384.0
2026-03-17 23:36:16 [kaufland_products] INFO: Scraped: Granola LIZI'S, s nízkým obsahem cukru 500g | EAN=5060092030687 | kcal=501.0
2026-03-17 23:36:19 [kaufland_products] INFO: Scraped: HotHafer - Ovesná kaše s bobulemi 400g | EAN=4015637825410 | kcal=359.0
2026-03-17 23:36:24 [kaufland_products] INFO: Scraped: Vločky - pohanka 250g | EAN=4015637826448 | kcal=364.0
2026-03-17 23:36:27 [kaufland_products] INFO: Scraped: Ječné vločky 500g | EAN=4022381302203 | kcal=336.0
2026-03-17 23:36:29 [kaufland_products] INFO: Scraped: Kölln 252733 Kölln Schoko Glutenfrei Müsli 400,0 g | EAN=4000540001204 | kcal=0.0
2026-03-17 23:36:29 [kaufland_products] WARNING: No nutrition data for: Kölln 252733 Kölln Schoko Glutenfrei Müsli 400,0 g
2026-03-17 23:36:32 [kaufland_products] INFO: Scraped: Allos 378188, 500 g, Gluten, Mléko, Sója, vlašský  | EAN=4016249198275 | kcal=355.0
2026-03-17 23:36:34 [kaufland_products] INFO: Scraped: 3Bears 7000627 Granola - Hafer-Crunch Sarah Harris | EAN=4260462985901 | kcal=0.0
2026-03-17 23:36:34 [kaufland_products] WARNING: No nutrition data for: 3Bears 7000627 Granola - Hafer-Crunch Sarah Harrison Müsli 325,0 g
2026-03-17 23:36:37 [scrapy.extensions.logstats] INFO: Crawled 1419 pages (at 20 pages/min), scraped 1296 items (at 20 items/min)
2026-03-17 23:36:37 [kaufland_products] INFO: Scraped: Kölln Crispy Oatmeal Classic 72% celozrnné 375g | EAN=4000540011050 | kcal=0.0
2026-03-17 23:36:37 [kaufland_products] WARNING: No nutrition data for: Kölln Crispy Oatmeal Classic 72% celozrnné 375g
2026-03-17 23:36:40 [kaufland_products] INFO: Scraped: Allos 378190, 500 g, Gluten, Mléko, Ořechy, Sója,  | EAN=4016249198282 | kcal=388.0
2026-03-17 23:36:44 [kaufland_products] INFO: Scraped: Ořechové křupky - bezlepkové 300g | EAN=4015537001426 | kcal=473.0
2026-03-17 23:36:46 [kaufland_products] INFO: Scraped: Banán Schoko Crunchy 300g | EAN=4015537002416 | kcal=438.0
2026-03-17 23:36:50 [kaufland_products] INFO: Scraped: Rapunzel 800330, Ovesná kaše, 2 kg, Přírodní | EAN=4006040405733 | kcal=1658.0
2026-03-17 23:36:52 [kaufland_products] INFO: Scraped: Allos 136347, 1,5 kg, Gluten, Sezamová semínka, Ně | EAN=4016249164140 | kcal=402.0
2026-03-17 23:36:55 [kaufland_products] INFO: Scraped: Dr. Oetker Vitalis čisté křupavé müsli méně sladké | EAN=4000521013523 | kcal=436.0
2026-03-17 23:37:00 [kaufland_products] INFO: Scraped: HotHafer - Základní kaše 400g | EAN=4015637825427 | kcal=0.0
2026-03-17 23:37:00 [kaufland_products] WARNING: No nutrition data for: HotHafer - Základní kaše 400g
2026-03-17 23:37:02 [kaufland_products] INFO: Scraped: Kölln Crispy Classic ovesné müsli s jemnou vanilko | EAN=4000540023473 | kcal=442.0
2026-03-17 23:37:05 [kaufland_products] INFO: Scraped: Kölln 11112 Kölln Chrunchy Waffel Hafer Müsli 400, | EAN=4000540023206 | kcal=0.0
2026-03-17 23:37:05 [kaufland_products] WARNING: No nutrition data for: Kölln 11112 Kölln Chrunchy Waffel Hafer Müsli 400,0 g
2026-03-17 23:37:07 [kaufland_products] INFO: Scraped: Kölln Müsli čokoláda 30 % w. Cukr, 450 g | EAN=4000540063868 | kcal=0.0
2026-03-17 23:37:07 [kaufland_products] WARNING: No nutrition data for: Kölln Müsli čokoláda 30 % w. Cukr, 450 g
2026-03-17 23:37:10 [kaufland_products] INFO: Scraped: Kölln instantní ovesné vločky 100% celozrnné 250g | EAN=4000540000405 | kcal=0.0
2026-03-17 23:37:13 [kaufland_products] INFO: Scraped: RUF Pooridge Jogurt Bluberry 65g | EAN=4002809018527 | kcal=387.0
2026-03-17 23:37:17 [kaufland_products] INFO: Scraped: Bauck Mühle 487738, 285 g, Oves, Mango, Raspberry, | EAN=4015637019048 | kcal=1629.0
2026-03-17 23:37:20 [kaufland_products] INFO: Scraped: Kölln Crunchy Classic ovesné müsli s jemnou vanilk | EAN=4000540003468 | kcal=0.0
2026-03-17 23:37:20 [kaufland_products] WARNING: No nutrition data for: Kölln Crunchy Classic ovesné müsli s jemnou vanilkovou příchutí 600g
2026-03-17 23:37:22 [kaufland_products] INFO: Scraped: Kelloggs Crunchy Granola Choco und Nuts knusprige  | EAN=4251753774373 | kcal=497.0
2026-03-17 23:37:25 [kaufland_products] INFO: Scraped: Nerano Cinnamon Shells Jerry Snídaňové cereálie Be | EAN=5904954645438 | kcal=408.0
2026-03-17 23:37:29 [kaufland_products] INFO: Scraped: Kölln Müsli Čokoláda 30 procent méně cukru Ovesné  | EAN=4000540003871 | kcal=0.0
2026-03-17 23:37:32 [kaufland_products] INFO: Scraped: Kelloggs Crunchy Muesli Classic crunchy lahodné kř | EAN=4251753774366 | kcal=481.0
2026-03-17 23:37:35 [kaufland_products] INFO: Scraped: Kölln Blossom Tender Kölln Flakes 100% celozrnný o | EAN=4000540000108 | kcal=0.0
2026-03-17 23:37:37 [scrapy.extensions.logstats] INFO: Crawled 1439 pages (at 20 pages/min), scraped 1316 items (at 20 items/min)
2026-03-17 23:37:37 [kaufland_products] INFO: Scraped: Kölln Müsli Crunchy Chocolate Caramel lahodné sníd | EAN=4000540013764 | kcal=0.0
2026-03-17 23:37:40 [kaufland_products] INFO: Scraped: My Crunchy - malina-citron 400g | EAN=4005561007341 | kcal=427.0
2026-03-17 23:37:42 [kaufland_products] INFO: Scraped: Dr. Oetker Vitalis křupavé müsli s čokoládovými ko | EAN=4000521002428 | kcal=0.0
2026-03-17 23:37:46 [kaufland_products] INFO: Scraped: Bauck Mühle 487638, Kukuřičné vločky, 275 g, Skoři | EAN=4015637019161 | kcal=1548.0
2026-03-17 23:37:48 [kaufland_products] INFO: Scraped: 3Bears 7000629 3Bears Granola - Erdnuss-Kakao Sara | EAN=4260462985925 | kcal=0.0
2026-03-17 23:37:48 [kaufland_products] WARNING: No nutrition data for: 3Bears 7000629 3Bears Granola - Erdnuss-Kakao Sarah Harrison Müsli 325,0 g
2026-03-17 23:37:54 [kaufland_products] INFO: Scraped: Zavařovací sklenice ORION s výklopným víčkem paten | EAN=8592381136888 | kcal=0.0
2026-03-17 23:37:54 [kaufland_products] WARNING: No nutrition data for: Zavařovací sklenice ORION s výklopným víčkem patentovaná skleněná nádoba BELA 0,75l HEART
2026-03-17 23:37:57 [kaufland_products] INFO: Scraped: Kellogg Crunchy Nut Granola Classic lahodná směs 3 | EAN=5059319020334 | kcal=0.0
2026-03-17 23:37:58 [kaufland_products] INFO: Scraped: NESTLE FITNESS JOGHURT Cerealien 350g | EAN=7613031517817 | kcal=394.0
2026-03-17 23:38:01 [kaufland_products] INFO: Scraped: NESTLE CINI-MINIS Cerealien 625g | EAN=3387390320190 | kcal=418.0
2026-03-17 23:38:05 [kaufland_products] INFO: Scraped: Kelloggs Variety Classic Kelloggs Genuss in 8 Port | EAN=5053827188517 | kcal=0.0
2026-03-17 23:38:08 [kaufland_products] INFO: Scraped: Corny müsli tyčinka bez lískových oříšků celozrnné | EAN=4011800572211 | kcal=154.0
2026-03-17 23:38:11 [kaufland_products] INFO: Scraped: Cornflakes Hořká čokoláda - Cornflakes s čokoládov | EAN=5425038430226 | kcal=459.0
2026-03-17 23:38:13 [kaufland_products] INFO: Scraped: Hellma 70102202 Brusinkové müsli srdíčka 30 x 30 g | EAN=4003148722021 | kcal=0.0
2026-03-17 23:38:15 [kaufland_products] INFO: Scraped: Čokoládové cornflakes - bezlepkové 200g | EAN=4015537002775 | kcal=450.0
2026-03-17 23:38:18 [kaufland_products] INFO: Scraped: Barnhouse 136220, Kukuřičné vločky, 375 g | EAN=4021234402336 | kcal=1593.0
2026-03-17 23:38:23 [kaufland_products] INFO: Scraped: Kelloggs Crunchy Nut Oat Granola Choco und Hazelnu | EAN=5059319020365 | kcal=0.0
2026-03-17 23:38:26 [kaufland_products] INFO: Scraped: Kellogg Tresor mléčná čokoláda s křupavými cereáln | EAN=5053827199667 | kcal=0.0
2026-03-17 23:38:28 [kaufland_products] INFO: Scraped: Kelloggs Cornflakes - křupavé klasické snídaňové c | EAN=5738001092490 | kcal=378.0
2026-03-17 23:38:30 [kaufland_products] INFO: Scraped: Kelloggs Choco Krispies Chocos kakaové snídaňové c | EAN=5059319030616 | kcal=380.0
2026-03-17 23:38:35 [kaufland_products] INFO: Scraped: Kellogg's Smacks 400g | EAN=5059319023670 | kcal=1597.0
2026-03-17 23:38:37 [scrapy.extensions.logstats] INFO: Crawled 1459 pages (at 20 pages/min), scraped 1336 items (at 20 items/min)
2026-03-17 23:38:38 [kaufland_products] INFO: Scraped: Vitalis kaše s jablky, skořicí a agávovým sladidle | EAN=4000521031336 | kcal=129.0
2026-03-17 23:38:41 [kaufland_products] INFO: Scraped: Kölln Tender Bircher Ovesné müsli Ovocná směs 1700 | EAN=4000540001563 | kcal=0.0
2026-03-17 23:38:43 [kaufland_products] INFO: Scraped: Hafer müsli - Beeren XXL 900g | EAN=4015637019000 | kcal=359.0
2026-03-17 23:38:46 [kaufland_products] INFO: Scraped: Allos 136349, 375 g, Gluten, Ořechy, Sezamová semí | EAN=4016249164126 | kcal=387.0
2026-03-17 23:38:48 [kaufland_products] INFO: Scraped: Basis müsli s amarantem 750g | EAN=4005967005095 | kcal=369.0
2026-03-17 23:38:53 [kaufland_products] INFO: Scraped: Llama Loops - křupavé cereálie 125g | EAN=7640230493314 | kcal=1477.0
2026-03-17 23:38:55 [kaufland_products] INFO: Scraped: Křupavé cereálie - čokoládové kuličky 275g | EAN=4015637823225 | kcal=356.0
2026-03-17 23:38:58 [kaufland_products] INFO: Scraped: Cereálie - Čokoládové rýžové lupínky 300g | EAN=8000113009671 | kcal=382.0
2026-03-17 23:39:01 [kaufland_products] INFO: Scraped: Kelloggs Honey Loops cereálie lahodná křupavá poch | EAN=5053827203685 | kcal=382.0
2026-03-17 23:39:04 [kaufland_products] INFO: Scraped: Oero Oðs | EAN=5010029227062 | kcal=382.0
2026-03-17 23:39:06 [kaufland_products] INFO: Scraped: NESTLE NESQUIK DUO Cereálie 325g | EAN=7613031570126 | kcal=401.0
2026-03-17 23:39:11 [kaufland_products] INFO: Scraped: Ovesné müsli - Ovoce + vločky neslazené 425g | EAN=4015637018836 | kcal=0.0
2026-03-17 23:39:11 [kaufland_products] WARNING: No nutrition data for: Ovesné müsli - Ovoce + vločky neslazené 425g
2026-03-17 23:39:14 [kaufland_products] INFO: Scraped: Ovomaltine křupavé müsli z ječného sladu a kakaa 4 | EAN=7612100911280 | kcal=0.0
2026-03-17 23:39:16 [kaufland_products] INFO: Scraped: Kölln Křupavé ovesné müsli s medem a ořechy a laho | EAN=4000540013177 | kcal=454.0
2026-03-17 23:39:19 [kaufland_products] INFO: Scraped: Kölln 6383374008 Kölln Schoko Müsli 1,7 kg | EAN=4000540031874 | kcal=0.0
2026-03-17 23:39:19 [kaufland_products] WARNING: No nutrition data for: Kölln 6383374008 Kölln Schoko Müsli 1,7 kg
2026-03-17 23:39:21 [kaufland_products] INFO: Scraped: Ovesné křupavé müsli - Extra čokoláda 300g | EAN=4015637019024 | kcal=407.0
2026-03-17 23:39:26 [kaufland_products] INFO: Scraped: Kölln Ovesné müsli bez přidaného cukru a s jemným  | EAN=4000540001334 | kcal=364.0
2026-03-17 23:39:29 [kaufland_products] INFO: Scraped: Kölln Fruit Ovesné müsli bez přidaného cukru a s j | EAN=4000540001341 | kcal=364.0
2026-03-17 23:39:32 [kaufland_products] INFO: Scraped: Kölln Crispy Classic Ovesné müsli "50 % méně cukru | EAN=4000540003260 | kcal=0.0
2026-03-17 23:39:32 [kaufland_products] WARNING: No nutrition data for: Kölln Crispy Classic Ovesné müsli "50 % méně cukru", 500g
2026-03-17 23:39:35 [kaufland_products] INFO: Scraped: Kölln Křupavé čokoládové müsli s křehkými lískovým | EAN=4000540043587 | kcal=0.0
2026-03-17 23:39:35 [kaufland_products] WARNING: No nutrition data for: Kölln Křupavé čokoládové müsli s křehkými lískovými oříšky 500g
2026-03-17 23:39:37 [scrapy.extensions.logstats] INFO: Crawled 1479 pages (at 20 pages/min), scraped 1356 items (at 20 items/min)
2026-03-17 23:39:38 [kaufland_products] INFO: Scraped: Dr. Oetker Vitalis křupavé müsli s vyzrálými sultá | EAN=4000521661205 | kcal=0.0
2026-03-17 23:39:38 [kaufland_products] WARNING: No nutrition data for: Dr. Oetker Vitalis křupavé müsli s vyzrálými sultánkami 600g
2026-03-17 23:39:40 [kaufland_products] INFO: Scraped: OVSENÉ KRUBY, BEZLEPKOVÉ KAKAKO,325 g - BAUCK HOF | EAN=4015637005102 | kcal=440.0
2026-03-17 23:39:45 [kaufland_products] INFO: Scraped: Oetker Vitalis bez přidaného cukru Čisté křupavé m | EAN=4000521035662 | kcal=0.0
2026-03-17 23:39:47 [kaufland_products] INFO: Scraped: Kölln Müsli Křupavé arašídové čokoládové, 400g | EAN=4000540003185 | kcal=0.0
2026-03-17 23:39:47 [kaufland_products] WARNING: No nutrition data for: Kölln Müsli Křupavé arašídové čokoládové, 400g
2026-03-17 23:39:50 [kaufland_products] INFO: Scraped: Oetker Vitalis křupavé müsli bez přidaného cukru v | EAN=4000521035686 | kcal=0.0
2026-03-17 23:39:53 [kaufland_products] INFO: Scraped: RUF Kaše Himbeer White Choc 65g | EAN=4002809018510 | kcal=410.0
2026-03-17 23:39:56 [kaufland_products] INFO: Scraped: Dinkel müsli - Guten Morgen 375g | EAN=4005967004968 | kcal=354.0
2026-03-17 23:40:01 [kaufland_products] INFO: Scraped: Ovesné křupavé müsli - jablko se skořicí 300g | EAN=4015637019086 | kcal=382.0
2026-03-17 23:40:04 [kaufland_products] INFO: Scraped: Kölln čokoláda a sušenky ovesné müsli čokoláda a m | EAN=4000540003222 | kcal=455.0
2026-03-17 23:40:05 [kaufland_products] INFO: Scraped: Ovesné müsli - Protein neslazené 425g | EAN=4015637825441 | kcal=365.0
2026-03-17 23:40:08 [kaufland_products] INFO: Scraped: 100% čokoláda křupavá 400g | EAN=4005561002889 | kcal=452.0
2026-03-17 23:40:11 [kaufland_products] INFO: [granola] page 1: found 14 product links
2026-03-17 23:40:15 [kaufland_products] INFO: [chia] page 1: found 11 product links
2026-03-17 23:40:17 [kaufland_products] INFO: [lněné semínko] page 1: found 17 product links
2026-03-17 23:40:20 [kaufland_products] INFO: [granola] page 2: found 12 product links
2026-03-17 23:40:23 [kaufland_products] INFO: [chia] page 2: found 12 product links
2026-03-17 23:40:25 [kaufland_products] INFO: [lněné semínko] page 2: found 9 product links
2026-03-17 23:40:27 [scrapy-playwright] WARNING: Closing page due to failed request: <GET https://www.kaufland.cz/s/?search_value=proteinov%C3%BD> exc_type=<class 'playwright._impl._errors.TimeoutError'> exc_msg=Page.wait_for_selector: Timeout 15000ms exceeded.
Call log:
  - waiting for locator("a[href*='/product/']") to be visible
Traceback (most recent call last):
  File "/home/krokviak/.local/lib/python3.12/site-packages/scrapy_playwright/handler.py", line 480, in _download_request_with_retry
    return await self._download_request_with_page(request, page, spider)
           ^^^^^^^^^^^^^^^^^^^^^^^^^^^^^^^^^^^^^^^^^^^^^^^^^^^^^^^^^^^^^
  File "/home/krokviak/.local/lib/python3.12/site-packages/scrapy_playwright/handler.py", line 528, in _download_request_with_page
    await self._apply_page_methods(page, request, spider)
  File "/home/krokviak/.local/lib/python3.12/site-packages/scrapy_playwright/handler.py", line 678, in _apply_page_methods
    pm.result = await _maybe_await(method(*pm.args, **pm.kwargs))
                ^^^^^^^^^^^^^^^^^^^^^^^^^^^^^^^^^^^^^^^^^^^^^^^^^
  File "/home/krokviak/.local/lib/python3.12/site-packages/scrapy_playwright/_utils.py", line 23, in _maybe_await
    return await obj
           ^^^^^^^^^
  File "/home/krokviak/.local/lib/python3.12/site-packages/playwright/async_api/_generated.py", line 8234, in wait_for_selector
    await self._impl_obj.wait_for_selector(
  File "/home/krokviak/.local/lib/python3.12/site-packages/playwright/_impl/_page.py", line 419, in wait_for_selector
    return await self._main_frame.wait_for_selector(**locals_to_params(locals()))
           ^^^^^^^^^^^^^^^^^^^^^^^^^^^^^^^^^^^^^^^^^^^^^^^^^^^^^^^^^^^^^^^^^^^^^^
  File "/home/krokviak/.local/lib/python3.12/site-packages/playwright/_impl/_frame.py", line 369, in wait_for_selector
    await self._channel.send(
  File "/home/krokviak/.local/lib/python3.12/site-packages/playwright/_impl/_connection.py", line 69, in send
    return await self._connection.wrap_api_call(
           ^^^^^^^^^^^^^^^^^^^^^^^^^^^^^^^^^^^^^
  File "/home/krokviak/.local/lib/python3.12/site-packages/playwright/_impl/_connection.py", line 559, in wrap_api_call
    raise rewrite_error(error, f"{parsed_st['apiName']}: {error}") from None
playwright._impl._errors.TimeoutError: Page.wait_for_selector: Timeout 15000ms exceeded.
Call log:
  - waiting for locator("a[href*='/product/']") to be visible

2026-03-17 23:40:27 [kaufland_products] WARNING: Request failed: https://www.kaufland.cz/s/?search_value=proteinov%C3%BD: Page.wait_for_selector: Timeout 15000ms exceeded.
Call log:
  - waiting for locator("a[href*='/product/']") to be visible

2026-03-17 23:40:30 [kaufland_products] INFO: [chia] page 3: found 15 product links
2026-03-17 23:40:33 [kaufland_products] INFO: [lněné semínko] page 3: found 10 product links
2026-03-17 23:40:36 [kaufland_products] INFO: Scraped: Meruňková jádra 1kg | EAN=5906721131311 | kcal=0.0
2026-03-17 23:40:37 [scrapy.extensions.logstats] INFO: Crawled 1499 pages (at 20 pages/min), scraped 1368 items (at 12 items/min)
2026-03-17 23:40:38 [kaufland_products] INFO: [chia] page 4: found 9 product links
2026-03-17 23:40:40 [kaufland_products] INFO: [lněné semínko] page 4: found 24 product links
2026-03-17 23:40:42 [scrapy-playwright] WARNING: Closing page due to failed request: <GET https://www.kaufland.cz/s/?search_value=granola&page=3> exc_type=<class 'playwright._impl._errors.TimeoutError'> exc_msg=Page.wait_for_selector: Timeout 15000ms exceeded.
Call log:
  - waiting for locator("a[href*='/product/']") to be visible
Traceback (most recent call last):
  File "/home/krokviak/.local/lib/python3.12/site-packages/scrapy_playwright/handler.py", line 480, in _download_request_with_retry
    return await self._download_request_with_page(request, page, spider)
           ^^^^^^^^^^^^^^^^^^^^^^^^^^^^^^^^^^^^^^^^^^^^^^^^^^^^^^^^^^^^^
  File "/home/krokviak/.local/lib/python3.12/site-packages/scrapy_playwright/handler.py", line 528, in _download_request_with_page
    await self._apply_page_methods(page, request, spider)
  File "/home/krokviak/.local/lib/python3.12/site-packages/scrapy_playwright/handler.py", line 678, in _apply_page_methods
    pm.result = await _maybe_await(method(*pm.args, **pm.kwargs))
                ^^^^^^^^^^^^^^^^^^^^^^^^^^^^^^^^^^^^^^^^^^^^^^^^^
  File "/home/krokviak/.local/lib/python3.12/site-packages/scrapy_playwright/_utils.py", line 23, in _maybe_await
    return await obj
           ^^^^^^^^^
  File "/home/krokviak/.local/lib/python3.12/site-packages/playwright/async_api/_generated.py", line 8234, in wait_for_selector
    await self._impl_obj.wait_for_selector(
  File "/home/krokviak/.local/lib/python3.12/site-packages/playwright/_impl/_page.py", line 419, in wait_for_selector
    return await self._main_frame.wait_for_selector(**locals_to_params(locals()))
           ^^^^^^^^^^^^^^^^^^^^^^^^^^^^^^^^^^^^^^^^^^^^^^^^^^^^^^^^^^^^^^^^^^^^^^
  File "/home/krokviak/.local/lib/python3.12/site-packages/playwright/_impl/_frame.py", line 369, in wait_for_selector
    await self._channel.send(
  File "/home/krokviak/.local/lib/python3.12/site-packages/playwright/_impl/_connection.py", line 69, in send
    return await self._connection.wrap_api_call(
           ^^^^^^^^^^^^^^^^^^^^^^^^^^^^^^^^^^^^^
  File "/home/krokviak/.local/lib/python3.12/site-packages/playwright/_impl/_connection.py", line 559, in wrap_api_call
    raise rewrite_error(error, f"{parsed_st['apiName']}: {error}") from None
playwright._impl._errors.TimeoutError: Page.wait_for_selector: Timeout 15000ms exceeded.
Call log:
  - waiting for locator("a[href*='/product/']") to be visible

2026-03-17 23:40:42 [kaufland_products] WARNING: Request failed: https://www.kaufland.cz/s/?search_value=granola&page=3: Page.wait_for_selector: Timeout 15000ms exceeded.
Call log:
  - waiting for locator("a[href*='/product/']") to be visible

2026-03-17 23:40:44 [kaufland_products] INFO: [chia] page 5: found 34 product links
2026-03-17 23:40:47 [kaufland_products] INFO: [lněné semínko] page 5: found 19 product links
2026-03-17 23:40:49 [kaufland_products] INFO: Scraped: SEMÍNKO směska hořčice+řepka 500g | EAN=8595618404149 | kcal=0.0
2026-03-17 23:40:49 [kaufland_products] WARNING: No nutrition data for: SEMÍNKO směska hořčice+řepka 500g
2026-03-17 23:40:53 [kaufland_products] INFO: Scraped: Simba Toys Chi Chi Love, Pejskek, 3 rok/roky | EAN=4006592064228 | kcal=0.0
2026-03-17 23:40:53 [kaufland_products] WARNING: No nutrition data for: Simba Toys Chi Chi Love, Pejskek, 3 rok/roky
2026-03-17 23:40:56 [kaufland_products] INFO: Scraped: Hroznová semínka sypaná pro tepelné polštáře 10 kg | EAN=4059419141084 | kcal=0.0
2026-03-17 23:40:56 [kaufland_products] WARNING: No nutrition data for: Hroznová semínka sypaná pro tepelné polštáře 10 kg polštář Hroznová semínka pro tepelné polštáře Tepelné polštáře Dětská výplň Obilné polštáře Obilné polštáře Obilné polštáře Výplňový materiál DML
2026-03-17 23:40:58 [kaufland_products] INFO: Scraped: Mikrojetel Trávník – Čisté semeno jetele (1500 g p | EAN=8719958992894 | kcal=0.0
2026-03-17 23:40:58 [kaufland_products] WARNING: No nutrition data for: Mikrojetel Trávník – Čisté semeno jetele (1500 g pro 750 m2) - Organifer
2026-03-17 23:41:01 [kaufland_products] INFO: Scraped: Nohel Garden Hořčice SEMÍNKO 400g | EAN=8594003195044 | kcal=0.0
2026-03-17 23:41:01 [kaufland_products] WARNING: No nutrition data for: Nohel Garden Hořčice SEMÍNKO 400g
2026-03-17 23:41:05 [kaufland_products] INFO: Scraped: Buzzy Ornamental Kalebasse Birdhouse bottle Samen  | EAN=8711117298601 | kcal=0.0
2026-03-17 23:41:05 [kaufland_products] WARNING: No nutrition data for: Buzzy Ornamental Kalebasse Birdhouse bottle Samen - Ca. 2.5 gr | Buzzy_029860
2026-03-17 23:41:07 [kaufland_products] INFO: Scraped: SAFLAX - Arašíd - Arachis hypogaea - 8 Semena | EAN=4055473123769 | kcal=0.0
2026-03-17 23:41:07 [kaufland_products] WARNING: No nutrition data for: SAFLAX - Arašíd - Arachis hypogaea - 8 Semena
2026-03-17 23:41:11 [kaufland_products] INFO: Scraped: Sonnentor s.r.o. Rukola semínka k nakličování120 g | EAN=9004145007826 | kcal=0.0
2026-03-17 23:41:11 [kaufland_products] WARNING: No nutrition data for: Sonnentor s.r.o. Rukola semínka k nakličování120 g
2026-03-17 23:41:13 [kaufland_products] INFO: Scraped: Koprové semínko Superducat 5g | EAN=5903837441792 | kcal=0.0
2026-03-17 23:41:13 [kaufland_products] WARNING: No nutrition data for: Koprové semínko Superducat 5g
2026-03-17 23:41:16 [kaufland_products] INFO: Scraped: Slunečnicová semínka/Helianthus annuus/cca 50 kusů | EAN=9504164494350 | kcal=0.0
2026-03-17 23:41:16 [kaufland_products] WARNING: No nutrition data for: Slunečnicová semínka/Helianthus annuus/cca 50 kusů/okurka k vlastnímu pěstování: žlutá, velká
2026-03-17 23:41:20 [kaufland_products] INFO: Scraped: 25 kg loupaných slunečnicových semínek | Ideální p | EAN=5907009170084 | kcal=0.0
2026-03-17 23:41:20 [kaufland_products] WARNING: No nutrition data for: 25 kg loupaných slunečnicových semínek | Ideální pro mladé ptáky | Celoroční krmivo pro volně žijící ptáky | 25 kg loupaných slunečnicových semínek Krmivo pro volně žijící ptáky
2026-03-17 23:41:23 [kaufland_products] INFO: Scraped: Olejový lis Automatická regulace teploty Lněné sem | EAN=0738635431691 738635431691 | kcal=0.0
2026-03-17 23:41:23 [kaufland_products] WARNING: No nutrition data for: Olejový lis Automatická regulace teploty Lněné semínko Olejový mlýn z nerezové oceli Olejový lis Extrakce oleje Olejový expeller 1500W
2026-03-17 23:41:26 [kaufland_products] INFO: Scraped: Buzzy Poppy Flowers Kalifornský mák Thajská hedváb | EAN=8711117808619 | kcal=0.0
2026-03-17 23:41:26 [kaufland_products] WARNING: No nutrition data for: Buzzy Poppy Flowers Kalifornský mák Thajská hedvábná semínka - cca 0,1 gr | Buzzy_080861
2026-03-17 23:41:28 [kaufland_products] INFO: Scraped: SAFLAX - Indický lotosový květ - Nelumbo nucifera  | EAN=4055473158013 | kcal=0.0
2026-03-17 23:41:28 [kaufland_products] WARNING: No nutrition data for: SAFLAX - Indický lotosový květ - Nelumbo nucifera   - 8 Semena
2026-03-17 23:41:33 [kaufland_products] INFO: Scraped: CHI Tea Tree Oil Shampoo čisticí šampon pro rychle | EAN=0633911762738 633911762738 | kcal=0.0
2026-03-17 23:41:33 [kaufland_products] WARNING: No nutrition data for: CHI Tea Tree Oil Shampoo čisticí šampon pro rychle se mastící vlasy 739 ml
2026-03-17 23:41:36 [kaufland_products] INFO: Scraped: CHI Argan Oil Shampoo šampon pro regeneraci, výživ | EAN=0633911749265 633911749265 | kcal=0.0
2026-03-17 23:41:36 [kaufland_products] WARNING: No nutrition data for: CHI Argan Oil Shampoo šampon pro regeneraci, výživu a ochranu vlasů 340 ml
2026-03-17 23:41:37 [scrapy.extensions.logstats] INFO: Crawled 1519 pages (at 20 pages/min), scraped 1384 items (at 16 items/min)
2026-03-17 23:41:39 [kaufland_products] INFO: Scraped: Travelite Látkový cestovní kufr Chios Black EXP M  | EAN=4027002083882 | kcal=0.0
2026-03-17 23:41:39 [kaufland_products] WARNING: No nutrition data for: Travelite Látkový cestovní kufr Chios Black EXP M 60/66 l
2026-03-17 23:41:40 [kaufland_products] INFO: Scraped: CHI Keratin Silk Infusion vlasová kúra pro regener | EAN=0633911728895 633911728895 | kcal=0.0
2026-03-17 23:41:40 [kaufland_products] WARNING: No nutrition data for: CHI Keratin Silk Infusion vlasová kúra pro regeneraci, výživu a ochranu vlasů 177 ml
2026-03-17 23:41:44 [kaufland_products] INFO: Scraped: CHI Ionic Color Illuminate Conditioner tónovací ko | EAN=0633911774007 633911774007 | kcal=0.0
2026-03-17 23:41:44 [kaufland_products] WARNING: No nutrition data for: CHI Ionic Color Illuminate Conditioner tónovací kondicionér pro oživení barvy Platinum Blonde 251 ml
2026-03-17 23:41:46 [kaufland_products] INFO: Scraped: CHI Infra Shampoo posilující šampon pro regeneraci | EAN=0633911674864 633911674864 | kcal=0.0
2026-03-17 23:41:46 [kaufland_products] WARNING: No nutrition data for: CHI Infra Shampoo posilující šampon pro regeneraci, výživu a ochranu vlasů 177 ml
2026-03-17 23:41:49 [kaufland_products] INFO: Scraped: CHI Argan Oil Conditioner kondicionér pro regenera | EAN=0633911749302 633911749302 | kcal=0.0
2026-03-17 23:41:49 [kaufland_products] WARNING: No nutrition data for: CHI Argan Oil Conditioner kondicionér pro regeneraci, výživu a ochranu vlasů 340 ml
2026-03-17 23:41:52 [kaufland_products] INFO: Scraped: Lorenz Saltletts Mini Bagel s jemnými semínky a by | EAN=4018077888038 | kcal=437.0
2026-03-17 23:41:55 [kaufland_products] INFO: Scraped: CHI Luxury kondicionr Black Seed Oil pro eny 355 - | EAN=0633911788424 633911788424 | kcal=0.0
2026-03-17 23:41:55 [kaufland_products] WARNING: No nutrition data for: CHI Luxury kondicionr Black Seed Oil pro eny 355 - Farouk Systems
2026-03-17 23:42:00 [kaufland_products] INFO: Scraped: Prestige Premium Exoten - 800 g | EAN=5410340215128 | kcal=0.0
2026-03-17 23:42:03 [kaufland_products] INFO: Scraped: CHI Keratin Mist vlasová mlha s keratinem 355 ml | EAN=0633911616314 633911616314 | kcal=0.0
2026-03-17 23:42:03 [kaufland_products] WARNING: No nutrition data for: CHI Keratin Mist vlasová mlha s keratinem 355 ml
2026-03-17 23:42:06 [kaufland_products] INFO: Scraped: Klarstein profesionální výrobník ledových kostek,  | EAN=4060656511639 | kcal=0.0
2026-03-17 23:42:06 [kaufland_products] WARNING: No nutrition data for: Klarstein profesionální výrobník ledových kostek, samočistící, 3,2l, 12 kg/24 h
2026-03-17 23:42:08 [kaufland_products] INFO: Scraped: CHI Luxury Black Seed Oil Black Seed Dry Oil uhlaz | EAN=0633911788189 633911788189 | kcal=0.0
2026-03-17 23:42:08 [kaufland_products] WARNING: No nutrition data for: CHI Luxury Black Seed Oil Black Seed Dry Oil uhlazující olej pro všechny typy vlasů 89 ml
2026-03-17 23:42:10 [kaufland_products] INFO: Scraped: Travelite Kabinový cestovní kufr Chios S Black 34  | EAN=4027002083851 | kcal=0.0
2026-03-17 23:42:10 [kaufland_products] WARNING: No nutrition data for: Travelite Kabinový cestovní kufr Chios S Black 34 l
2026-03-17 23:42:15 [kaufland_products] INFO: Scraped: CHI Silk Infusion vlasová kúra pro hebkost a lesk  | EAN=0633911630891 633911630891 | kcal=0.0
2026-03-17 23:42:15 [kaufland_products] WARNING: No nutrition data for: CHI Silk Infusion vlasová kúra pro hebkost a lesk vlasů 177 ml
2026-03-17 23:42:18 [kaufland_products] INFO: Scraped: Žehlička na vlasy 29cm Kulma a narovnávací žehličk | EAN=5904806167002 | kcal=0.0
2026-03-17 23:42:18 [kaufland_products] WARNING: No nutrition data for: Žehlička na vlasy 29cm Kulma a narovnávací žehlička na vlasy 2 v 1 Žehlička na vlasy s nastavitelnou teplotou Keramická žehlička na vlasy Červená Retoo
2026-03-17 23:42:20 [kaufland_products] INFO: Scraped: Bormioli Rocco Swing Bottle / Weck Bottle Giara Da | EAN=8004360067934 | kcal=0.0
2026-03-17 23:42:20 [kaufland_products] WARNING: No nutrition data for: Bormioli Rocco Swing Bottle / Weck Bottle Giara Dark Blue 1 litr
2026-03-17 23:42:23 [kaufland_products] INFO: Scraped: Chi Chi Love štěňata s kabelovým ovládáním 2 souro | EAN=4006592026110 | kcal=0.0
2026-03-17 23:42:23 [kaufland_products] WARNING: No nutrition data for: Chi Chi Love štěňata s kabelovým ovládáním 2 sourozenci.
2026-03-17 23:42:26 [kaufland_products] INFO: Scraped: Travelite Textilní cestovní kufr Travelite Chios B | EAN=4027002083912 | kcal=0.0
2026-03-17 23:42:26 [kaufland_products] WARNING: No nutrition data for: Travelite Textilní cestovní kufr Travelite Chios Black EXP L 90/97 l
2026-03-17 23:42:28 [kaufland_products] INFO: Scraped: CHI Silk Infusion vlasová kúra pro hebkost a lesk  | EAN=0633911616338 633911616338 | kcal=0.0
2026-03-17 23:42:28 [kaufland_products] WARNING: No nutrition data for: CHI Silk Infusion vlasová kúra pro hebkost a lesk vlasů 59 ml
2026-03-17 23:42:31 [kaufland_products] INFO: Scraped: CHI Naturals with Olive Oil Hair & Body Shampoo ša | EAN=0633911789032 633911789032 | kcal=0.0
2026-03-17 23:42:31 [kaufland_products] WARNING: No nutrition data for: CHI Naturals with Olive Oil Hair & Body Shampoo šampon na vlasy i tělo 340 ml
2026-03-17 23:42:35 [kaufland_products] INFO: Scraped: Tangram - Dřevěné Puzzle 117270 | EAN=6901440117270 | kcal=0.0
2026-03-17 23:42:35 [kaufland_products] WARNING: No nutrition data for: Tangram - Dřevěné Puzzle 117270
2026-03-17 23:42:37 [scrapy.extensions.logstats] INFO: Crawled 1539 pages (at 20 pages/min), scraped 1404 items (at 20 items/min)
2026-03-17 23:42:38 [kaufland_products] INFO: Scraped: Travelite Textilní cestovní kufr Chios Petrol EXP  | EAN=4027002083905 | kcal=0.0
2026-03-17 23:42:38 [kaufland_products] WARNING: No nutrition data for: Travelite Textilní cestovní kufr Chios Petrol EXP M 60/66 l
2026-03-17 23:42:41 [kaufland_products] INFO: Scraped: Svalový stimulátor Circulation Maxx Reflexology | EAN=8720612800882 | kcal=0.0
2026-03-17 23:42:41 [kaufland_products] WARNING: No nutrition data for: Svalový stimulátor Circulation Maxx Reflexology
2026-03-17 23:42:44 [kaufland_products] INFO: Scraped: Travelite Textilní cestovní kufr Chios Petrol EXP  | EAN=4027002083936 | kcal=0.0
2026-03-17 23:42:44 [kaufland_products] WARNING: No nutrition data for: Travelite Textilní cestovní kufr Chios Petrol EXP L 90/97 l
2026-03-17 23:42:46 [kaufland_products] INFO: Scraped: Žehlička na vlasy Curl and Straighten Hair Straigh | EAN=5904806165855 | kcal=0.0
2026-03-17 23:42:46 [kaufland_products] WARNING: No nutrition data for: Žehlička na vlasy Curl and Straighten Hair Straightener Curls 2 in 1 Straightener Nastavitelná teplota Keramická žehlička na vlasy Curling Iron Black Retoo
2026-03-17 23:42:50 [kaufland_products] INFO: Scraped: Chivers - Olde English Marmalade Orange Jam - 340g | EAN=5098732004835 | kcal=270.0
2026-03-17 23:42:53 [kaufland_products] INFO: Scraped: Krakersy pszenne z sezamem, siemieniem lnianym i s | EAN=5900320011036 | kcal=467.0
2026-03-17 23:42:57 [kaufland_products] INFO: Scraped: Pipapo AMO Pražená slunečnicová semínka, neutrální | EAN=4260764613250 | kcal=490.0
2026-03-17 23:43:00 [kaufland_products] INFO: Scraped: Pipapo AMO Pražená slunečnicová semínka se solí, m | EAN=4260764613267 | kcal=490.0
2026-03-17 23:43:03 [kaufland_products] INFO: Scraped: Konopné semínko 10 kg pro ptáky, hlodavce a koně | EAN=4058569158614 | kcal=0.0
2026-03-17 23:43:05 [kaufland_products] INFO: Scraped: Semínka lučních květin pro hmyz a zvířata BioBalu  | EAN=4260609970104 | kcal=0.0
2026-03-17 23:43:05 [kaufland_products] WARNING: No nutrition data for: Semínka lučních květin pro hmyz a zvířata BioBalu Saatgutmischung Bienenweide, 50 g
2026-03-17 23:43:08 [kaufland_products] INFO: Scraped: 5 kg slunečnicových semínek loupaných | Ideální pr | EAN=5907009170107 | kcal=0.0
2026-03-17 23:43:08 [kaufland_products] WARNING: No nutrition data for: 5 kg slunečnicových semínek loupaných | Ideální pro mladé ptáky | Celoroční krmivo pro volně žijící ptáky | 5 kg slunečnicových semínek loupaných - krmivo pro volně žijící ptáky
2026-03-17 23:43:11 [kaufland_products] INFO: Scraped: Slunečnicová semínka černá 1kg | Černá slunečnicov | EAN=5907009170244 | kcal=0.0
2026-03-17 23:43:11 [kaufland_products] WARNING: No nutrition data for: Slunečnicová semínka černá 1kg | Černá slunečnicová semínka pro ptáky - prvotřídní kvalita, výživná a chutná pro vaše opeřené přátele | 1kg slunečnicových semínek černých pro volně žijící ptáky
2026-03-17 23:43:13 [kaufland_products] INFO: Scraped: MERAY Dakota Slunečnicová semínka pražená a nesole | EAN=4251032612723 | kcal=647.0
2026-03-17 23:43:16 [kaufland_products] INFO: Scraped: 30 kg slunečnicových semínek loupaných | Ideální p | EAN=5907009170091 | kcal=0.0
2026-03-17 23:43:16 [kaufland_products] WARNING: No nutrition data for: 30 kg slunečnicových semínek loupaných | Ideální pro mladé ptáky | Celoroční krmivo pro volně žijící ptáky | 30 kg slunečnicových semínek loupaných - krmivo pro volně žijící ptáky
2026-03-17 23:43:22 [kaufland_products] INFO: Scraped: Mletý modrý mák 200g | EAN=5905514508958 | kcal=520.0
2026-03-17 23:43:25 [kaufland_products] INFO: Scraped: MERAY Dakota Slunečnicová semínka pražená a nesole | EAN=4251032615045 | kcal=435.0
2026-03-17 23:43:27 [kaufland_products] INFO: Scraped: Pipapo AMO sladké pražené slunečnicové semínky Swe | EAN=4260764613281 | kcal=490.0
2026-03-17 23:43:30 [kaufland_products] INFO: Scraped: Mungo - semínka na klíčení 50 g BIOMISKA | EAN=5907595504539 | kcal=0.0
2026-03-17 23:43:30 [kaufland_products] WARNING: No nutrition data for: Mungo - semínka na klíčení 50 g BIOMISKA
2026-03-17 23:43:33 [kaufland_products] INFO: Scraped: ORION Mlýnek Na Sezam A Lněné Semínko 130233 | EAN=8592381189976 | kcal=0.0
2026-03-17 23:43:33 [kaufland_products] WARNING: No nutrition data for: ORION Mlýnek Na Sezam A Lněné Semínko 130233
2026-03-17 23:43:36 [kaufland_products] INFO: Scraped: PharmaQ MastihaTherapy Přírodní ochrana žaludku 90 | EAN=5202772562723 | kcal=0.0
2026-03-17 23:43:36 [kaufland_products] WARNING: No nutrition data for: PharmaQ MastihaTherapy Přírodní ochrana žaludku 90 tablet
2026-03-17 23:43:37 [scrapy.extensions.logstats] INFO: Crawled 1559 pages (at 20 pages/min), scraped 1424 items (at 20 items/min)
2026-03-17 23:43:38 [kaufland_products] INFO: Scraped: Chio Ready Made Popcorn Toffee Karamell glutenfrei | EAN=4001242003633 | kcal=432.0
2026-03-17 23:43:41 [kaufland_products] INFO: Scraped: Chio Red Paprika Chips bezlepkové vegetariánské ve | EAN=4001242108536 | kcal=160.0
2026-03-17 23:43:45 [kaufland_products] INFO: Scraped: funny frisch Kessel Chips Sweet Chilli und Red Pep | EAN=4003586002914 | kcal=151.0
2026-03-17 23:43:47 [kaufland_products] INFO: Scraped: Mletý modrý mák 500g | EAN=5905514508965 | kcal=520.0
2026-03-17 23:43:50 [kaufland_products] INFO: Scraped: Chio popcorn do mikrovlnné trouby sladký bezlepkov | EAN=4001242005194 | kcal=372.0
2026-03-17 23:43:55 [kaufland_products] INFO: Scraped: Hořčičná semínka Sano Gold 500 g | EAN=4022431015008 04022431015008 | kcal=0.0
2026-03-17 23:43:55 [kaufland_products] WARNING: No nutrition data for: Hořčičná semínka Sano Gold 500 g
2026-03-17 23:43:56 [kaufland_products] INFO: Scraped: Hořčičné semínko bílé 500g Brat.pl | EAN=5905514501003 | kcal=469.0
2026-03-17 23:43:59 [kaufland_products] INFO: Scraped: TRS Kalonji Černý kmín 100g | Cibulová semínka | S | EAN=5017689010225 | kcal=0.0
2026-03-17 23:43:59 [kaufland_products] WARNING: No nutrition data for: TRS Kalonji Černý kmín 100g | Cibulová semínka | Semínka Nigella | Semínka černé cibule
2026-03-17 23:44:03 [kaufland_products] INFO: Scraped: Sezamová semínka vkvalitě, pražená | EAN=4013200255299 | kcal=620.0
2026-03-17 23:44:05 [kaufland_products] INFO: Scraped: Fuchs Professional hořčičná semínka velmi jemně pi | EAN=4027900615420 | kcal=0.0
2026-03-17 23:44:08 [kaufland_products] INFO: Scraped: Semeno bodláku 1kg Brat.pl | EAN=5906721131335 | kcal=0.0
2026-03-17 23:44:12 [kaufland_products] INFO: Scraped: Celozrnná pufovaná quinoa 100g | EAN=4006040131427 | kcal=378.0
2026-03-17 23:44:15 [kaufland_products] INFO: Scraped: Bílý mák 1kg Brat.pl | EAN=5906721137948 | kcal=495.0
2026-03-17 23:44:18 [kaufland_products] INFO: Scraped: RUF Ovesná kaše Chia Mandel 65g | EAN=4002809018541 | kcal=418.0
2026-03-17 23:44:20 [kaufland_products] INFO: Scraped: Žito ozimé BIO 500 g PROBIO | EAN=8595582419811 | kcal=348.0
2026-03-17 23:44:24 [kaufland_products] INFO: Scraped: Hnědé proso mleté 500g | EAN=4024691111414 | kcal=360.0
2026-03-17 23:44:27 [kaufland_products] INFO: Scraped: Černý sezam 125g | EAN=4020943131858 | kcal=616.0
2026-03-17 23:44:29 [kaufland_products] INFO: Scraped: Sezam 1kg Brat.pl | EAN=5906721130239 | kcal=673.0
2026-03-17 23:44:32 [kaufland_products] INFO: Scraped: Pražená solená dýňová semínka 500g Brat.pl | EAN=5905514500969 | kcal=574.0
2026-03-17 23:44:36 [kaufland_products] INFO: Scraped: Modrý mák Premium - 1000g | EAN=5903900970679 | kcal=524.0
2026-03-17 23:44:37 [scrapy.extensions.logstats] INFO: Crawled 1579 pages (at 20 pages/min), scraped 1444 items (at 20 items/min)
2026-03-17 23:44:38 [kaufland_products] INFO: Scraped: Lněná mouka 1kg Brat.pl | EAN=5905514506800 | kcal=313.0
2026-03-17 23:44:41 [kaufland_products] INFO: Scraped: Černý sezam 200g | EAN=4019339419052 | kcal=601.0
2026-03-17 23:44:44 [kaufland_products] INFO: Scraped: Dýňová semínka ve skořápce 500g Brat.pl | EAN=5905514507418 | kcal=589.0
2026-03-17 23:44:49 [kaufland_products] INFO: Scraped: TEFF-FLOCKEN 300 g -PLANET | EAN=5903900365307 | kcal=365.0
2026-03-17 23:44:51 [kaufland_products] INFO: Scraped: GymBeam - Černá quinoa 500 g | EAN=8586022218880 | kcal=351.0
2026-03-17 23:44:54 [kaufland_products] INFO: Scraped: Rapunzel 454321, Pepř | EAN=4006040024217 | kcal=390.0
2026-03-17 23:44:56 [kaufland_products] INFO: Scraped: Kölln müsli s čokoládou a sušenkami, výhodné balen | EAN=4000540013214 | kcal=0.0
2026-03-17 23:44:56 [kaufland_products] WARNING: No nutrition data for: Kölln müsli s čokoládou a sušenkami, výhodné balení 1050 g
2026-03-17 23:45:01 [kaufland_products] INFO: Scraped: POLSKÁ dýňová semínka 1kg Brat.pl | EAN=5905514507012 | kcal=617.0
2026-03-17 23:45:03 [kaufland_products] INFO: Scraped: Černý kmín 1kg Brat.pl | EAN=5906721131120 | kcal=590.0
2026-03-17 23:45:06 [kaufland_products] INFO: Scraped: Lněné semínko mleté s kešu a dýní 150 g SEMIX | EAN=8594019383053 | kcal=499.0
2026-03-17 23:45:09 [kaufland_products] INFO: Scraped: Lněné semínko Přírodní lněné zrno Lněné semínko ce | EAN=4059419172552 | kcal=0.0
2026-03-17 23:45:09 [kaufland_products] WARNING: No nutrition data for: Lněné semínko Přírodní lněné zrno Lněné semínko celé zrno Tepelný polštář Polštář 15 kg Krmná přísada Koně Ptáci Drůbež Výběr DML
2026-03-17 23:45:11 [kaufland_products] INFO: Scraped: Linusit - lněné semínko GOLD 500g | EAN=4015184800816 04015184800816 | kcal=0.0
2026-03-17 23:45:11 [kaufland_products] WARNING: No nutrition data for: Linusit - lněné semínko GOLD 500g
2026-03-17 23:45:14 [kaufland_products] INFO: Scraped: Lněné semínko mleté natural 100 g SEMIX | EAN=8594019380298 | kcal=508.0
2026-03-17 23:45:17 [kaufland_products] INFO: Scraped: Lněné semínko Aunt Jackie's Don't Shrink Curling G | EAN=34285692155 0034285692155 034285692155 | kcal=0.0
2026-03-17 23:45:17 [kaufland_products] WARNING: No nutrition data for: Lněné semínko Aunt Jackie's Don't Shrink Curling Gel 15oz.
2026-03-17 23:45:20 [kaufland_products] INFO: Scraped: Mleté lněné semínko 1kg Brat.pl | EAN=5906721136903 | kcal=530.0
2026-03-17 23:45:25 [kaufland_products] INFO: Scraped: Lněné semínko 1kg (2x500g) | EAN=5905514504622 | kcal=499.0
2026-03-17 23:45:28 [kaufland_products] INFO: Scraped: Lněné semínko 200g Brat.pl | EAN=5906721137924 | kcal=499.0
2026-03-17 23:45:30 [kaufland_products] INFO: Scraped: Lněné semínko Přírodní lněné zrno Lněné semínko ce | EAN=4059419172576 | kcal=0.0
2026-03-17 23:45:30 [kaufland_products] WARNING: No nutrition data for: Lněné semínko Přírodní lněné zrno Lněné semínko celé zrno Tepelný polštář Polštář 25 kg Krmná přísada Koně Ptáci Drůbež Výběr DML
2026-03-17 23:45:33 [kaufland_products] INFO: Scraped: Sada lněného semínka 2 x 1 kg | EAN=5905514507661 | kcal=499.0
2026-03-17 23:45:35 [kaufland_products] INFO: Scraped: Organické lněné semínko Rila zlomené | EAN=4013200256708 | kcal=498.0
2026-03-17 23:45:37 [scrapy.extensions.logstats] INFO: Crawled 1599 pages (at 20 pages/min), scraped 1464 items (at 20 items/min)
2026-03-17 23:45:38 [kaufland_products] INFO: Scraped: Quinoa 500g | EAN=4005561280195 | kcal=365.0
2026-03-17 23:45:41 [scrapy.crawler] INFO: Received SIGTERM, shutting down gracefully. Send again to force 
2026-03-17 23:45:41 [scrapy.core.engine] INFO: Closing spider (shutdown)
2026-03-17 23:45:41 [kaufland_products] INFO: Scraped: Dýňová semínka ve skořápce 1kg Brat.pl | EAN=5906721137108 | kcal=589.0
2026-03-17 23:45:44 [scrapy.crawler] INFO: Received SIGTERM twice, forcing unclean shutdown
