2026-03-17 19:51:34 [scrapy.utils.log] INFO: Scrapy 2.14.2 started (bot: kaufland)
2026-03-17 19:51:34 [scrapy.utils.log] INFO: Versions:
{'lxml': '6.0.0',
 'libxml2': '2.14.4',
 'cssselect': '1.4.0',
 'parsel': '1.11.0',
 'w3lib': '2.4.0',
 'Twisted': '25.5.0',
 'Python': '3.12.3 (main, Jan  8 2026, 11:30:50) [GCC 13.3.0]',
 'pyOpenSSL': '26.0.0 (OpenSSL 3.5.5 27 Jan 2026)',
 'cryptography': '46.0.5',
 'Platform': 'Linux-6.14.0-37-generic-x86_64-with-glibc2.39'}
2026-03-17 19:51:34 [scrapy.addons] INFO: Enabled addons:
[]
2026-03-17 19:51:34 [scrapy.extensions.telnet] INFO: Telnet Password: ea64f3a39dd292bf
2026-03-17 19:51:34 [scrapy.middleware] INFO: Enabled extensions:
['scrapy.extensions.corestats.CoreStats',
 'scrapy.extensions.logcount.LogCount',
 'scrapy.extensions.telnet.TelnetConsole',
 'scrapy.extensions.memusage.MemoryUsage',
 'scrapy.extensions.feedexport.FeedExporter',
 'scrapy.extensions.logstats.LogStats',
 'scrapy.extensions.throttle.AutoThrottle']
2026-03-17 19:51:34 [scrapy.crawler] INFO: Overridden settings:
{'AUTOTHROTTLE_ENABLED': True,
 'AUTOTHROTTLE_MAX_DELAY': 30,
 'AUTOTHROTTLE_START_DELAY': 2,
 'AUTOTHROTTLE_TARGET_CONCURRENCY': 2.0,
 'BOT_NAME': 'kaufland',
 'CONCURRENT_REQUESTS': 3,
 'CONCURRENT_REQUESTS_PER_DOMAIN': 3,
 'DOWNLOAD_DELAY': 2,
 'DOWNLOAD_TIMEOUT': 25,
 'LOG_LEVEL': 'INFO',
 'NEWSPIDER_MODULE': 'kaufland.spiders',
 'RETRY_HTTP_CODES': [500, 502, 503, 504, 408, 429],
 'RETRY_TIMES': 3,
 'SPIDER_MODULES': ['kaufland.spiders'],
 'USER_AGENT': 'Mozilla/5.0 (X11; Linux x86_64) AppleWebKit/537.36 (KHTML, '
               'like Gecko) Chrome/131.0.0.0 Safari/537.36'}
2026-03-17 19:51:34 [scrapy.middleware] INFO: Enabled downloader middlewares:
['scrapy.downloadermiddlewares.offsite.OffsiteMiddleware',
 'scrapy.downloadermiddlewares.httpauth.HttpAuthMiddleware',
 'scrapy.downloadermiddlewares.downloadtimeout.DownloadTimeoutMiddleware',
 'scrapy.downloadermiddlewares.defaultheaders.DefaultHeadersMiddleware',
 'scrapy.downloadermiddlewares.useragent.UserAgentMiddleware',
 'scrapy.downloadermiddlewares.retry.RetryMiddleware',
 'scrapy.downloadermiddlewares.redirect.MetaRefreshMiddleware',
 'scrapy.downloadermiddlewares.httpcompression.HttpCompressionMiddleware',
 'scrapy.downloadermiddlewares.redirect.RedirectMiddleware',
 'scrapy.downloadermiddlewares.cookies.CookiesMiddleware',
 'scrapy.downloadermiddlewares.httpproxy.HttpProxyMiddleware',
 'scrapy.downloadermiddlewares.stats.DownloaderStats']
2026-03-17 19:51:34 [scrapy.middleware] INFO: Enabled spider middlewares:
['scrapy.spidermiddlewares.start.StartSpiderMiddleware',
 'scrapy.spidermiddlewares.httperror.HttpErrorMiddleware',
 'scrapy.spidermiddlewares.referer.RefererMiddleware',
 'scrapy.spidermiddlewares.urllength.UrlLengthMiddleware',
 'scrapy.spidermiddlewares.depth.DepthMiddleware']
2026-03-17 19:51:34 [scrapy.middleware] INFO: Enabled item pipelines:
['kaufland.pipelines.CleanNutritionPipeline',
 'kaufland.pipelines.DropIncompleteItemsPipeline']
2026-03-17 19:51:34 [py.warnings] WARNING: /home/krokviak/.local/lib/python3.12/site-packages/scrapy/pipelines/__init__.py:47: ScrapyDeprecationWarning: CleanNutritionPipeline.process_item() requires a spider argument, this is deprecated and the argument will not be passed in future Scrapy versions. If you need to access the spider instance you can save the crawler instance passed to from_crawler() and use its spider attribute.
  self._check_mw_method_spider_arg(pipe.process_item)

2026-03-17 19:51:34 [py.warnings] WARNING: /home/krokviak/.local/lib/python3.12/site-packages/scrapy/pipelines/__init__.py:47: ScrapyDeprecationWarning: DropIncompleteItemsPipeline.process_item() requires a spider argument, this is deprecated and the argument will not be passed in future Scrapy versions. If you need to access the spider instance you can save the crawler instance passed to from_crawler() and use its spider attribute.
  self._check_mw_method_spider_arg(pipe.process_item)

2026-03-17 19:51:34 [scrapy.core.engine] INFO: Spider opened
2026-03-17 19:51:34 [py.warnings] WARNING: /home/krokviak/.local/lib/python3.12/site-packages/scrapy/core/spidermw.py:490: ScrapyDeprecationWarning: kaufland.spiders.kaufland_products.KauflandProductsSpider defines the deprecated start_requests() method. start_requests() has been deprecated in favor of a new method, start(), to support asynchronous code execution. start_requests() will stop being called in a future version of Scrapy. If you use Scrapy 2.13 or higher only, replace start_requests() with start(); note that start() is a coroutine (async def). If you need to maintain compatibility with lower Scrapy versions, when overriding start_requests() in a spider class, override start() as well; you can use super() to reuse the inherited start() implementation without copy-pasting. See the release notes of Scrapy 2.13 for details: https://docs.scrapy.org/en/2.13/news.html
  warn(

2026-03-17 19:51:34 [scrapy.extensions.logstats] INFO: Crawled 0 pages (at 0 pages/min), scraped 0 items (at 0 items/min)
2026-03-17 19:51:34 [scrapy.extensions.telnet] INFO: Telnet console listening on 127.0.0.1:6023
2026-03-17 19:51:34 [scrapy-playwright] INFO: Starting download handler
2026-03-17 19:51:34 [scrapy-playwright] INFO: Starting download handler
2026-03-17 19:51:34 [scrapy-playwright] INFO: Launching 1 startup context(s)
2026-03-17 19:51:34 [scrapy-playwright] INFO: Launching browser chromium
2026-03-17 19:51:34 [scrapy-playwright] INFO: Launching 1 startup context(s)
2026-03-17 19:51:34 [scrapy-playwright] INFO: Launching browser chromium
2026-03-17 19:51:34 [scrapy-playwright] INFO: Browser chromium launched
2026-03-17 19:51:34 [scrapy-playwright] INFO: Browser chromium launched
2026-03-17 19:51:34 [scrapy-playwright] INFO: Startup context(s) launched
2026-03-17 19:51:34 [scrapy-playwright] INFO: Startup context(s) launched
2026-03-17 19:51:34 [kaufland_products] INFO: Starting search: jogurt
2026-03-17 19:51:34 [kaufland_products] INFO: Starting search: mléko
2026-03-17 19:51:34 [kaufland_products] INFO: Starting search: sýr
2026-03-17 19:51:34 [kaufland_products] INFO: Starting search: chléb
2026-03-17 19:51:34 [kaufland_products] INFO: Starting search: máslo
2026-03-17 19:51:34 [kaufland_products] INFO: Starting search: šunka
2026-03-17 19:51:34 [kaufland_products] INFO: Starting search: kuřecí
2026-03-17 19:51:34 [kaufland_products] INFO: Starting search: rýže
2026-03-17 19:51:34 [kaufland_products] INFO: Starting search: těstoviny
2026-03-17 19:51:34 [kaufland_products] INFO: Starting search: müsli
2026-03-17 19:51:34 [kaufland_products] INFO: Starting search: ovesné vločky
2026-03-17 19:51:34 [kaufland_products] INFO: Starting search: proteinový
2026-03-17 19:51:34 [kaufland_products] INFO: Starting search: tvaroh
2026-03-17 19:51:34 [kaufland_products] INFO: Starting search: vejce
2026-03-17 19:51:34 [kaufland_products] INFO: Starting search: olej
2026-03-17 19:51:34 [kaufland_products] INFO: Starting search: mouka
2026-03-17 19:51:34 [kaufland_products] INFO: Starting search: čokoláda
2026-03-17 19:51:34 [kaufland_products] INFO: Starting search: med
2026-03-17 19:51:34 [kaufland_products] INFO: Starting search: džem
2026-03-17 19:51:34 [kaufland_products] INFO: Starting search: cereálie
2026-03-17 19:51:34 [kaufland_products] INFO: Starting search: salám
2026-03-17 19:51:34 [kaufland_products] INFO: Starting search: kečup
2026-03-17 19:51:34 [kaufland_products] INFO: Starting search: majonéza
2026-03-17 19:51:34 [kaufland_products] INFO: Starting search: hořčice
2026-03-17 19:51:34 [kaufland_products] INFO: Starting search: cukr
2026-03-17 19:51:34 [kaufland_products] INFO: Starting search: sůl
2026-03-17 19:51:34 [kaufland_products] INFO: Starting search: koření
2026-03-17 19:51:34 [kaufland_products] INFO: Starting search: čaj
2026-03-17 19:51:34 [kaufland_products] INFO: Starting search: káva
2026-03-17 19:51:34 [kaufland_products] INFO: Starting search: pivo
2026-03-17 19:51:34 [kaufland_products] INFO: Starting search: víno
2026-03-17 19:51:34 [kaufland_products] INFO: Starting search: džus
2026-03-17 19:51:34 [kaufland_products] INFO: Starting search: voda
2026-03-17 19:51:34 [kaufland_products] INFO: Starting search: chipsy
2026-03-17 19:51:34 [kaufland_products] INFO: Starting search: sušenky
2026-03-17 19:51:34 [kaufland_products] INFO: Starting search: zmrzlina
2026-03-17 19:51:34 [kaufland_products] INFO: Starting search: pizza
2026-03-17 19:51:34 [kaufland_products] INFO: Starting search: konzerva tuňák
2026-03-17 19:51:34 [kaufland_products] INFO: Starting search: fazole
2026-03-17 19:51:34 [kaufland_products] INFO: Starting search: hrášek
2026-03-17 19:51:36 [kaufland_products] INFO: [jogurt] page 1: found 25 product links
2026-03-17 19:51:38 [kaufland_products] INFO: [mléko] page 1: found 27 product links
2026-03-17 19:51:40 [kaufland_products] INFO: [sýr] page 1: found 27 product links
2026-03-17 19:51:42 [kaufland_products] INFO: [chléb] page 1: found 27 product links
2026-03-17 19:51:45 [kaufland_products] INFO: [jogurt] page 2: found 9 product links
2026-03-17 19:51:48 [kaufland_products] INFO: [mléko] page 2: found 30 product links
2026-03-17 19:51:50 [kaufland_products] INFO: [sýr] page 2: found 19 product links
2026-03-17 19:51:53 [kaufland_products] INFO: [chléb] page 2: found 24 product links
2026-03-17 19:51:55 [kaufland_products] INFO: [jogurt] page 3: found 1 product links
2026-03-17 19:51:58 [kaufland_products] INFO: [mléko] page 3: found 29 product links
2026-03-17 19:51:59 [kaufland_products] INFO: [sýr] page 3: found 10 product links
2026-03-17 19:52:02 [kaufland_products] INFO: [chléb] page 3: found 32 product links
2026-03-17 19:52:07 [kaufland_products] INFO: [mléko] page 4: found 15 product links
2026-03-17 19:52:08 [kaufland_products] INFO: [sýr] page 4: found 9 product links
2026-03-17 19:52:11 [kaufland_products] INFO: [chléb] page 4: found 15 product links
2026-03-17 19:52:13 [kaufland_products] INFO: [mléko] page 5: found 35 product links
2026-03-17 19:52:15 [kaufland_products] INFO: [sýr] page 5: found 4 product links
2026-03-17 19:52:18 [kaufland_products] INFO: [chléb] page 5: found 23 product links
2026-03-17 19:52:19 [scrapy-playwright] WARNING: Closing page due to failed request: <GET https://www.kaufland.cz/s/?search_value=jogurt&page=4> exc_type=<class 'playwright._impl._errors.TimeoutError'> exc_msg=Page.wait_for_selector: Timeout 15000ms exceeded.
Call log:
  - waiting for locator("a[href*='/product/']") to be visible
Traceback (most recent call last):
  File "/home/krokviak/.local/lib/python3.12/site-packages/scrapy_playwright/handler.py", line 480, in _download_request_with_retry
    return await self._download_request_with_page(request, page, spider)
           ^^^^^^^^^^^^^^^^^^^^^^^^^^^^^^^^^^^^^^^^^^^^^^^^^^^^^^^^^^^^^
  File "/home/krokviak/.local/lib/python3.12/site-packages/scrapy_playwright/handler.py", line 528, in _download_request_with_page
    await self._apply_page_methods(page, request, spider)
  File "/home/krokviak/.local/lib/python3.12/site-packages/scrapy_playwright/handler.py", line 678, in _apply_page_methods
    pm.result = await _maybe_await(method(*pm.args, **pm.kwargs))
                ^^^^^^^^^^^^^^^^^^^^^^^^^^^^^^^^^^^^^^^^^^^^^^^^^
  File "/home/krokviak/.local/lib/python3.12/site-packages/scrapy_playwright/_utils.py", line 23, in _maybe_await
    return await obj
           ^^^^^^^^^
  File "/home/krokviak/.local/lib/python3.12/site-packages/playwright/async_api/_generated.py", line 8234, in wait_for_selector
    await self._impl_obj.wait_for_selector(
  File "/home/krokviak/.local/lib/python3.12/site-packages/playwright/_impl/_page.py", line 419, in wait_for_selector
    return await self._main_frame.wait_for_selector(**locals_to_params(locals()))
           ^^^^^^^^^^^^^^^^^^^^^^^^^^^^^^^^^^^^^^^^^^^^^^^^^^^^^^^^^^^^^^^^^^^^^^
  File "/home/krokviak/.local/lib/python3.12/site-packages/playwright/_impl/_frame.py", line 369, in wait_for_selector
    await self._channel.send(
  File "/home/krokviak/.local/lib/python3.12/site-packages/playwright/_impl/_connection.py", line 69, in send
    return await self._connection.wrap_api_call(
           ^^^^^^^^^^^^^^^^^^^^^^^^^^^^^^^^^^^^^
  File "/home/krokviak/.local/lib/python3.12/site-packages/playwright/_impl/_connection.py", line 559, in wrap_api_call
    raise rewrite_error(error, f"{parsed_st['apiName']}: {error}") from None
playwright._impl._errors.TimeoutError: Page.wait_for_selector: Timeout 15000ms exceeded.
Call log:
  - waiting for locator("a[href*='/product/']") to be visible

2026-03-17 19:52:19 [kaufland_products] WARNING: Request failed: https://www.kaufland.cz/s/?search_value=jogurt&page=4: Page.wait_for_selector: Timeout 15000ms exceeded.
Call log:
  - waiting for locator("a[href*='/product/']") to be visible

2026-03-17 19:52:19 [kaufland_products] INFO: Scraped: Arendo Wand napěňovač mléka se speciální spirálou  | EAN=4061474008974 | kcal=0.0
2026-03-17 19:52:19 [kaufland_products] WARNING: No nutrition data for: Arendo Wand napěňovač mléka se speciální spirálou Elektrický ruční napěňovač mléka
2026-03-17 19:52:22 [kaufland_products] INFO: Scraped: Rosti Cheese Box Classic Black, kráječ na sýr, pla | EAN=5722000340065 | kcal=0.0
2026-03-17 19:52:22 [kaufland_products] WARNING: No nutrition data for: Rosti Cheese Box Classic Black, kráječ na sýr, plast, černý, 34006
2026-03-17 19:52:25 [kaufland_products] INFO: Scraped: Skořicový chléb Sultana 620g | EAN=3184340801507 | kcal=293.0
2026-03-17 19:52:27 [kaufland_products] INFO: Scraped: Schnitzer 4502, 250 g, 208 kcal, 873 kJ | EAN=4022993045024 | kcal=202.0
2026-03-17 19:52:29 [kaufland_products] INFO: Scraped: Špaldové rohlíky 250g | EAN=4260360271205 | kcal=252.5
2026-03-17 19:52:32 [kaufland_products] INFO: Scraped: Palapa celozrnná tortilla čerstvá 25 cm na fajitas | EAN=4260099731933 | kcal=289.0
2026-03-17 19:52:34 [scrapy.extensions.logstats] INFO: Crawled 24 pages (at 24 pages/min), scraped 6 items (at 6 items/min)
2026-03-17 19:52:35 [kaufland_products] INFO: Scraped: Schnitzer 4022993047189, 180 g, Německo, 205 kcal, | EAN=4022993047189 | kcal=859.0
2026-03-17 19:52:38 [kaufland_products] INFO: Scraped: Wolken Zwieback - Špalda s anýzem slazená medem 20 | EAN=4000381071930 | kcal=421.0
2026-03-17 19:52:40 [kaufland_products] INFO: Scraped: E'sener špaldový chléb - plátky 500g | EAN=4032586001016 | kcal=204.0
2026-03-17 19:52:43 [kaufland_products] INFO: Scraped: Chilli Guajillo, entire pieces, sun dried, 200g | EAN=731093699238 | kcal=0.0
2026-03-17 19:52:43 [kaufland_products] WARNING: No nutrition data for: Chilli Guajillo, entire pieces, sun dried, 200g
2026-03-17 19:52:46 [kaufland_products] INFO: Scraped: Reis-Brot geschnitten 500g | EAN=4000430005701 | kcal=251.0
2026-03-17 19:52:48 [kaufland_products] INFO: Scraped: Dr. Kargs Red Pepper Cracker s ovocnou pikantností | EAN=4033634300846 | kcal=443.0
2026-03-17 19:52:51 [kaufland_products] INFO: Scraped: Dr. Karg's Organic Rustinis Rajčata a ementál křup | EAN=4033634011001 | kcal=434.0
2026-03-17 19:52:54 [kaufland_products] INFO: Scraped: Santa Maria celozrnná tortilla mexického typu 320g | EAN=7311311020636 | kcal=0.0
2026-03-17 19:52:57 [kaufland_products] INFO: Scraped: Leimer strouhanka k vázání a zjemnění strouhanky 5 | EAN=4251753778029 | kcal=352.0
2026-03-17 19:52:59 [kaufland_products] INFO: Scraped: Wasa Mohn & Meersalz 245g | EAN=7300400482172 | kcal=348.0
2026-03-17 19:53:01 [kaufland_products] INFO: Scraped: Schnitzer 46128, 180 g, Německo, 185 kcal, 772 kJ, | EAN=4022993047172 | kcal=772.0
2026-03-17 19:53:02 [kaufland_products] INFO: Scraped: Chléb - Chia+Quinoa 500g | EAN=4022993045253 | kcal=175.0
2026-03-17 19:53:05 [kaufland_products] INFO: Scraped: Špaldový suchar neslazený 200g | EAN=4006182005044 | kcal=392.0
2026-03-17 19:53:07 [kaufland_products] INFO: Scraped: Leimer strouhanka | EAN=4000186014507 | kcal=355.0
2026-03-17 19:53:08 [kaufland_products] INFO: Scraped: Vlašský ořech 6 kusů 360g | EAN=3419390402603 | kcal=309.0
2026-03-17 19:53:11 [kaufland_products] INFO: Scraped: Bikano Pani Puri 300 g | EAN=8901414001220 | kcal=221.0
2026-03-17 19:53:14 [kaufland_products] INFO: Scraped: Základy na pizzu 300g | EAN=8713576191028 | kcal=242.0
2026-03-17 19:53:16 [kaufland_products] INFO: Scraped: Japonské arašídy 1 kg Taitto z Mexika Potažené sój | EAN=9509662659454 | kcal=0.0
2026-03-17 19:53:16 [kaufland_products] WARNING: No nutrition data for: Japonské arašídy 1 kg Taitto z Mexika Potažené sójovou příchutí.
2026-03-17 19:53:19 [kaufland_products] INFO: Scraped: Löffelbiskuits - Dinkel 200g | EAN=3184340002300 | kcal=384.0
2026-03-17 19:53:22 [kaufland_products] INFO: Scraped: Sada nožů na sýr Boska Amigo S 5dílná, nerezová oc | EAN=8713638059600 | kcal=0.0
2026-03-17 19:53:22 [kaufland_products] WARNING: No nutrition data for: Sada nožů na sýr Boska Amigo S 5dílná, nerezová ocel, bukové dřevo, hnědá, 306940
2026-03-17 19:53:24 [kaufland_products] INFO: Scraped: FACKELMANN 31039 Nůž na máslo/čerstvý sýr Nature | | EAN=4008033310390 | kcal=0.0
2026-03-17 19:53:24 [kaufland_products] WARNING: No nutrition data for: FACKELMANN 31039 Nůž na máslo/čerstvý sýr Nature | buk, nerezová ocel | 250 mm
2026-03-17 19:53:27 [kaufland_products] INFO: Scraped: CONTACTO Nůž na sýr, délka: 200 mm, šířka: 40 mm | EAN=4003625093217 | kcal=0.0
2026-03-17 19:53:27 [kaufland_products] WARNING: No nutrition data for: CONTACTO Nůž na sýr, délka: 200 mm, šířka: 40 mm
2026-03-17 19:53:29 [kaufland_products] INFO: Scraped: Lauben Milk Frother 550BC | EAN=4260645680227 | kcal=0.0
2026-03-17 19:53:29 [kaufland_products] WARNING: No nutrition data for: Lauben Milk Frother 550BC
2026-03-17 19:53:32 [kaufland_products] INFO: Scraped: Nescafé Dolce Gusto Cortado – 16 kávových kapslí | EAN=7613032827014 7613032827021 | kcal=705.0
2026-03-17 19:53:34 [kaufland_products] INFO: Scraped: Storck merci mandlové nápoj oříšek jednotlivě bale | EAN=4014400914252 | kcal=2374.0
2026-03-17 19:53:34 [scrapy.extensions.logstats] INFO: Crawled 49 pages (at 25 pages/min), scraped 31 items (at 25 items/min)
2026-03-17 19:53:36 [kaufland_products] INFO: Scraped: Ruční napěňovač mléka mini mixér na kávu z nerezov | EAN=5903760473464 | kcal=0.0
2026-03-17 19:53:36 [kaufland_products] WARNING: No nutrition data for: Ruční napěňovač mléka mini mixér na kávu z nerezové oceli
2026-03-17 19:53:38 [kaufland_products] INFO: Scraped: Weleda Skin Food tělové mléko 200ml | EAN=4001638529426 04001638529426 | kcal=0.0
2026-03-17 19:53:38 [kaufland_products] WARNING: No nutrition data for: Weleda Skin Food tělové mléko 200ml
2026-03-17 19:53:41 [kaufland_products] INFO: Scraped: Topicrem Ultra-Moisturizing hydratační tělové mlék | EAN=3700281702576 | kcal=0.0
2026-03-17 19:53:41 [kaufland_products] WARNING: No nutrition data for: Topicrem Ultra-Moisturizing hydratační tělové mléko Body Milk 1000 ml
2026-03-17 19:53:44 [kaufland_products] INFO: Scraped: Ahava Deadsea Water hydratační tělové mléko Minera | EAN=0697045158706 697045158706 | kcal=0.0
2026-03-17 19:53:44 [kaufland_products] WARNING: No nutrition data for: Ahava Deadsea Water hydratační tělové mléko Mineral Body Lotion 250 ml
2026-03-17 19:53:46 [kaufland_products] INFO: Scraped: Weleda Pečující mléko Divoká růže 200ml | EAN=4001638529419 | kcal=0.0
2026-03-17 19:53:46 [kaufland_products] WARNING: No nutrition data for: Weleda Pečující mléko Divoká růže 200ml
2026-03-17 19:53:48 [kaufland_products] INFO: Scraped: Kávovar, 1050 W, 1,5 l, velký objem, poloautomatic | EAN=7402398808481 | kcal=0.0
2026-03-17 19:53:48 [kaufland_products] WARNING: No nutrition data for: Kávovar, 1050 W, 1,5 l, velký objem, poloautomatický vysokotlaký extrakční kávovar 20 barů pro soukromé kavárny
2026-03-17 19:53:51 [kaufland_products] INFO: Scraped: Neutrogena Hydro Boost Čisticí Ubrousky - Osvěžují | EAN=3574661317021 03574661317021 | kcal=0.0
2026-03-17 19:53:51 [kaufland_products] WARNING: No nutrition data for: Neutrogena Hydro Boost Čisticí Ubrousky - Osvěžující Čištění Pro Hydratovanou Pleť
2026-03-17 19:53:54 [kaufland_products] INFO: Scraped: 28l nerezová vzduchotěsná konzerva na mléko s napí | EAN=743557489606 0743557489606 | kcal=0.0
2026-03-17 19:53:54 [kaufland_products] WARNING: No nutrition data for: 28l nerezová vzduchotěsná konzerva na mléko s napínacím zámkem a gumovým těsněním pro přepravu nebo skladování
2026-03-17 19:53:57 [kaufland_products] INFO: Scraped: Bezlepkový rýžovo-kokosový nápoj 1 litr | EAN=4038375025300 | kcal=0.0
2026-03-17 19:53:57 [kaufland_products] WARNING: No nutrition data for: Bezlepkový rýžovo-kokosový nápoj 1 litr
2026-03-17 19:54:00 [kaufland_products] INFO: Scraped: Garnier Oil Beauty, Vyživující tělové olejové mlék | EAN=3600541544024 | kcal=0.0
2026-03-17 19:54:00 [kaufland_products] WARNING: No nutrition data for: Garnier Oil Beauty, Vyživující tělové olejové mléko s arganovým olejem, mandlovým olejem, růžovým olejem a makadamiovým olejem, 400 ml (VÝROBEK Z NĚMECKA)
2026-03-17 19:54:03 [kaufland_products] INFO: Scraped: Hugo Boss Alive tělové mléko pro ženy 200 ml | EAN=3614229660388 03614229660388 | kcal=0.0
2026-03-17 19:54:03 [kaufland_products] WARNING: No nutrition data for: Hugo Boss Alive tělové mléko pro ženy 200 ml
2026-03-17 19:54:08 [kaufland_products] INFO: Scraped: Weleda Zpevňující péče s granátovým jablkem 200 ml | EAN=4001638529396 | kcal=0.0
2026-03-17 19:54:08 [kaufland_products] WARNING: No nutrition data for: Weleda Zpevňující péče s granátovým jablkem 200 ml
2026-03-17 19:54:10 [kaufland_products] INFO: Scraped: Storck Riesen klasický čokoládový karamel v silné  | EAN=4014400908602 | kcal=448.0
2026-03-17 19:54:13 [kaufland_products] INFO: Scraped: Weleda Sea Buckthorn tělové mléko Body Lotion 200  | EAN=4001638529389 | kcal=0.0
2026-03-17 19:54:13 [kaufland_products] WARNING: No nutrition data for: Weleda Sea Buckthorn tělové mléko Body Lotion 200 ml
2026-03-17 19:54:15 [kaufland_products] INFO: Scraped: Senseo ® Café Latte Vanilla, Kávová kapsle, Caffe  | EAN=8711000381342 | kcal=0.0
2026-03-17 19:54:15 [kaufland_products] WARNING: No nutrition data for: Senseo ® Café Latte Vanilla, Kávová kapsle, Caffe latte, Senseo, 8 kusů, Krabice
2026-03-17 19:54:21 [kaufland_products] INFO: Scraped: duplo Big Pack 18 tyčinek s oplatkovou nugátovou n | EAN=4008400302829 | kcal=555.0
2026-03-17 19:54:22 [kaufland_products] INFO: Scraped: Corny čokoládová müsli tyčinka s mandlemi a arašíd | EAN=4011800521219 | kcal=114.0
2026-03-17 19:54:25 [kaufland_products] INFO: Scraped: Čokoládový likér Berliner Luft | 15 % obj. | 0,7 l | EAN=4013228407205 4013228407212 | kcal=0.0
2026-03-17 19:54:25 [kaufland_products] WARNING: No nutrition data for: Čokoládový likér Berliner Luft | 15 % obj. | 0,7 l
2026-03-17 19:54:30 [kaufland_products] INFO: Scraped: Trumpf Aero air čokoládové mléko 100g | EAN=4000607055102 | kcal=544.0
2026-03-17 19:54:31 [kaufland_products] INFO: Scraped: Kölln Müsli Čokoláda 30 procent méně cukru Ovesné  | EAN=4000540003871 | kcal=0.0
2026-03-17 19:54:34 [scrapy.extensions.logstats] INFO: Crawled 69 pages (at 20 pages/min), scraped 51 items (at 20 items/min)
2026-03-17 19:54:35 [kaufland_products] INFO: Scraped: Dr. Oetker ztužovač krému | EAN=4000521170516 | kcal=370.0
2026-03-17 19:54:37 [kaufland_products] INFO: Scraped: Milka Cookies Sensations innen jerky 156g | EAN=7622210419972 | kcal=453.0
2026-03-17 19:54:40 [kaufland_products] INFO: Scraped: Erasco 148395006 Erasco Weiße Bohnen-Eintopf 800,0 | EAN=4037300108255 | kcal=77.0
2026-03-17 19:54:43 [kaufland_products] INFO: Scraped: Krüger Family Cappuccino Classic 500g | EAN=4052700069753 4052700875378 | kcal=390.0
2026-03-17 19:54:45 [kaufland_products] INFO: Scraped: Dr. Oetker Sweet Meal Rýžový pudink Classic Style  | EAN=4000521770006 | kcal=114.0
2026-03-17 19:54:50 [kaufland_products] INFO: Scraped: Wasa Chutné snacky pražené 190g | EAN=7300400482851 | kcal=396.0
2026-03-17 19:54:53 [kaufland_products] INFO: Scraped: Meisterbäckers Classic krájený chléb 330g | EAN=8008698027400 | kcal=233.0
2026-03-17 19:54:56 [kaufland_products] INFO: Scraped: Chléb slunečnicový bez lepku 1 x 500 g | EAN=8594009165102 | kcal=361.0
2026-03-17 19:54:59 [kaufland_products] INFO: Scraped: Energetické kuličky - Himbeere Chia 50g | EAN=4260475160012 | kcal=367.0
2026-03-17 19:55:00 [kaufland_products] INFO: Scraped: True Dates Dates Cookie Dough přírodně sladké měkk | EAN=5745000657322 5745000657346 | kcal=1428.0
2026-03-17 19:55:03 [kaufland_products] INFO: Scraped: True Dates Datle arašídové máslo přírodně sladké m | EAN=5745000657339 5745000657353 | kcal=1453.0
2026-03-17 19:55:09 [kaufland_products] INFO: Scraped: Brandt značkový suchar pečený na slunečnicovém ole | EAN=4013752063854 | kcal=395.0
2026-03-17 19:55:11 [kaufland_products] INFO: Scraped: Nekynutý klasický chléb Jerusalem Matzos 500 g | EAN=7290002153689 | kcal=0.0
2026-03-17 19:55:11 [kaufland_products] WARNING: No nutrition data for: Nekynutý klasický chléb Jerusalem Matzos 500 g
2026-03-17 19:55:14 [kaufland_products] INFO: Scraped: Santa Maria Original Super Soft střední pšeničná t | EAN=7311310331276 | kcal=0.0
2026-03-17 19:55:17 [kaufland_products] INFO: Scraped: Chléb světlý bez lepku 1 x 500 g | EAN=8594009163849 | kcal=333.0
2026-03-17 19:55:19 [kaufland_products] INFO: Scraped: Dr. Kargs celozrnné chia a ovesné vločky s omega 3 | EAN=4033634062201 | kcal=447.0
2026-03-17 19:55:22 [kaufland_products] INFO: Scraped: PINSA400 g - TERRASANA | EAN=8713576003857 | kcal=265.0
2026-03-17 19:55:24 [kaufland_products] INFO: Scraped: Zvon na sýr se skleněným víkem dm 23 cm Comfort Pl | EAN=4006528053685 | kcal=0.0
2026-03-17 19:55:24 [kaufland_products] WARNING: No nutrition data for: Zvon na sýr se skleněným víkem dm 23 cm Comfort Plus
2026-03-17 19:55:27 [kaufland_products] INFO: Scraped: Leifheit 03116, Bílá, Plast, Nerezová ocel, Sýr | EAN=4006501031167 | kcal=0.0
2026-03-17 19:55:27 [kaufland_products] WARNING: No nutrition data for: Leifheit 03116, Bílá, Plast, Nerezová ocel, Sýr
2026-03-17 19:55:32 [kaufland_products] INFO: Scraped: Imetec 7480, Elektrické struhadlo, Zelená, Bílá, N | EAN=8007403074807 | kcal=0.0
2026-03-17 19:55:32 [kaufland_products] WARNING: No nutrition data for: Imetec 7480, Elektrické struhadlo, Zelená, Bílá, Nerezová ocel, Plast, Chléb, Sýr, Dary, AC
2026-03-17 19:55:34 [kaufland_products] INFO: Scraped: Westmark Käsemesser »Master Line«,Klingenlänge 13, | EAN=4004094135675 | kcal=0.0
2026-03-17 19:55:34 [kaufland_products] WARNING: No nutrition data for: Westmark Käsemesser »Master Line«,Klingenlänge 13,5 cm (13562270)
2026-03-17 19:55:34 [scrapy.extensions.logstats] INFO: Crawled 90 pages (at 21 pages/min), scraped 72 items (at 21 items/min)
2026-03-17 19:55:38 [kaufland_products] INFO: Scraped: Ruční struhadlo na parmazán, sýr a kůru Struhadlo  | EAN=4008033311144 | kcal=0.0
2026-03-17 19:55:38 [kaufland_products] WARNING: No nutrition data for: Ruční struhadlo na parmazán, sýr a kůru Struhadlo na sýr ideální na pizzu a těstoviny Struhadlo v italském stylu z nerezové oceli a bukového dřeva
2026-03-17 19:55:41 [kaufland_products] INFO: Scraped: Sada nožů na sýr ZASSENHAUS z nerezové oceli 4 kus | EAN=4006528071139 | kcal=0.0
2026-03-17 19:55:41 [kaufland_products] WARNING: No nutrition data for: Sada nožů na sýr ZASSENHAUS z nerezové oceli 4 kusy
2026-03-17 19:55:44 [kaufland_products] INFO: Scraped: Sada nožů na sýr Boska Mini Copenhagen sada 4 kusů | EAN=8713638034355 | kcal=0.0
2026-03-17 19:55:44 [kaufland_products] WARNING: No nutrition data for: Sada nožů na sýr Boska Mini Copenhagen sada 4 kusů
2026-03-17 19:55:47 [kaufland_products] INFO: Scraped: Marabou Roll Mjölk Choklad pralinky z mléčné čokol | EAN=7310510002122 | kcal=550.0
2026-03-17 19:55:50 [kaufland_products] INFO: Scraped: Starbucks Dolce Gusto Caramel Macchiato Arabica Ka | EAN=7613036943529 | kcal=416.0
2026-03-17 19:55:52 [kaufland_products] INFO: Scraped: TASSIMO Chai Latte Teediscs 8 Portionen | EAN=8711000443255 | kcal=0.0
2026-03-17 19:55:52 [kaufland_products] WARNING: No nutrition data for: TASSIMO Chai Latte Teediscs 8 Portionen
2026-03-17 19:55:57 [kaufland_products] INFO: Scraped: TRS- sušený hřebíček 50gr | EAN=5017689009908 | kcal=0.0
2026-03-17 19:55:57 [kaufland_products] WARNING: No nutrition data for: TRS- sušený hřebíček 50gr
2026-03-17 19:55:59 [kaufland_products] INFO: Scraped: Dr. Oetker Marble Cloud směs na piškotový dort 455 | EAN=4000521004842 | kcal=352.0
2026-03-17 19:56:02 [kaufland_products] INFO: Scraped: Debic Profi šlehačka s praktickým rozprašovačem ne | EAN=5410488140054 | kcal=339.0
2026-03-17 19:56:05 [kaufland_products] INFO: Scraped: Dr. Oetker Jablečná směs Püfferchen recept na laho | EAN=4000521775506 | kcal=220.0
2026-03-17 19:56:07 [kaufland_products] INFO: Scraped: Danmis Mleko kozie UHT 500 ml | EAN=5901680000111 | kcal=53.0
2026-03-17 19:56:11 [kaufland_products] INFO: Scraped: Dvojité sušenky Oreo 170g | EAN=7622210137234 | kcal=496.0
2026-03-17 19:56:14 [kaufland_products] INFO: Scraped: NESCAFÉ 250125 CAPPUCCINO kávové kapsle Arabská zr | EAN=7613036306294 | kcal=35.8
2026-03-17 19:56:16 [kaufland_products] INFO: Scraped: Alpro Drink Mandle s vanilkovou příchutí s vápníke | EAN=5411188120742 | kcal=0.0
2026-03-17 19:56:20 [kaufland_products] INFO: Scraped: Mestemacher Vysokoproteinový chléb s vaječným bílk | EAN=4000446011574 | kcal=230.0
2026-03-17 19:56:23 [kaufland_products] INFO: Scraped: Brandt Mini Marken Zwieback Classic bez umělých ar | EAN=4013752040541 | kcal=0.0
2026-03-17 19:56:26 [kaufland_products] INFO: Scraped: Mestemacher Westfälischer Pumpernickel celozrnný ž | EAN=4000446001124 | kcal=0.0
2026-03-17 19:56:28 [kaufland_products] INFO: Scraped: Kukuřičný chléb se šťávou Aurora | EAN=4000406072904 | kcal=228.0
2026-03-17 19:56:31 [kaufland_products] INFO: Scraped: Křupavý chléb z pohanky a quinoy vkvalitě | EAN=4005009102836 | kcal=369.0
2026-03-17 19:56:33 [kaufland_products] INFO: Scraped: Mestemacher Indický chléb Naan klasický pšeničný n | EAN=4000446016883 | kcal=252.0
2026-03-17 19:56:34 [scrapy.extensions.logstats] INFO: Crawled 110 pages (at 20 pages/min), scraped 92 items (at 20 items/min)
2026-03-17 19:56:37 [kaufland_products] INFO: Scraped: Wasa Crispbread bezlepkový a bezlaktózový Classic  | EAN=7300400481823 | kcal=398.0
2026-03-17 19:56:40 [kaufland_products] INFO: Scraped: Nerezový box na chléb Nerezový box na chléb s rolo | EAN=743557501247 0743557501247 | kcal=0.0
2026-03-17 19:56:40 [kaufland_products] WARNING: No nutrition data for: Nerezový box na chléb Nerezový box na chléb s rolovacím víkem a průhledným okénkem, rolovací box na chléb Stříbrný
2026-03-17 19:56:45 [kaufland_products] INFO: Scraped: alpina 6dílná sada nožů na chléb, maso, univerzáln | EAN=8711252067636 | kcal=0.0
2026-03-17 19:56:45 [kaufland_products] WARNING: No nutrition data for: alpina 6dílná sada nožů na chléb, maso, univerzální nůž, loupač a nůž santoku - včetně ekonomické loupačky
2026-03-17 19:56:47 [kaufland_products] INFO: Scraped: Na chlebu - Rajčata a bazalka 140g | EAN=4016249150372 | kcal=309.0
2026-03-17 19:56:50 [kaufland_products] INFO: Scraped: Continenta GmbH Chlebník, dub 40x26x18,5cm 4160 | EAN=4017167416007 | kcal=0.0
2026-03-17 19:56:50 [kaufland_products] WARNING: No nutrition data for: Continenta GmbH Chlebník, dub 40x26x18,5cm 4160
2026-03-17 19:56:53 [kaufland_products] INFO: Scraped: Chléb Wonder - Gold 600g | EAN=4015637827377 | kcal=279.0
2026-03-17 19:56:55 [kaufland_products] INFO: Scraped: Wasa Delicate Rounds French Herbs s bylinkami a mo | EAN=7300400482219 | kcal=385.0
2026-03-17 19:57:00 [kaufland_products] INFO: Scraped: Wasa sendvič křupavý chléb se zakysanou smetanou a | EAN=7300400482301 | kcal=461.0
2026-03-17 19:57:02 [kaufland_products] INFO: Scraped: Bezlepkový toast 400g | EAN=4250208801862 | kcal=225.0
2026-03-17 19:57:05 [kaufland_products] INFO: Scraped: Wasa Crisp Original extra tenký žitný chléb s kvás | EAN=7300400317801 | kcal=338.0
2026-03-17 19:57:08 [kaufland_products] INFO: Scraped: KESPER Chlebník S Prkénkem 325 X 15 X 21 cm 180456 | EAN=4000270180453 | kcal=0.0
2026-03-17 19:57:08 [kaufland_products] WARNING: No nutrition data for: KESPER Chlebník S Prkénkem 325 X 15 X 21 cm 1804563
2026-03-17 19:57:11 [kaufland_products] INFO: Scraped: Schnitzer 4022993047073, 220 g, Německo, 184 kcal, | EAN=4022993047073 | kcal=774.0
2026-03-17 19:57:13 [kaufland_products] INFO: Scraped: Brandt semínka křupavá dýňová semínka a lněné semí | EAN=4013752079701 | kcal=576.0
2026-03-17 19:57:15 [kaufland_products] INFO: Scraped: Wasa the Mild oves a sezam s vysokým obsahem vlákn | EAN=7300400129169 | kcal=333.0
2026-03-17 19:57:18 [kaufland_products] INFO: Scraped: Auf's Brot - Avokádo 140g | EAN=4016249172350 | kcal=302.0
2026-03-17 19:57:23 [kaufland_products] INFO: Scraped: Küchenmeister směs na pečení smíšeného žitného chl | EAN=4006363101121 | kcal=333.0
2026-03-17 19:57:25 [kaufland_products] INFO: Scraped: Mestemacher Italské organické špaldové závitky 3 t | EAN=4000446015497 | kcal=304.0
2026-03-17 19:57:28 [kaufland_products] INFO: Scraped: Wasa Sandwich Chives sýr a pažitka 3 celozrnné chi | EAN=7300400122702 | kcal=451.0
2026-03-17 19:57:33 [kaufland_products] INFO: Scraped: Wasa Delicate Crackers Křupavý chléb s rajčaty a o | EAN=7300400481694 | kcal=428.0
2026-03-17 19:57:34 [scrapy.extensions.logstats] INFO: Crawled 129 pages (at 19 pages/min), scraped 111 items (at 19 items/min)
2026-03-17 19:57:35 [kaufland_products] INFO: Scraped: Leimer Panat směs strouhanky s jemným kořením a ve | EAN=4000186020201 | kcal=339.0
2026-03-17 19:57:38 [kaufland_products] INFO: Scraped: Ariete 0457/00, Elektrické struhadlo, Žlutá, Kov,  | EAN=8003705115941 | kcal=0.0
2026-03-17 19:57:38 [kaufland_products] WARNING: No nutrition data for: Ariete 0457/00, Elektrické struhadlo, Žlutá, Kov, Plast, CE, Chléb, Sýr, Čokoláda, Dary, Ořechy, Baterie
2026-03-17 19:57:40 [kaufland_products] INFO: Scraped: Ariete 0448/10, Elektrické struhadlo, Šedá, Bílá,  | EAN=8003705107854 | kcal=0.0
2026-03-17 19:57:40 [kaufland_products] WARNING: No nutrition data for: Ariete 0448/10, Elektrické struhadlo, Šedá, Bílá, Sýr, Chléb, Ořechy, Čokoláda, Dary, AC, 120 W, 290 mm
2026-03-17 19:57:43 [kaufland_products] INFO: Scraped: KÜCHENPROFI Käsereibe Edelstahl 18/10, Höhe: 85 mm | EAN=4007371032261 | kcal=0.0
2026-03-17 19:57:43 [kaufland_products] WARNING: No nutrition data for: KÜCHENPROFI Käsereibe Edelstahl 18/10, Höhe: 85 mm
2026-03-17 19:57:45 [kaufland_products] INFO: Scraped: Kráječ na sýr Kesper s kapotou z ho bukového dřeva | EAN=4000270686214 | kcal=0.0
2026-03-17 19:57:45 [kaufland_products] WARNING: No nutrition data for: Kráječ na sýr Kesper s kapotou z ho bukového dřeva
2026-03-17 19:57:51 [kaufland_products] INFO: Scraped: GastroMax 6530-1 GastroMax kráječ na sýr, černý | EAN=7316830653013 | kcal=0.0
2026-03-17 19:57:51 [kaufland_products] WARNING: No nutrition data for: GastroMax 6530-1 GastroMax kráječ na sýr, černý
2026-03-17 19:57:53 [kaufland_products] INFO: Scraped: Deiss PRO struhadlo na sýr - parmezán, citron, záz | EAN=4251969685852 | kcal=0.0
2026-03-17 19:57:53 [kaufland_products] WARNING: No nutrition data for: Deiss PRO struhadlo na sýr - parmezán, citron, zázvor, česnek, muškátový oříšek, čokoláda, zelenina, ovoce - ostrá nerezová čepel, široká, lze mýt v myčce nádobí Zester
2026-03-17 19:57:56 [kaufland_products] INFO: Scraped: KESPER Kráječ Na Sýr Tete De Moine Ø 22 cm Bambus  | EAN=4000270586200 | kcal=0.0
2026-03-17 19:57:56 [kaufland_products] WARNING: No nutrition data for: KESPER Kráječ Na Sýr Tete De Moine Ø 22 cm Bambus 58620
2026-03-17 19:57:57 [kaufland_products] INFO: Scraped: Nůž na sýr Kráječ na sýr z nerezové oceli Multifun | EAN=5072071578592 | kcal=0.0
2026-03-17 19:57:57 [kaufland_products] WARNING: No nutrition data for: Nůž na sýr Kráječ na sýr z nerezové oceli Multifunkční kráječ na sýr Prkénko na krájení sýra s přesnou stupnicí velikosti vhodné na krájení zeleniny Másla Uzenin Chleba
2026-03-17 19:58:02 [kaufland_products] INFO: Scraped: Coppenrath Classic Dark Choco Caramel chlebíčky 25 | EAN=4006952006745 | kcal=509.0
2026-03-17 19:58:04 [kaufland_products] INFO: Scraped: SENSEO polštářky typ Cappuccino Caramel Senseopads | EAN=8711000455807 | kcal=0.0
2026-03-17 19:58:04 [kaufland_products] WARNING: No nutrition data for: SENSEO polštářky typ Cappuccino Caramel Senseopads 40 nápojů kávové polštářky Softpads
2026-03-17 19:58:07 [kaufland_products] INFO: Scraped: Tassimo Jacobs Cappuccino Classico einzigartiges V | EAN=8711000500002 | kcal=0.0
2026-03-17 19:58:09 [kaufland_products] INFO: Scraped: Alpro sójový nápoj s čokoládovou příchutí, vápníke | EAN=5411188121947 | kcal=0.0
2026-03-17 19:58:12 [kaufland_products] INFO: Scraped: Nutella pomazánka na chléb Lískovo-oříškový nugáto | EAN=4008400401621 | kcal=547.0
2026-03-17 19:58:16 [kaufland_products] INFO: Scraped: Jacobs Tassimo mléčné kompozice s jemnou pěnou 344 | EAN=7622300719487 8711000500224 | kcal=163.0
2026-03-17 19:58:19 [kaufland_products] INFO: Scraped: Alpro sójový nápoj s vanilkou Bohatý na rostlinné  | EAN=5411188115533 | kcal=57.0
2026-03-17 19:58:22 [kaufland_products] INFO: Scraped: TASSIMO Toffee Nut Latte, Kávová kapsle, Caffe lat | EAN=8711000443927 | kcal=0.0
2026-03-17 19:58:22 [kaufland_products] WARNING: No nutrition data for: TASSIMO Toffee Nut Latte, Kávová kapsle, Caffe latte, 8 hrnků, Tassimo, 8 kusů
2026-03-17 19:58:24 [kaufland_products] INFO: Scraped: Open Food 4000512992684, 975 g, B, e120, e133, e15 | EAN=4000512992684 | kcal=1412.0
2026-03-17 19:58:27 [kaufland_products] INFO: Scraped: Krüger Family Cappuccino Double Choco 500g mit Sch | EAN=4052700078328 4052700884202 | kcal=389.0
2026-03-17 19:58:32 [kaufland_products] INFO: Scraped: Hanuta Minis jednotlivě balené křupavé mini plátky | EAN=4008400351926 | kcal=542.0
2026-03-17 19:58:34 [scrapy.extensions.logstats] INFO: Crawled 149 pages (at 20 pages/min), scraped 131 items (at 20 items/min)
2026-03-17 19:58:35 [kaufland_products] INFO: Scraped: Kozí mléčný krém Ziaja - Intenzivní Hydratace a Vy | EAN=5901887000136 | kcal=0.0
2026-03-17 19:58:35 [kaufland_products] WARNING: No nutrition data for: Kozí mléčný krém Ziaja - Intenzivní Hydratace a Vyhlazení, 50 ml
2026-03-17 19:58:38 [kaufland_products] INFO: Scraped: Ovesný nápoj - Mandle 1L | EAN=4038375025997 | kcal=56.0
2026-03-17 19:58:40 [kaufland_products] INFO: Scraped: Nescafe Dolce Gusto Cafe Au Lait 16 lusků pro plný | EAN=7613033174704 | kcal=400.0
2026-03-17 19:58:43 [kaufland_products] INFO: Scraped: Kokosové mléko Aroy-D přírodní kokosové mléko na p | EAN=8851613101392 | kcal=185.0
2026-03-17 19:58:45 [kaufland_products] INFO: Scraped: Lindt & Sprüngli Edel Marzipan Pure Bar (50g) | EAN=4000539381003 | kcal=0.0
2026-03-17 19:58:45 [kaufland_products] WARNING: No nutrition data for: Lindt & Sprüngli Edel Marzipan Pure Bar (50g)
2026-03-17 19:58:51 [kaufland_products] INFO: Scraped: Alpro Barista ovesný nápoj čistě rostlinný bez při | EAN=5411188127697 | kcal=59.0
2026-03-17 19:58:52 [kaufland_products] INFO: Scraped: Alpro sójový nápoj s vanilkovou příchutí, vápníkem | EAN=5411188136910 | kcal=0.0
2026-03-17 19:58:55 [kaufland_products] INFO: Scraped: Trolli Party Burger Minis z pěnového cukru a ovocn | EAN=4000512994909 | kcal=339.0
2026-03-17 19:59:00 [kaufland_products] INFO: Scraped: Naarmann smetana do kávy 10 % tuku tepelně upraven | EAN=4065400001138 | kcal=0.0
2026-03-17 19:59:00 [kaufland_products] WARNING: No nutrition data for: Naarmann smetana do kávy 10 % tuku tepelně upravená krémová 1000 ml
2026-03-17 19:59:02 [kaufland_products] INFO: Scraped: Naarmann Ovesný nápoj veganský na bázi ovsa altern | EAN=4065400004511 | kcal=62.0
2026-03-17 19:59:05 [kaufland_products] INFO: Scraped: Krueger Family Latte Macchiato Classico 500g mit f | EAN=4052700072159 4052700876405 | kcal=405.0
2026-03-17 19:59:08 [kaufland_products] INFO: Scraped: Erasco Erbsen mit Würstchen Dosen-Eintopf 850 ml | EAN=4037300108309 | kcal=82.0
2026-03-17 19:59:10 [kaufland_products] INFO: Scraped: Milka barevná kakaová čočka Alpská mléčná čokoláda | EAN=7622210055439 | kcal=523.0
2026-03-17 19:59:12 [kaufland_products] INFO: Scraped: Nektarinkový mražený jogurt v prášku 333 g | EAN=4058399926780 | kcal=0.0
2026-03-17 19:59:12 [kaufland_products] WARNING: No nutrition data for: Nektarinkový mražený jogurt v prášku 333 g
2026-03-17 19:59:18 [kaufland_products] INFO: Scraped: Poensgen chléb se slunečnicovými semínky krájený b | EAN=4250208800599 | kcal=242.0
2026-03-17 19:59:20 [kaufland_products] INFO: Scraped: Simply Seeds - Pět semínek chleba 275g | EAN=4015537002348 | kcal=373.0
2026-03-17 19:59:22 [kaufland_products] INFO: Scraped: Schär Classic bez lepku krájený chléb (300g), 3759 | EAN=8008698005576 | kcal=233.0
2026-03-17 19:59:25 [kaufland_products] INFO: Scraped: Bread 'n Toast - bílý 400g | EAN=4022993047080 | kcal=176.0
2026-03-17 19:59:28 [kaufland_products] INFO: Scraped: Kinghoff ocel-akrylový chlebník KH3208 | EAN=5908287232082 | kcal=0.0
2026-03-17 19:59:28 [kaufland_products] WARNING: No nutrition data for: Kinghoff ocel-akrylový chlebník KH3208
2026-03-17 19:59:31 [kaufland_products] INFO: Scraped: Mestemacher Gourmet Pumpernickel Roll sladká přích | EAN=4000446001216 | kcal=209.0
2026-03-17 19:59:34 [kaufland_products] INFO: Scraped: Schär Super Sandwich 280g | EAN=8008698029060 | kcal=224.0
2026-03-17 19:59:34 [scrapy.extensions.logstats] INFO: Crawled 170 pages (at 21 pages/min), scraped 152 items (at 21 items/min)
2026-03-17 19:59:36 [kaufland_products] INFO: Scraped: Kinghoff Ocelový Chlebník Kh-1723 | EAN=5908287217232 | kcal=0.0
2026-03-17 19:59:36 [kaufland_products] WARNING: No nutrition data for: Kinghoff Ocelový Chlebník Kh-1723
2026-03-17 19:59:39 [kaufland_products] INFO: Scraped: Mestemacher Náš čistý ovesný chléb s vybranými ole | EAN=4000446011628 | kcal=281.0
2026-03-17 19:59:44 [kaufland_products] INFO: Scraped: La Costena Tortilla frisch 20cm | EAN=4260099731384 | kcal=329.0
2026-03-17 19:59:46 [kaufland_products] INFO: Scraped: Finn Crisp Original Tenký celozrnný žitný chléb s  | EAN=6410500090014 | kcal=339.0
2026-03-17 19:59:50 [kaufland_products] INFO: Scraped: Schär Pane Casereccio bez lepku krájený chléb (240 | EAN=8008698002599 | kcal=262.0
2026-03-17 19:59:52 [kaufland_products] INFO: Scraped: Wasa Delicate Rounds Sesam und Meersalz zlatavé pe | EAN=7300400482202 | kcal=407.0
2026-03-17 19:59:57 [kaufland_products] INFO: Scraped: Mestemacheršpaldový a zelený špaldový chléb bohatý | EAN=4000446001537 | kcal=199.0
2026-03-17 19:59:59 [kaufland_products] INFO: Scraped: Nízkosacharidový chléb - silný 200g | EAN=4260492959972 | kcal=299.0
2026-03-17 20:00:01 [kaufland_products] INFO: Scraped: Wasa žitný tradiční celozrnný chléb s přírodním kv | EAN=7300400129640 | kcal=336.0
2026-03-17 20:00:04 [kaufland_products] INFO: Scraped: Mestemacheržitný chléb celozrnný s vlákninou 500g | EAN=4000446001667 | kcal=188.0
2026-03-17 20:00:08 [kaufland_products] INFO: Scraped: Matzen - Špalda 200g | EAN=3184340001464 | kcal=362.0
2026-03-17 20:00:10 [kaufland_products] INFO: Scraped: Nízkosacharidový chléb - jemný 160g | EAN=4260492959989 | kcal=300.0
2026-03-17 20:00:13 [kaufland_products] INFO: Scraped: Frischli zakysaná smetana s lehkou příchutí crème  | EAN=4045500011817 | kcal=132.0
2026-03-17 20:00:16 [kaufland_products] INFO: Scraped: EDEKA FOOD SERVICE Salátová majonéza s 50% řepkové | EAN=4311596636617 | kcal=2000.0
2026-03-17 20:00:20 [kaufland_products] INFO: Scraped: Schlagfix - univerzální šlehačka 200ml | EAN=4260024180089 | kcal=158.0
2026-03-17 20:00:23 [kaufland_products] INFO: Scraped: Kokosová šlehačka 400 ml | EAN=8713576003680 | kcal=303.0
2026-03-17 20:00:25 [kaufland_products] INFO: Scraped: Jogurtový zákys - jemný 3x5g | EAN=4260112342047 | kcal=380.0
2026-03-17 20:00:29 [kaufland_products] INFO: Scraped: Schlagfix - univerzální smetana ke šlehání 1 litr | EAN=4260024180201 | kcal=158.0
2026-03-17 20:00:32 [kaufland_products] INFO: Scraped: Ovčí sýr s lanýži ve slunečnicovém oleji, 280 g | EAN=8000571009411 | kcal=0.0
2026-03-17 20:00:34 [scrapy.extensions.logstats] INFO: Crawled 189 pages (at 19 pages/min), scraped 171 items (at 19 items/min)
2026-03-17 20:00:34 [kaufland_products] INFO: Scraped: Azienda Agricola Bonat - Parmigiano Reggiano PDO - | EAN=7427266699312 | kcal=402.0
2026-03-17 20:00:37 [kaufland_products] INFO: Scraped: Azienda Agricola Bonat - Parmigiano Reggiano PDO - | EAN=7427266699299 | kcal=402.0
2026-03-17 20:00:40 [kaufland_products] INFO: Scraped: Consorzio Vacche Rosse - Parmigiano Reggiano Vacch | EAN=7427266699251 | kcal=0.0
2026-03-17 20:00:40 [kaufland_products] WARNING: No nutrition data for: Consorzio Vacche Rosse - Parmigiano Reggiano Vacche Rosse - 24 Monate - 1 Kg
2026-03-17 20:00:44 [kaufland_products] INFO: Scraped: Sladká hrušková omáčka se zázvorem, 110 g | EAN=8000571461493 | kcal=0.0
2026-03-17 20:00:47 [kaufland_products] INFO: Scraped: Omáčka ze sladké červené cibule, 110 g | EAN=8000571464173 | kcal=0.0
2026-03-17 20:00:49 [kaufland_products] INFO: Scraped: Sladká brusinková omáčka, 110 g | EAN=8000571464159 | kcal=0.0
2026-03-17 20:00:51 [kaufland_products] INFO: Scraped: Sladká fíková omáčka s hořčicí, 110 g | EAN=8000571004669 | kcal=0.0
2026-03-17 20:00:57 [kaufland_products] INFO: Scraped: Bavorská polévka s játrovými knedlíčky | EAN=4007680103997 | kcal=77.0
2026-03-17 20:00:59 [kaufland_products] INFO: Scraped: Meica drůbeží párky ve vlastní kůži extra jemné 6  | EAN=4000503148502 | kcal=148.0
2026-03-17 20:01:01 [kaufland_products] INFO: Scraped: Tassimo Milka Cocoa Speciality | 8 T Discs, kávové | EAN=8711000500583 | kcal=0.0
2026-03-17 20:01:03 [kaufland_products] INFO: Scraped: Bomann MS 344 CB - Tyčový mixér | EAN=4004470034417 | kcal=0.0
2026-03-17 20:01:03 [kaufland_products] WARNING: No nutrition data for: Bomann MS 344 CB - Tyčový mixér
2026-03-17 20:01:08 [kaufland_products] INFO: Scraped: Kruger, Chai latte, Napój mleczny, kokos i migdał, | EAN=4052700088853 | kcal=0.0
2026-03-17 20:01:08 [kaufland_products] WARNING: No nutrition data for: Kruger, Chai latte, Napój mleczny, kokos i migdał, 250ml (PRODUKT Z NIEMIEC)
2026-03-17 20:01:11 [kaufland_products] INFO: Scraped: Npoj - Coconut Nature bez cukru 1 litr | EAN=8428532121437 | kcal=34.0
2026-03-17 20:01:14 [kaufland_products] INFO: Scraped: Nutella v plastovém kbelíku XL s praktickým uchem  | EAN=8000500292310 | kcal=0.0
2026-03-17 20:01:17 [kaufland_products] INFO: Scraped: Adler AD 4478 napěňovač/ohřívač mléka Automatický  | EAN=5908256839533 | kcal=0.0
2026-03-17 20:01:17 [kaufland_products] WARNING: No nutrition data for: Adler AD 4478 napěňovač/ohřívač mléka Automatický Černý, Bílý
2026-03-17 20:01:18 [kaufland_products] INFO: Scraped: Stardrops, The pink stuff, Čisticí mléko, 500 ml ( | EAN=5060033823675 | kcal=0.0
2026-03-17 20:01:18 [kaufland_products] WARNING: No nutrition data for: Stardrops, The pink stuff, Čisticí mléko, 500 ml (VÝROBEK Z NĚMECKA)
2026-03-17 20:01:23 [kaufland_products] INFO: Scraped: Clatronic MS 3089 - Batterie/Akku - AA | EAN=4006160621617 | kcal=0.0
2026-03-17 20:01:23 [kaufland_products] WARNING: No nutrition data for: Clatronic MS 3089 - Batterie/Akku - AA
2026-03-17 20:01:27 [kaufland_products] INFO: Scraped: YumYum Instantní asijská nudlová polévka s kuřecí  | EAN=8852018101024 | kcal=80.0
2026-03-17 20:01:29 [kaufland_products] INFO: Scraped: Milka Tuc Cracker čokoláda z lahodného alpského ml | EAN=7622210007476 | kcal=522.0
2026-03-17 20:01:32 [kaufland_products] INFO: Scraped: Kokosový krém | EAN=4008049510203 | kcal=388.0
2026-03-17 20:01:34 [kaufland_products] INFO: Scraped: Lattafa Eclaire parfémovaná voda pro ženy 100 ml | EAN=6290362340638 | kcal=0.0
2026-03-17 20:01:34 [kaufland_products] WARNING: No nutrition data for: Lattafa Eclaire parfémovaná voda pro ženy 100 ml
2026-03-17 20:01:34 [scrapy.extensions.logstats] INFO: Crawled 210 pages (at 21 pages/min), scraped 192 items (at 21 items/min)
2026-03-17 20:01:36 [kaufland_products] INFO: Scraped: Bahlsen Rekord směs oplatek s hořkou a mléčnou čok | EAN=4017100380013 | kcal=525.0
2026-03-17 20:01:41 [kaufland_products] INFO: Scraped: Šlehačka v prášku Ruf, 80 g | EAN=4002809001215 | kcal=557.0
2026-03-17 20:01:44 [kaufland_products] INFO: Scraped: Tassimo® Cadbury®, Horká čokoláda, 8 kapslí MAXI,= | EAN=8711000504567 | kcal=56.0
2026-03-17 20:01:46 [kaufland_products] INFO: Scraped: Werthers Original klasické smetanové bonbony s más | EAN=4014400908930 | kcal=424.0
2026-03-17 20:01:49 [kaufland_products] INFO: Scraped: Alpro ovesný nápoj Shh Toto není MLK zelenina s ní | EAN=5411188135005 | kcal=0.0
2026-03-17 20:01:51 [kaufland_products] INFO: Scraped: Ferrero 120963005 Schokoriegel Kinder Riegel 36 St | EAN=4008400223612 | kcal=566.0
2026-03-17 20:01:56 [kaufland_products] INFO: Scraped: MARLENKA® Medový dort s vlašskými ořechy - medový  | EAN=8594071650018 | kcal=420.0
2026-03-17 20:01:59 [kaufland_products] INFO: Scraped: Lindt EXCELLENCE Hořká čokoláda s pomerančovými ko | EAN=3046920028370 | kcal=525.0
2026-03-17 20:02:01 [kaufland_products] INFO: Scraped: Krüger Chai Latte typ čokoláda Sweet India mléčný  | EAN=4052700083421 | kcal=438.0
2026-03-17 20:02:04 [kaufland_products] INFO: Scraped: Jogurtová zmrzlina Malaga s nízkým obsahem sachari | EAN=4068368078655 | kcal=0.0
2026-03-17 20:02:04 [kaufland_products] WARNING: No nutrition data for: Jogurtová zmrzlina Malaga s nízkým obsahem sacharidů v prášku veganská bez cukru a laktózy 333 g
2026-03-17 20:02:06 [kaufland_products] INFO: Scraped: Jogurtová mangová zmrzlina v prášku s nízkým obsah | EAN=4068368078778 | kcal=0.0
2026-03-17 20:02:06 [kaufland_products] WARNING: No nutrition data for: Jogurtová mangová zmrzlina v prášku s nízkým obsahem sacharidů veganská bez cukru a laktózy 333 g
2026-03-17 20:02:11 [kaufland_products] INFO: Scraped: Jogurtová broskvová zmrzlina v prášku 333 g | EAN=4058399926414 | kcal=428.0
2026-03-17 20:02:13 [kaufland_products] INFO: Scraped: Jogurtová podmáslová zmrzlina v prášku 1 kg | EAN=4068368031476 | kcal=0.0
2026-03-17 20:02:13 [kaufland_products] WARNING: No nutrition data for: Jogurtová podmáslová zmrzlina v prášku 1 kg
2026-03-17 20:02:15 [kaufland_products] INFO: Scraped: Haribo Joghurties ovocné žvýkačky s jogurtovým prá | EAN=4001686328620 | kcal=330.0
2026-03-17 20:02:18 [kaufland_products] INFO: Scraped: nimm2 Lachgummi Fluffies ovocné žvýkačky s ovocnou | EAN=4014400936278 | kcal=0.0
2026-03-17 20:02:23 [kaufland_products] INFO: Scraped: nimm2 Lachgummi Fruitivity Jogurtová žvýkačka s vi | EAN=4014400928181 | kcal=355.0
2026-03-17 20:02:26 [kaufland_products] INFO: Scraped: Leimerova strouhanka 400g | EAN=4000186010400 | kcal=352.0
2026-03-17 20:02:29 [kaufland_products] INFO: Scraped: SchnitzerToastbrot Rustic, 430 g, Ječmen, Vejce, V | EAN=4022993047097 | kcal=779.0
2026-03-17 20:02:31 [kaufland_products] INFO: Scraped: Koš na kynutí chleba ORION Koš na kynutí chleba z  | EAN=8592381128890 | kcal=0.0
2026-03-17 20:02:31 [kaufland_products] WARNING: No nutrition data for: Koš na kynutí chleba ORION Koš na kynutí chleba z ratanu na kulatý chléb Ø 19 cm
2026-03-17 20:02:33 [kaufland_products] INFO: Scraped: Mestemacher Sylt Walnut Bread kulatý celozrnný chl | EAN=4000446011116 | kcal=197.0
2026-03-17 20:02:34 [scrapy.extensions.logstats] INFO: Crawled 230 pages (at 20 pages/min), scraped 212 items (at 20 items/min)
2026-03-17 20:02:37 [kaufland_products] INFO: Scraped: Sklad potravinMaestro bílá ocelová taška MR1677ARW | EAN=4820177147201 | kcal=0.0
2026-03-17 20:02:37 [kaufland_products] WARNING: No nutrition data for: Sklad potravinMaestro bílá ocelová taška MR1677ARW
2026-03-17 20:02:40 [kaufland_products] INFO: Scraped: Dinkel Zwieback 200g | EAN=3184340067002 | kcal=389.0
2026-03-17 20:02:42 [kaufland_products] INFO: Scraped: Wasa Delicate Crisp Cracker Křupavý chléb se sezam | EAN=7300400126205 | kcal=425.0
2026-03-17 20:02:47 [kaufland_products] INFO: Scraped: Chia plátky chleba 375g | EAN=3184340065107 | kcal=169.0
2026-03-17 20:02:50 [kaufland_products] INFO: Scraped: Mestemacher Vestfálský chléb Pumpernickel Delicacy | EAN=4000446001025 | kcal=181.0
2026-03-17 20:02:52 [kaufland_products] INFO: Scraped: Celozrnný křupavý chléb - sezamový 200g | EAN=4012936001385 | kcal=372.0
2026-03-17 20:02:55 [kaufland_products] INFO: Scraped: Meisterbäckers - Vícezrnný krájený chléb 330g | EAN=8008698027424 | kcal=249.0
2026-03-17 20:02:57 [kaufland_products] INFO: Scraped: Mestemacher slunečnicový celozrnný chléb 13 plátků | EAN=4000446001162 | kcal=194.0
2026-03-17 20:03:02 [kaufland_products] INFO: Scraped: Mestemacher Gourmet celozrnný chléb Classic Roll O | EAN=4000446001094 | kcal=215.0
2026-03-17 20:03:04 [kaufland_products] INFO: Scraped: Mestemacher proteinový chléb s vlašskými ořechy be | EAN=4000446011413 | kcal=261.0
2026-03-17 20:03:07 [kaufland_products] INFO: Scraped: Mestemacher Kebab Bread Pšeničný plochý chléb na k | EAN=4000446016807 | kcal=243.0
2026-03-17 20:03:10 [kaufland_products] INFO: Scraped: Mestemacher Westfalen Pumpernickel regionální chlé | EAN=4000446001018 | kcal=181.0
2026-03-17 20:03:15 [kaufland_products] INFO: Scraped: Croissants 4 Stück x45g | EAN=3184340019650 | kcal=449.0
2026-03-17 20:03:17 [kaufland_products] INFO: Scraped: Mestemacher proteinový chléb s nízkým obsahem sach | EAN=4000446011376 | kcal=264.0
2026-03-17 20:03:20 [kaufland_products] INFO: Scraped: Mestemacher chléb s dýňovými semínky Celozrnný žit | EAN=4000446001797 | kcal=214.0
2026-03-17 20:03:22 [kaufland_products] INFO: Scraped: Pšeničný křupavý chléb Light&Cross | EAN=4008404001001 | kcal=391.0
2026-03-17 20:03:24 [kaufland_products] INFO: Scraped: Baguettini - Rustic 200g | EAN=4022993047035 | kcal=153.0
2026-03-17 20:03:29 [kaufland_products] INFO: Scraped: Mestemacher Westfalen klasický celozrnný žitný chl | EAN=4000446001049 | kcal=177.0
2026-03-17 20:03:31 [kaufland_products] INFO: Scraped: kukuřičný snack - Igor Cheese 50g | EAN=8588004638310 | kcal=461.0
2026-03-17 20:03:33 [kaufland_products] INFO: Scraped: funny fresh Cornados Nacho Cheese Style kukuřičný  | EAN=4003586105738 | kcal=511.0
2026-03-17 20:03:34 [scrapy.extensions.logstats] INFO: Crawled 250 pages (at 20 pages/min), scraped 232 items (at 20 items/min)
2026-03-17 20:03:38 [kaufland_products] INFO: Scraped: Maggi 5minutové terinové špagety ve smetanové omáč | EAN=7613031437870 | kcal=107.0
2026-03-17 20:03:41 [kaufland_products] INFO: Scraped: Jogurtový zákys - bulharský 3x5g | EAN=4260112342092 | kcal=380.0
2026-03-17 20:03:43 [kaufland_products] INFO: Scraped: Santa Maria Dip Nacho Cheese Style Cheese Dip 250g | EAN=7311312007247 | kcal=133.0
2026-03-17 20:03:46 [kaufland_products] INFO: Scraped: Jogurtový zákys - Lacto Pro® 3x5g | EAN=4260112342030 | kcal=380.0
2026-03-17 20:03:49 [kaufland_products] INFO: Scraped: Debic Profi šlehačka slazená s praktickým rozprašo | EAN=5410488025184 | kcal=338.0
2026-03-17 20:03:51 [kaufland_products] INFO: Scraped: SamYang Buldak Ramen Hot Chicken Cheese Flavor 5er | EAN=8801073141780 | kcal=393.0
2026-03-17 20:03:56 [kaufland_products] INFO: Scraped: Sýrový dip Palapa, 470 ml | EAN=4260099731247 | kcal=137.0
2026-03-17 20:04:00 [kaufland_products] INFO: Scraped: Culinaria Cheese Tortellini vaječné těstoviny se s | EAN=4073400552970 | kcal=316.0
2026-03-17 20:04:01 [kaufland_products] INFO: Scraped: Roland Swiss Twist Švýcarské sýrové tyčinky z list | EAN=7610058207264 | kcal=510.0
2026-03-17 20:04:03 [kaufland_products] INFO: Scraped: Sýrové flipy - Sýrové flipy 75g | EAN=8718754505147 | kcal=495.0
2026-03-17 20:04:08 [kaufland_products] INFO: Scraped: Čerstvá smetana - zahradní bylinky 135g | EAN=4016249076139 | kcal=0.0
2026-03-17 20:04:08 [kaufland_products] WARNING: No nutrition data for: Čerstvá smetana - zahradní bylinky 135g
2026-03-17 20:04:11 [kaufland_products] INFO: Scraped: Pinata Jalapeno sýrová omáčka krémová, pikantní a  | EAN=5708209408003 | kcal=129.0
2026-03-17 20:04:14 [kaufland_products] INFO: Scraped: Frischli mléčný pudink máslové sušenky 85g | EAN=4045500028327 | kcal=79.0
2026-03-17 20:04:17 [kaufland_products] INFO: Scraped: Kráječ na sýr Kesper s potravinovou fólií | EAN=4000270586217 | kcal=0.0
2026-03-17 20:04:17 [kaufland_products] WARNING: No nutrition data for: Kráječ na sýr Kesper s potravinovou fólií
2026-03-17 20:04:18 [kaufland_products] INFO: Scraped: Jogurtový zákys - Lacto Pro® + inulin 3x25g | EAN=4260112342054 | kcal=380.0
2026-03-17 20:04:22 [kaufland_products] INFO: Scraped: Frischli H šlehačka dokonalý objem šlehačky s příc | EAN=4045500011602 | kcal=311.0
2026-03-17 20:04:25 [kaufland_products] INFO: Scraped: Consorzio Vacche Rosse - Parmigiano Reggiano Vacch | EAN=7427266699275 | kcal=0.0
2026-03-17 20:04:25 [kaufland_products] WARNING: No nutrition data for: Consorzio Vacche Rosse - Parmigiano Reggiano Vacche Rosse - 40 Monate - 1 Kg
2026-03-17 20:04:30 [kaufland_products] INFO: Scraped: Alpro kokosový nápoj s rýží a vápníkem veganský or | EAN=5411188116592 | kcal=40.0
2026-03-17 20:04:32 [kaufland_products] INFO: Scraped: Bärenmarke Die Ergiebige 10 kondenzované mléko s v | EAN=4045317053017 | kcal=153.0
2026-03-17 20:04:34 [scrapy.extensions.logstats] INFO: Crawled 269 pages (at 19 pages/min), scraped 251 items (at 19 items/min)
2026-03-17 20:04:35 [kaufland_products] INFO: Scraped: Dětské čokoládové bonbóny bílé s mléčnou náplní je | EAN=8000500289877 | kcal=0.0
2026-03-17 20:04:37 [kaufland_products] INFO: Scraped: Frischli podmáslí výrobek a pestrý nápoj 1000ml | EAN=4045500014702 | kcal=37.0
2026-03-17 20:04:40 [kaufland_products] INFO: Scraped: Medový dortík MARLENKA® s vlašskými ořechy 100 g | EAN=8594071650353 | kcal=433.0
2026-03-17 20:04:42 [kaufland_products] INFO: Scraped: Frischli Cappuccino mléko 2,5% dobrá kávová specia | EAN=4045500011633 | kcal=61.0
2026-03-17 20:04:45 [kaufland_products] INFO: Scraped: Bärenmarke trvanlivé mléko 1,5 % tuku nízkotučné u | EAN=4045317058258 | kcal=0.0
2026-03-17 20:04:51 [kaufland_products] INFO: Scraped: Bären Marke Kaffeetraum kondenzované mléko krémové | EAN=4045317052539 | kcal=133.0
2026-03-17 20:04:54 [kaufland_products] INFO: Scraped: PALMOLIVE 2587121004 Tekuté mýdlo Naturals Milk &  | EAN=8714789939674 | kcal=0.0
2026-03-17 20:04:54 [kaufland_products] WARNING: No nutrition data for: PALMOLIVE 2587121004 Tekuté mýdlo Naturals Milk & Olive 300 ml
2026-03-17 20:04:56 [kaufland_products] INFO: Scraped: Bärenmarke Die Ergiebige 10 kondenzované mléko | EAN=4045317050290 | kcal=153.0
2026-03-17 20:04:58 [kaufland_products] INFO: Scraped: Chutná příchuť | Ferrero Kinder Smetanové mléko a  | EAN=8000500346815 | kcal=537.0
2026-03-17 20:05:01 [kaufland_products] INFO: Scraped: Skladovatelnéalpské mléko 1,5 % tuku bez laktózy 1 | EAN=4101530007418 | kcal=48.0
2026-03-17 20:05:04 [kaufland_products] INFO: Scraped: ArlaH Plnotučné mléko 1,5 z jemného trvanlivého vr | EAN=4016241070234 | kcal=47.0
2026-03-17 20:05:06 [kaufland_products] INFO: Scraped: Bärenmarke Leichte Die Leichte 4 | EAN=4045317050283 | kcal=99.0
2026-03-17 20:05:09 [kaufland_products] INFO: Scraped: Nestl Nido suen plnotun mlko 400g Dos | EAN=8715000998630 | kcal=496.0
2026-03-17 20:05:12 [kaufland_products] INFO: Scraped: ArlaH Plnotučné mléko 3,8 z jemného trvanlivého vr | EAN=4016241070227 | kcal=66.0
2026-03-17 20:05:17 [kaufland_products] INFO: Scraped: Alpro Soya Drink Přírodní čistě rostlinný nápoj pl | EAN=5411188115472 | kcal=39.0
2026-03-17 20:05:20 [kaufland_products] INFO: Scraped: Weihenstephan 11342 Weihenstephan Milch 3,5 % 12x  | EAN=4008452027602 | kcal=64.0
2026-03-17 20:05:22 [kaufland_products] INFO: Scraped: Trvanlivéalpské mléko 1,5 % tuku 1 litr | EAN=4101530002567 | kcal=48.0
2026-03-17 20:05:25 [kaufland_products] INFO: Scraped: Naarmann bezlaktózové trvanlivé mléko 1,5 % tuku 1 | EAN=4065400002968 | kcal=0.0
2026-03-17 20:05:27 [kaufland_products] INFO: Scraped: Plnotučné kozí mléko 3,0 % tuku 1 litr | EAN=4104060031526 | kcal=59.0
2026-03-17 20:05:30 [kaufland_products] INFO: Scraped: Naarmann plnotučné mléko bez laktózy H mléko šroub | EAN=4065400002975 | kcal=66.0
2026-03-17 20:05:34 [scrapy.extensions.logstats] INFO: Crawled 289 pages (at 20 pages/min), scraped 271 items (at 20 items/min)
2026-03-17 20:05:35 [kaufland_products] INFO: Scraped: Trvanlivéalpské mléko 3,5 % tuku 1 litr | EAN=4101530002505 | kcal=66.0
2026-03-17 20:05:38 [kaufland_products] INFO: Scraped: Bärenmarke trvanlivé mléko 3,8 % tuku ultra-vysoký | EAN=4045317058265 | kcal=0.0
2026-03-17 20:05:40 [kaufland_products] INFO: Scraped: Ritter Sport Fruity Duo jogurtový krém a kousky ma | EAN=4000417663115 | kcal=0.0
2026-03-17 20:05:43 [kaufland_products] INFO: Scraped: Yogurette jahodová mléčná čokoláda s jahodovým kré | EAN=40084527 0000040084527 | kcal=571.0
2026-03-17 20:05:45 [kaufland_products] INFO: Scraped: Jogurtový dezert Dr. Oetker Aranca meruňka a marac | EAN=4000521458607 | kcal=95.0
2026-03-17 20:05:50 [kaufland_products] INFO: Scraped: ProfiCook PC-ICM 1140 - Zmrzlinovač - 1,8 l - 12 W | EAN=4006160114010 | kcal=0.0
2026-03-17 20:05:50 [kaufland_products] WARNING: No nutrition data for: ProfiCook PC-ICM 1140 - Zmrzlinovač - 1,8 l - 12 W - nerezová ocel
2026-03-17 20:05:51 [kaufland_products] INFO: Scraped: Storck nimm2 Lachgummi ovocné a jogurtové žvýkačky | EAN=4014400912166 | kcal=333.0
2026-03-17 20:05:57 [kaufland_products] INFO: Scraped: Jogurtovač - bez elektrolytu bílý/mátový | EAN=4260112341040 | kcal=0.0
2026-03-17 20:05:57 [kaufland_products] WARNING: No nutrition data for: Jogurtovač - bez elektrolytu bílý/mátový
2026-03-17 20:05:59 [kaufland_products] INFO: Scraped: Milka 760846 Milka Erdbeer Schokolade 100,0 g | EAN=7622300291785 | kcal=560.0
2026-03-17 20:06:01 [kaufland_products] INFO: Scraped: Kölln müsli křupavé jogurtovo-malinové, 500g | EAN=4000540003567 | kcal=0.0
2026-03-17 20:06:01 [kaufland_products] WARNING: No nutrition data for: Kölln müsli křupavé jogurtovo-malinové, 500g
2026-03-17 20:06:06 [kaufland_products] INFO: Scraped: Ariete 0615/00 Tvaroh, jogurt 500 W | EAN=8003705117990 | kcal=0.0
2026-03-17 20:06:06 [kaufland_products] WARNING: No nutrition data for: Ariete 0615/00 Tvaroh, jogurt 500 W
2026-03-17 20:06:09 [kaufland_products] INFO: Scraped: Haribo Fruitmania jogurtoví medvídci vinné žvýkačk | EAN=4001686322567 | kcal=337.0
2026-03-17 20:06:11 [kaufland_products] INFO: Scraped: Stroj na výrobu mléčných koktejlů Quilons Výrobník | EAN=4260420742034 | kcal=0.0
2026-03-17 20:06:11 [kaufland_products] WARNING: No nutrition data for: Stroj na výrobu mléčných koktejlů Quilons Výrobník mraženého jogurtu A-goods
2026-03-17 20:06:13 [kaufland_products] INFO: Scraped: Frischli Buttermilk Dessert 85g | EAN=4045500028419 | kcal=104.0
2026-03-17 20:06:16 [kaufland_products] INFO: Scraped: Vitalis jogurtové müsli 0,6Kg | EAN=4000521663407 | kcal=414.0
2026-03-17 20:06:18 [kaufland_products] INFO: Scraped: Clatronic Eiscreme-Maker ICM 3764 Weiss | EAN=4006160639568 | kcal=0.0
2026-03-17 20:06:18 [kaufland_products] WARNING: No nutrition data for: Clatronic Eiscreme-Maker ICM 3764 Weiss
2026-03-17 20:06:23 [kaufland_products] INFO: Scraped: Schogetten jogurt jahoda alpská mléčná čokoláda ko | EAN=4000607164002 | kcal=546.0
2026-03-17 20:06:26 [kaufland_products] INFO: Scraped: Granola tyčinka Corny s jahodovým jogurtem a medem | EAN=4011800524210 | kcal=0.0
2026-03-17 20:06:28 [kaufland_products] INFO: Scraped: Frischli ovocný dezert jahoda bez 85g | EAN=4045500028204 | kcal=124.0
2026-03-17 20:06:31 [kaufland_products] INFO: Scraped: nimm2 Lachgummi Softies jogurtová ovocná žvýkačka  | EAN=4014400916867 4014400382037 | kcal=331.0
2026-03-17 20:06:34 [kaufland_products] INFO: Scraped: Milka Křupavá mléčná čokoláda s jogurtovou náplní  | EAN=7622400904608 | kcal=550.0
2026-03-17 20:06:34 [scrapy.extensions.logstats] INFO: Crawled 310 pages (at 21 pages/min), scraped 292 items (at 21 items/min)
2026-03-17 20:06:38 [kaufland_products] INFO: Scraped: Milka jogurtová čokoláda 100g | EAN=4025700001450 | kcal=573.0
2026-03-17 20:06:40 [kaufland_products] INFO: [máslo] page 1: found 25 product links
2026-03-17 20:06:43 [kaufland_products] INFO: [šunka] page 1: found 10 product links
2026-03-17 20:06:48 [kaufland_products] INFO: [rýže] page 1: found 18 product links
2026-03-17 20:06:51 [kaufland_products] INFO: [máslo] page 2: found 23 product links
2026-03-17 20:06:52 [kaufland_products] INFO: [šunka] page 2: found 25 product links
2026-03-17 20:06:55 [kaufland_products] INFO: [rýže] page 2: found 5 product links
2026-03-17 20:06:59 [scrapy-playwright] WARNING: Closing page due to failed request: <GET https://www.kaufland.cz/s/?search_value=ku%C5%99ec%C3%AD> exc_type=<class 'playwright._impl._errors.TimeoutError'> exc_msg=Page.wait_for_selector: Timeout 15000ms exceeded.
Call log:
  - waiting for locator("a[href*='/product/']") to be visible
Traceback (most recent call last):
  File "/home/krokviak/.local/lib/python3.12/site-packages/scrapy_playwright/handler.py", line 480, in _download_request_with_retry
    return await self._download_request_with_page(request, page, spider)
           ^^^^^^^^^^^^^^^^^^^^^^^^^^^^^^^^^^^^^^^^^^^^^^^^^^^^^^^^^^^^^
  File "/home/krokviak/.local/lib/python3.12/site-packages/scrapy_playwright/handler.py", line 528, in _download_request_with_page
    await self._apply_page_methods(page, request, spider)
  File "/home/krokviak/.local/lib/python3.12/site-packages/scrapy_playwright/handler.py", line 678, in _apply_page_methods
    pm.result = await _maybe_await(method(*pm.args, **pm.kwargs))
                ^^^^^^^^^^^^^^^^^^^^^^^^^^^^^^^^^^^^^^^^^^^^^^^^^
  File "/home/krokviak/.local/lib/python3.12/site-packages/scrapy_playwright/_utils.py", line 23, in _maybe_await
    return await obj
           ^^^^^^^^^
  File "/home/krokviak/.local/lib/python3.12/site-packages/playwright/async_api/_generated.py", line 8234, in wait_for_selector
    await self._impl_obj.wait_for_selector(
  File "/home/krokviak/.local/lib/python3.12/site-packages/playwright/_impl/_page.py", line 419, in wait_for_selector
    return await self._main_frame.wait_for_selector(**locals_to_params(locals()))
           ^^^^^^^^^^^^^^^^^^^^^^^^^^^^^^^^^^^^^^^^^^^^^^^^^^^^^^^^^^^^^^^^^^^^^^
  File "/home/krokviak/.local/lib/python3.12/site-packages/playwright/_impl/_frame.py", line 369, in wait_for_selector
    await self._channel.send(
  File "/home/krokviak/.local/lib/python3.12/site-packages/playwright/_impl/_connection.py", line 69, in send
    return await self._connection.wrap_api_call(
           ^^^^^^^^^^^^^^^^^^^^^^^^^^^^^^^^^^^^^
  File "/home/krokviak/.local/lib/python3.12/site-packages/playwright/_impl/_connection.py", line 559, in wrap_api_call
    raise rewrite_error(error, f"{parsed_st['apiName']}: {error}") from None
playwright._impl._errors.TimeoutError: Page.wait_for_selector: Timeout 15000ms exceeded.
Call log:
  - waiting for locator("a[href*='/product/']") to be visible

2026-03-17 20:07:00 [kaufland_products] WARNING: Request failed: https://www.kaufland.cz/s/?search_value=ku%C5%99ec%C3%AD: Page.wait_for_selector: Timeout 15000ms exceeded.
Call log:
  - waiting for locator("a[href*='/product/']") to be visible

2026-03-17 20:07:00 [kaufland_products] INFO: [šunka] page 3: found 10 product links
2026-03-17 20:07:03 [kaufland_products] INFO: [rýže] page 3: found 11 product links
2026-03-17 20:07:05 [kaufland_products] INFO: Scraped: Casa Rinaldi Riso Carnaroli Superfino italienische | EAN=8006165390774 | kcal=347.0
2026-03-17 20:07:08 [kaufland_products] INFO: [šunka] page 4: found 4 product links
2026-03-17 20:07:10 [kaufland_products] INFO: [rýže] page 4: found 2 product links
2026-03-17 20:07:11 [scrapy-playwright] WARNING: Closing page due to failed request: <GET https://www.kaufland.cz/s/?search_value=m%C3%A1slo&page=3> exc_type=<class 'playwright._impl._errors.TimeoutError'> exc_msg=Page.wait_for_selector: Timeout 15000ms exceeded.
Call log:
  - waiting for locator("a[href*='/product/']") to be visible
Traceback (most recent call last):
  File "/home/krokviak/.local/lib/python3.12/site-packages/scrapy_playwright/handler.py", line 480, in _download_request_with_retry
    return await self._download_request_with_page(request, page, spider)
           ^^^^^^^^^^^^^^^^^^^^^^^^^^^^^^^^^^^^^^^^^^^^^^^^^^^^^^^^^^^^^
  File "/home/krokviak/.local/lib/python3.12/site-packages/scrapy_playwright/handler.py", line 528, in _download_request_with_page
    await self._apply_page_methods(page, request, spider)
  File "/home/krokviak/.local/lib/python3.12/site-packages/scrapy_playwright/handler.py", line 678, in _apply_page_methods
    pm.result = await _maybe_await(method(*pm.args, **pm.kwargs))
                ^^^^^^^^^^^^^^^^^^^^^^^^^^^^^^^^^^^^^^^^^^^^^^^^^
  File "/home/krokviak/.local/lib/python3.12/site-packages/scrapy_playwright/_utils.py", line 23, in _maybe_await
    return await obj
           ^^^^^^^^^
  File "/home/krokviak/.local/lib/python3.12/site-packages/playwright/async_api/_generated.py", line 8234, in wait_for_selector
    await self._impl_obj.wait_for_selector(
  File "/home/krokviak/.local/lib/python3.12/site-packages/playwright/_impl/_page.py", line 419, in wait_for_selector
    return await self._main_frame.wait_for_selector(**locals_to_params(locals()))
           ^^^^^^^^^^^^^^^^^^^^^^^^^^^^^^^^^^^^^^^^^^^^^^^^^^^^^^^^^^^^^^^^^^^^^^
  File "/home/krokviak/.local/lib/python3.12/site-packages/playwright/_impl/_frame.py", line 369, in wait_for_selector
    await self._channel.send(
  File "/home/krokviak/.local/lib/python3.12/site-packages/playwright/_impl/_connection.py", line 69, in send
    return await self._connection.wrap_api_call(
           ^^^^^^^^^^^^^^^^^^^^^^^^^^^^^^^^^^^^^
  File "/home/krokviak/.local/lib/python3.12/site-packages/playwright/_impl/_connection.py", line 559, in wrap_api_call
    raise rewrite_error(error, f"{parsed_st['apiName']}: {error}") from None
playwright._impl._errors.TimeoutError: Page.wait_for_selector: Timeout 15000ms exceeded.
Call log:
  - waiting for locator("a[href*='/product/']") to be visible

2026-03-17 20:07:12 [kaufland_products] WARNING: Request failed: https://www.kaufland.cz/s/?search_value=m%C3%A1slo&page=3: Page.wait_for_selector: Timeout 15000ms exceeded.
Call log:
  - waiting for locator("a[href*='/product/']") to be visible

2026-03-17 20:07:13 [kaufland_products] INFO: Scraped: Polenta kukuřičná krupice 450g | EAN=4260192842215 | kcal=352.0
2026-03-17 20:07:16 [kaufland_products] INFO: [šunka] page 5: found 2 product links
2026-03-17 20:07:20 [kaufland_products] INFO: Scraped: Přírodní hnědá rýže 1000g TARGROCH | EAN=5903229001825 | kcal=354.0
2026-03-17 20:07:22 [kaufland_products] INFO: Scraped: Dlouhozrnná rýže Thaibonnet bílá 500g | EAN=4022381016957 | kcal=0.0
2026-03-17 20:07:22 [kaufland_products] WARNING: No nutrition data for: Dlouhozrnná rýže Thaibonnet bílá 500g
2026-03-17 20:07:25 [kaufland_products] INFO: Scraped: Nůž na šunku 3 Claveles Pom 29 cm z nerezové oceli | EAN=8410990009655 | kcal=0.0
2026-03-17 20:07:25 [kaufland_products] WARNING: No nutrition data for: Nůž na šunku 3 Claveles Pom 29 cm z nerezové oceli
2026-03-17 20:07:28 [kaufland_products] INFO: Scraped: Salumificio Rossi - Prosciutto di Parma PDO 24 Mon | EAN=8033462255055 | kcal=1113.0
2026-03-17 20:07:31 [kaufland_products] INFO: Scraped: Rádio Retevis RT668B, vysílačka PMR446 se sluchátk | EAN=0735942969367 735942969367 | kcal=0.0
2026-03-17 20:07:31 [kaufland_products] WARNING: No nutrition data for: Rádio Retevis RT668B, vysílačka PMR446 se sluchátky pro dospělé, VOX, 16 kanálů, CTCSS/DCS, pro kempování
2026-03-17 20:07:32 [scrapy-playwright] WARNING: Closing page due to failed request: <GET https://www.kaufland.cz/s/?search_value=r%C3%BD%C5%BEe&page=5> exc_type=<class 'playwright._impl._errors.TimeoutError'> exc_msg=Page.wait_for_selector: Timeout 15000ms exceeded.
Call log:
  - waiting for locator("a[href*='/product/']") to be visible
Traceback (most recent call last):
  File "/home/krokviak/.local/lib/python3.12/site-packages/scrapy_playwright/handler.py", line 480, in _download_request_with_retry
    return await self._download_request_with_page(request, page, spider)
           ^^^^^^^^^^^^^^^^^^^^^^^^^^^^^^^^^^^^^^^^^^^^^^^^^^^^^^^^^^^^^
  File "/home/krokviak/.local/lib/python3.12/site-packages/scrapy_playwright/handler.py", line 528, in _download_request_with_page
    await self._apply_page_methods(page, request, spider)
  File "/home/krokviak/.local/lib/python3.12/site-packages/scrapy_playwright/handler.py", line 678, in _apply_page_methods
    pm.result = await _maybe_await(method(*pm.args, **pm.kwargs))
                ^^^^^^^^^^^^^^^^^^^^^^^^^^^^^^^^^^^^^^^^^^^^^^^^^
  File "/home/krokviak/.local/lib/python3.12/site-packages/scrapy_playwright/_utils.py", line 23, in _maybe_await
    return await obj
           ^^^^^^^^^
  File "/home/krokviak/.local/lib/python3.12/site-packages/playwright/async_api/_generated.py", line 8234, in wait_for_selector
    await self._impl_obj.wait_for_selector(
  File "/home/krokviak/.local/lib/python3.12/site-packages/playwright/_impl/_page.py", line 419, in wait_for_selector
    return await self._main_frame.wait_for_selector(**locals_to_params(locals()))
           ^^^^^^^^^^^^^^^^^^^^^^^^^^^^^^^^^^^^^^^^^^^^^^^^^^^^^^^^^^^^^^^^^^^^^^
  File "/home/krokviak/.local/lib/python3.12/site-packages/playwright/_impl/_frame.py", line 369, in wait_for_selector
    await self._channel.send(
  File "/home/krokviak/.local/lib/python3.12/site-packages/playwright/_impl/_connection.py", line 69, in send
    return await self._connection.wrap_api_call(
           ^^^^^^^^^^^^^^^^^^^^^^^^^^^^^^^^^^^^^
  File "/home/krokviak/.local/lib/python3.12/site-packages/playwright/_impl/_connection.py", line 559, in wrap_api_call
    raise rewrite_error(error, f"{parsed_st['apiName']}: {error}") from None
playwright._impl._errors.TimeoutError: Page.wait_for_selector: Timeout 15000ms exceeded.
Call log:
  - waiting for locator("a[href*='/product/']") to be visible

2026-03-17 20:07:32 [kaufland_products] WARNING: Request failed: https://www.kaufland.cz/s/?search_value=r%C3%BD%C5%BEe&page=5: Page.wait_for_selector: Timeout 15000ms exceeded.
Call log:
  - waiting for locator("a[href*='/product/']") to be visible

2026-03-17 20:07:34 [scrapy.extensions.logstats] INFO: Crawled 329 pages (at 19 pages/min), scraped 300 items (at 8 items/min)
2026-03-17 20:07:35 [kaufland_products] INFO: Scraped: Eisenbach LH-049: 9dílná profesionální sada nožů s | EAN=4895251805575 | kcal=0.0
2026-03-17 20:07:35 [kaufland_products] WARNING: No nutrition data for: Eisenbach LH-049: 9dílná profesionální sada nožů s rolovací taškou na přenášení
2026-03-17 20:07:38 [kaufland_products] INFO: Scraped: Rapunzel 406430, Rýžové zrno, 500 g, Itálie, CE, 3 | EAN=4006040106616 | kcal=1499.0
2026-03-17 20:07:41 [kaufland_products] INFO: Scraped: [400g] BAMBOO TREE rýžový papír, kulatý Ø 22cm na  | EAN=0087666053052 8936007910023 87666053052 | kcal=351.0
2026-03-17 20:07:43 [kaufland_products] INFO: Scraped: Rýže Tilda Basmati, 10 kg + 1 kg = 11 kg | EAN=5011157930503 | kcal=360.0
2026-03-17 20:07:46 [kaufland_products] INFO: Scraped: Tyčinky 200g | EAN=4006748009158 | kcal=356.0
2026-03-17 20:07:50 [kaufland_products] INFO: Scraped: Šafránové rizoto, 300 g | EAN=8000571082964 | kcal=0.0
2026-03-17 20:07:53 [kaufland_products] INFO: Scraped: Střední ječné kroupy 1kg Brat.pl | EAN=5906721132196 | kcal=370.0
2026-03-17 20:07:55 [kaufland_products] INFO: Scraped: Chlebové kroupy 1kg (2x500g) | EAN=5905514507142 | kcal=389.0
2026-03-17 20:07:57 [kaufland_products] INFO: Scraped: Hnědá rýže 25kg | EAN=5905514508637 | kcal=337.0
2026-03-17 20:08:02 [kaufland_products] INFO: Scraped: Blok nožů Wüsthof Classic Ikon s 9 položkami | EAN=4002293101477 | kcal=0.0
2026-03-17 20:08:02 [kaufland_products] WARNING: No nutrition data for: Blok nožů Wüsthof Classic Ikon s 9 položkami
2026-03-17 20:08:04 [kaufland_products] INFO: Scraped: Moritz 2,5 kg udící moučka buk s jalovcem jemná 0, | EAN=4260761016467 | kcal=0.0
2026-03-17 20:08:04 [kaufland_products] WARNING: No nutrition data for: Moritz 2,5 kg udící moučka buk s jalovcem jemná 0,5 -1 mm uzení I studené uzení ryb maso klobásy sýry zelenina také pro BBQ I gril - uzení chipsy
2026-03-17 20:08:07 [kaufland_products] INFO: Scraped: LAVA METAL TRIO ECO litinová grilovací pánev 26x30 | EAN=8682998022534 | kcal=0.0
2026-03-17 20:08:07 [kaufland_products] WARNING: No nutrition data for: LAVA METAL TRIO ECO litinová grilovací pánev 26x30 cm
2026-03-17 20:08:10 [kaufland_products] INFO: Scraped: Sada nožů Wüsthof Classic se 3 noži | EAN=4002293107134 | kcal=0.0
2026-03-17 20:08:10 [kaufland_products] WARNING: No nutrition data for: Sada nožů Wüsthof Classic se 3 noži
2026-03-17 20:08:12 [kaufland_products] INFO: Scraped: Kuřácká sada Ohniště Trubky Ohyb trubky Kuřácká sa | EAN=4260668377524 | kcal=0.0
2026-03-17 20:08:12 [kaufland_products] WARNING: No nutrition data for: Kuřácká sada Ohniště Trubky Ohyb trubky Kuřácká sada Kovová černá 6637
2026-03-17 20:08:18 [kaufland_products] INFO: Scraped: L.E.W. skříň na zrání masa a klobás, ryb a sušenéh | EAN=4170000180449 | kcal=0.0
2026-03-17 20:08:18 [kaufland_products] WARNING: No nutrition data for: L.E.W. skříň na zrání masa a klobás, ryb a sušeného hovězího masa Sušicí skříň Ideální pro vlastní výrobu klobás Vertikální model 5
2026-03-17 20:08:19 [kaufland_products] INFO: Scraped: Šunkovar Debrecínka malá - forma na domácí šunku | EAN=0769503309934 769503309934 | kcal=0.0
2026-03-17 20:08:19 [kaufland_products] WARNING: No nutrition data for: Šunkovar Debrecínka malá - forma na domácí šunku
2026-03-17 20:08:22 [kaufland_products] INFO: Scraped: Vysílačka Retevis RB648 Plus s dlouhým dosahem, ro | EAN=0735942968797 735942968797 | kcal=0.0
2026-03-17 20:08:22 [kaufland_products] WARNING: No nutrition data for: Vysílačka Retevis RB648 Plus s dlouhým dosahem, robustní vysílačka, vodotěsná IP67, 2000 mAh, trojnásobná odolnost, SOS dual PTT, ruční vysílačka pro pěší turistiku
2026-03-17 20:08:26 [kaufland_products] INFO: Scraped: Černá rýže 1kg (2x500g) | EAN=5905514507401 | kcal=354.0
2026-03-17 20:08:28 [kaufland_products] INFO: Scraped: Divoká rýže 1000g Targroch | EAN=5903229004833 | kcal=360.0
2026-03-17 20:08:31 [kaufland_products] INFO: Scraped: Rýže Tilda Basmati, 20 kg | EAN=5011157030609 | kcal=356.0
2026-03-17 20:08:33 [kaufland_products] INFO: Scraped: Tilda Superior Basmati Brokens, 10 kg | EAN=5011157330402 | kcal=0.0
2026-03-17 20:08:33 [kaufland_products] WARNING: No nutrition data for: Tilda Superior Basmati Brokens, 10 kg
2026-03-17 20:08:34 [scrapy.extensions.logstats] INFO: Crawled 350 pages (at 21 pages/min), scraped 321 items (at 21 items/min)
2026-03-17 20:08:37 [kaufland_products] INFO: Scraped: Maggi Wirtshaus šunkové nudle pikantní se smaženou | EAN=7613035890022 | kcal=119.0
2026-03-17 20:08:40 [kaufland_products] INFO: Scraped: CONTACTO Držák na šunku, výška: 150 mm | EAN=4003625109406 | kcal=0.0
2026-03-17 20:08:40 [kaufland_products] WARNING: No nutrition data for: CONTACTO Držák na šunku, výška: 150 mm
2026-03-17 20:08:43 [kaufland_products] INFO: Scraped: Salumificio Rossi - Prosciutto di Parma PDO 24 Mon | EAN=8033462251934 | kcal=1113.0
2026-03-17 20:08:46 [kaufland_products] INFO: Scraped: Sada na výrobu Sandwich | EAN=8719075494301 | kcal=0.0
2026-03-17 20:08:46 [kaufland_products] WARNING: No nutrition data for: Sada na výrobu Sandwich
2026-03-17 20:08:51 [kaufland_products] INFO: Scraped: Maggi Fix pro troubu tortelloni alla panna rafinov | EAN=7613031698417 | kcal=151.0
2026-03-17 20:08:53 [kaufland_products] INFO: Scraped: Feliator electric DOMO DO523S, 120 W | EAN=5411397148186 | kcal=0.0
2026-03-17 20:08:53 [kaufland_products] WARNING: No nutrition data for: Feliator electric DOMO DO523S, 120 W
2026-03-17 20:08:56 [kaufland_products] INFO: Scraped: Blok nožů Wüsthof Classic s 9 položkami | EAN=4002293107523 | kcal=0.0
2026-03-17 20:08:56 [kaufland_products] WARNING: No nutrition data for: Blok nožů Wüsthof Classic s 9 položkami
2026-03-17 20:08:59 [kaufland_products] INFO: Scraped: L.E.W. Sušení masa a uzenin, ryb a hovězího masa | | EAN=4170000094760 | kcal=0.0
2026-03-17 20:08:59 [kaufland_products] WARNING: No nutrition data for: L.E.W. Sušení masa a uzenin, ryb a hovězího masa | Ideální pro sušení masa, uzenin, ryb atd. | Sada příslušenství pro kadidlo |
2026-03-17 20:09:02 [kaufland_products] INFO: Scraped: Bílkovinné pouzdro karamel fi 100 mm 5 m | EAN=5905261002914 | kcal=0.0
2026-03-17 20:09:02 [kaufland_products] WARNING: No nutrition data for: Bílkovinné pouzdro karamel fi 100 mm 5 m
2026-03-17 20:09:04 [kaufland_products] INFO: Scraped: Maggi Fix na květákové bramborové ragú s petrželko | EAN=7613031699513 | kcal=76.0
2026-03-17 20:09:07 [kaufland_products] INFO: Scraped: Čepel na těsto pro Thermomix TM7 TM6 TM5, náhradní | EAN=9417297623125 | kcal=0.0
2026-03-17 20:09:07 [kaufland_products] WARNING: No nutrition data for: Čepel na těsto pro Thermomix TM7 TM6 TM5, náhradní čepel na míchání těsta pro Thermomix, příslušenství k náhradním čepelím na míchání pro Vorwerk Thermomix TM7 TM6 TM5
2026-03-17 20:09:10 [kaufland_products] INFO: Scraped: ZWILLING Professional S sada nožů 8 ks, buk | EAN=4009839655968 | kcal=0.0
2026-03-17 20:09:10 [kaufland_products] WARNING: No nutrition data for: ZWILLING Professional S sada nožů 8 ks, buk
2026-03-17 20:09:15 [kaufland_products] INFO: Scraped: RUSSELL HOBBS 26810-56 Sendvičovač 3 v 1 | EAN=5038061151473 | kcal=0.0
2026-03-17 20:09:15 [kaufland_products] WARNING: No nutrition data for: RUSSELL HOBBS 26810-56 Sendvičovač 3 v 1
2026-03-17 20:09:18 [kaufland_products] INFO: Scraped: ORION kuchyňský teploměr Teploměr na maso s klipem | EAN=8592381114404 | kcal=0.0
2026-03-17 20:09:18 [kaufland_products] WARNING: No nutrition data for: ORION kuchyňský teploměr Teploměr na maso s klipem pro měření teploty masa polévek mléka
2026-03-17 20:09:20 [kaufland_products] INFO: Scraped: Sada nožů Wüsthof Classic se 6 kusy | EAN=4002293107295 | kcal=0.0
2026-03-17 20:09:20 [kaufland_products] WARNING: No nutrition data for: Sada nožů Wüsthof Classic se 6 kusy
2026-03-17 20:09:23 [kaufland_products] INFO: Scraped: L.E.W. Sušení masa a uzenin, ryb a hovězího masa | | EAN=4170000094746 | kcal=0.0
2026-03-17 20:09:23 [kaufland_products] WARNING: No nutrition data for: L.E.W. Sušení masa a uzenin, ryb a hovězího masa | Ideální pro sušení masa, uzenin, ryb atd. | Sada příslušenství pro kadidlo |
2026-03-17 20:09:26 [kaufland_products] INFO: Scraped: Stuzzy Dog kapsa Adult šunka 24X100G | EAN=8005852257314 | kcal=0.0
2026-03-17 20:09:27 [kaufland_products] INFO: Scraped: VEVOR gril na selata gril na jehněčí maso 100,6 cm | EAN=0840349902852 840349902852 | kcal=0.0
2026-03-17 20:09:27 [kaufland_products] WARNING: No nutrition data for: VEVOR gril na selata gril na jehněčí maso 100,6 cm, 12 kg nerezový rožeň na pečení 9 W, gril na jehněčí maso BBQ grilovací vozík na grilování, velký rožeň vhodný na krůtu, šunku atd.
2026-03-17 20:09:30 [kaufland_products] INFO: Scraped: L.E.W. Sušení masa a uzenin, ryb a hovězího masa | | EAN=4170000094753 | kcal=0.0
2026-03-17 20:09:30 [kaufland_products] WARNING: No nutrition data for: L.E.W. Sušení masa a uzenin, ryb a hovězího masa | Ideální pro sušení masa, uzenin, ryb atd. | Sada příslušenství pro kadidlo |
2026-03-17 20:09:34 [scrapy.extensions.logstats] INFO: Crawled 369 pages (at 19 pages/min), scraped 340 items (at 19 items/min)
2026-03-17 20:09:35 [kaufland_products] INFO: Scraped: SEVERIN AS 3912 Univerzální kráječ SEVERIN Compact | EAN=4008146043765 | kcal=0.0
2026-03-17 20:09:35 [kaufland_products] WARNING: No nutrition data for: SEVERIN AS 3912 Univerzální kráječ SEVERIN Compact AS 3912, bílý / černý
2026-03-17 20:09:38 [kaufland_products] INFO: Scraped: Věšák na hrnce Věšák na pánve Cocina 65 cm Stropní | EAN=4260407932427 | kcal=0.0
2026-03-17 20:09:38 [kaufland_products] WARNING: No nutrition data for: Věšák na hrnce Věšák na pánve Cocina 65 cm Stropní police Závěsná police Závěsná klobásová koruna
2026-03-17 20:09:41 [kaufland_products] INFO: Scraped: Mepal máslová mísa Nordic Blue | EAN=8720294010852 | kcal=0.0
2026-03-17 20:09:41 [kaufland_products] WARNING: No nutrition data for: Mepal máslová mísa Nordic Blue
2026-03-17 20:09:44 [kaufland_products] INFO: Scraped: Bambusová dóza na máslo a sýr CHEESE AND BUTTER BO | EAN=3560233843463 | kcal=0.0
2026-03-17 20:09:44 [kaufland_products] WARNING: No nutrition data for: Bambusová dóza na máslo a sýr CHEESE AND BUTTER BOX
2026-03-17 20:09:46 [kaufland_products] INFO: Scraped: Velká miska na máslo na porcelánovém talíři Miska  | EAN=4260542963676 | kcal=0.0
2026-03-17 20:09:46 [kaufland_products] WARNING: No nutrition data for: Velká miska na máslo na porcelánovém talíři Miska na máslo Miska na máslo v lednici
2026-03-17 20:09:49 [kaufland_products] INFO: Scraped: Kinghoff ocelová miska na máslo 8190 | EAN=5908287214620 | kcal=0.0
2026-03-17 20:09:49 [kaufland_products] WARNING: No nutrition data for: Kinghoff ocelová miska na máslo 8190
2026-03-17 20:09:54 [kaufland_products] INFO: Scraped: Maxwell & Williams Mísa na máslo White Basics 16 x | EAN=9315121608143 | kcal=0.0
2026-03-17 20:09:54 [kaufland_products] WARNING: No nutrition data for: Maxwell & Williams Mísa na máslo White Basics 16 x 13 cm
2026-03-17 20:09:56 [kaufland_products] INFO: Scraped: Kinghoff Ocelová Miska Na Máslo Kh-1209 | EAN=5908287212091 | kcal=0.0
2026-03-17 20:09:56 [kaufland_products] WARNING: No nutrition data for: Kinghoff Ocelová Miska Na Máslo Kh-1209
2026-03-17 20:09:59 [kaufland_products] INFO: Scraped: Koopman Keramická mini máslenka | EAN=8719202444025 | kcal=0.0
2026-03-17 20:09:59 [kaufland_products] WARNING: No nutrition data for: Koopman Keramická mini máslenka
2026-03-17 20:10:01 [kaufland_products] INFO: Scraped: Dóza na máslo máslenka smaltovaná 17x12 cm, bílá/m | EAN=4006776120252 | kcal=0.0
2026-03-17 20:10:01 [kaufland_products] WARNING: No nutrition data for: Dóza na máslo máslenka smaltovaná 17x12 cm, bílá/modrá
2026-03-17 20:10:04 [kaufland_products] INFO: Scraped: FIFTYEIGHT PRODUCTS T013401 FIFTYEIGHT Butterdose  | EAN=4250255859687 | kcal=0.0
2026-03-17 20:10:04 [kaufland_products] WARNING: No nutrition data for: FIFTYEIGHT PRODUCTS T013401 FIFTYEIGHT Butterdose Versteckt weiß
2026-03-17 20:10:07 [kaufland_products] INFO: Scraped: TUPPERWARE miska na máslo J10 Junge Welle bílá ple | EAN=756892119831 | kcal=0.0
2026-03-17 20:10:07 [kaufland_products] WARNING: No nutrition data for: TUPPERWARE miska na máslo J10 Junge Welle bílá plechovka
2026-03-17 20:10:11 [kaufland_products] INFO: Scraped: HOMLA FINCAN miska na máslo nerezová dóza na máslo | EAN=5902869958339 | kcal=0.0
2026-03-17 20:10:11 [kaufland_products] WARNING: No nutrition data for: HOMLA FINCAN miska na máslo nerezová dóza na máslo zvonek na máslo z keramiky 22 cm Homla
2026-03-17 20:10:15 [kaufland_products] INFO: Scraped: Elitehoff sada 4 kuchyňských nádob a misky na másl | EAN=5907768760557 | kcal=0.0
2026-03-17 20:10:15 [kaufland_products] WARNING: No nutrition data for: Elitehoff sada 4 kuchyňských nádob a misky na máslo 49316
2026-03-17 20:10:17 [kaufland_products] INFO: Scraped: Ibili-Blanca kastrol, smaltovaná ocel, 17x12x6 cm, | EAN=8411922449716 | kcal=0.0
2026-03-17 20:10:17 [kaufland_products] WARNING: No nutrition data for: Ibili-Blanca kastrol, smaltovaná ocel, 17x12x6 cm, bílá/modrá
2026-03-17 20:10:19 [kaufland_products] INFO: Scraped: Průhledná skleněná miska na máslo s víkem | EAN=5904542405741 | kcal=0.0
2026-03-17 20:10:19 [kaufland_products] WARNING: No nutrition data for: Průhledná skleněná miska na máslo s víkem
2026-03-17 20:10:22 [kaufland_products] INFO: Scraped: Tescoma Máslenka GrandCHEF | EAN=8595028483932 | kcal=0.0
2026-03-17 20:10:22 [kaufland_products] WARNING: No nutrition data for: Tescoma Máslenka GrandCHEF
2026-03-17 20:10:26 [kaufland_products] INFO: Scraped: Máslenka Terra s víkem kulatá pro 250g máslenku hl | EAN=4251967510149 | kcal=0.0
2026-03-17 20:10:26 [kaufland_products] WARNING: No nutrition data for: Máslenka Terra s víkem kulatá pro 250g máslenku hliněný zvonek na máslo chladič
2026-03-17 20:10:28 [kaufland_products] INFO: Scraped: Porcelánová máslenka Orion, klasická máslenka na 2 | EAN=5907610282961 | kcal=0.0
2026-03-17 20:10:28 [kaufland_products] WARNING: No nutrition data for: Porcelánová máslenka Orion, klasická máslenka na 250 g másla, máslenka s víkem a držadlem
2026-03-17 20:10:31 [kaufland_products] INFO: Scraped: Bambusová dóza na máslo BUTTERPOD | EAN=3560238321669 | kcal=0.0
2026-03-17 20:10:31 [kaufland_products] WARNING: No nutrition data for: Bambusová dóza na máslo BUTTERPOD
2026-03-17 20:10:34 [scrapy.extensions.logstats] INFO: Crawled 389 pages (at 20 pages/min), scraped 360 items (at 20 items/min)
2026-03-17 20:10:35 [kaufland_products] INFO: Scraped: 5 balení rýže Wurzener KUKO v sáčku na vaření (4x6 | EAN=4013138003276 | kcal=0.0
2026-03-17 20:10:35 [kaufland_products] WARNING: No nutrition data for: 5 balení rýže Wurzener KUKO v sáčku na vaření (4x62,5 g) na 30 porcí
2026-03-17 20:10:37 [kaufland_products] INFO: Scraped: Ben's Original 3487400005342, Risotto mix, Rýže, R | EAN=3487400005342 | kcal=0.0
2026-03-17 20:10:37 [kaufland_products] WARNING: No nutrition data for: Ben's Original 3487400005342, Risotto mix, Rýže, Rajčatový, Rajčatový, 250 g, 3 min, Konzervant, Syntetické barvivo
2026-03-17 20:10:41 [kaufland_products] INFO: Scraped: TILDA Pure Basmati 2kg | Basmati rýže | Basmati rý | EAN=5011157630373 | kcal=351.0
2026-03-17 20:10:43 [kaufland_products] INFO: Scraped: Rýže Heer Extra Long Basmati 5 kg | EAN=4019041106264 | kcal=350.0
2026-03-17 20:10:47 [kaufland_products] INFO: Scraped: Maggi rýžové kuličky kari 4s | EAN=4005500319276 | kcal=140.0
2026-03-17 20:10:49 [kaufland_products] INFO: Scraped: Tilda Pure Original Basmati rýže 5 kg | EAN=5011157030401 | kcal=0.0
2026-03-17 20:10:49 [kaufland_products] WARNING: No nutrition data for: Tilda Pure Original Basmati rýže 5 kg
2026-03-17 20:10:52 [kaufland_products] INFO: Scraped: Rýže na rizoto Scotti Arborio z dlouhozrnné rýže n | EAN=8001860201011 | kcal=359.0
2026-03-17 20:10:57 [kaufland_products] INFO: Scraped: Bens Original dlouhozrnná rýže 10 minut praktický  | EAN=5410673004437 | kcal=157.0
2026-03-17 20:10:59 [kaufland_products] INFO: Scraped: Menzi Desserts Rýžový pudink s plnotučným mlékem p | EAN=4016900058207 | kcal=107.0
2026-03-17 20:11:01 [kaufland_products] INFO: Scraped: Rýžové placky - bez soli 100g | EAN=5411788002509 | kcal=388.0
2026-03-17 20:11:03 [kaufland_products] INFO: Scraped: LAILA Basmati rýže 5kg | Prémiová kvalita | Nejlep | EAN=5020580400156 | kcal=351.0
2026-03-17 20:11:06 [kaufland_products] INFO: Scraped: Langkornreis parboiled 500g | EAN=4250085771401 | kcal=344.0
2026-03-17 20:11:11 [kaufland_products] INFO: Scraped: Ben's Original 427873, Basmati Rice Kheer mix, 500 | EAN=5410673004444 | kcal=157.0
2026-03-17 20:11:14 [kaufland_products] INFO: Scraped: Bens Original Basmati rýže 10 minut praktické vaře | EAN=5410673004574 | kcal=132.0
2026-03-17 20:11:17 [kaufland_products] INFO: Scraped: Maggi 5minutové terinové špagety ve smetanové šunk | EAN=4005500339458 | kcal=113.0
2026-03-17 20:11:21 [kaufland_products] INFO: Scraped: Vařič šunky / Vařič šunky | EAN=8592381100001 | kcal=0.0
2026-03-17 20:11:21 [kaufland_products] WARNING: No nutrition data for: Vařič šunky / Vařič šunky
2026-03-17 20:11:23 [kaufland_products] INFO: Scraped: Pytel na šunku 90 cm Pytel na šunku, bavlna, bílý  | EAN=8411922080292 | kcal=0.0
2026-03-17 20:11:23 [kaufland_products] WARNING: No nutrition data for: Pytel na šunku 90 cm Pytel na šunku, bavlna, bílý Pytel na šunku
2026-03-17 20:11:26 [kaufland_products] INFO: Scraped: Kompletní sada šunkovaru pro výrobu domácí šunky 1 | EAN=5908277712143 | kcal=0.0
2026-03-17 20:11:26 [kaufland_products] WARNING: No nutrition data for: Kompletní sada šunkovaru pro výrobu domácí šunky 1,5kg
2026-03-17 20:11:29 [kaufland_products] INFO: Scraped: Creative Home 2 x dřevěné prkénko na krájení | 30, | EAN=5060530139484 | kcal=0.0
2026-03-17 20:11:29 [kaufland_products] WARNING: No nutrition data for: Creative Home 2 x dřevěné prkénko na krájení | 30,5 x 22,5 x 1,5 cm | dřevěné prkénko na krájení s drážkou na šťávu | oboustranné prkénko na krájení | dřevěné kuchyňské prkénko ideální na chléb, maso, zeleninu, sýr a šunku
2026-03-17 20:11:30 [kaufland_products] INFO: Scraped: Creative Home Dřevěné Krájecí Prkénko s Drážkou na | EAN=5060530133925 | kcal=0.0
2026-03-17 20:11:30 [kaufland_products] WARNING: No nutrition data for: Creative Home Dřevěné Krájecí Prkénko s Drážkou na šťávu | 30,5 x 22,5 x 1,5 cm | Oboustranné Krájecí Prkénko | Dřevěné Kuchyňské Krájecí Prkénko Ideální na Chléb, Maso, Zeleninu, Sýr a šunku
2026-03-17 20:11:33 [kaufland_products] INFO: Scraped: Šunkovar Toustovka - forma na domácí šunku | EAN=0769503309989 769503309989 | kcal=0.0
2026-03-17 20:11:33 [kaufland_products] WARNING: No nutrition data for: Šunkovar Toustovka - forma na domácí šunku
2026-03-17 20:11:34 [scrapy.extensions.logstats] INFO: Crawled 410 pages (at 21 pages/min), scraped 381 items (at 21 items/min)
2026-03-17 20:11:37 [kaufland_products] INFO: Scraped: La Fattoria di Parma - Prosciutto di Parma PDO 24  | EAN=8033254290714 | kcal=0.0
2026-03-17 20:11:37 [kaufland_products] WARNING: No nutrition data for: La Fattoria di Parma - Prosciutto di Parma PDO 24 Monate - Halb - 2,9/3,4 kg
2026-03-17 20:11:40 [kaufland_products] INFO: Scraped: Drážďanský závin s máslovými sultánkami, marcipáne | EAN=4035637580140 | kcal=0.0
2026-03-17 20:11:43 [kaufland_products] INFO: Scraped: L'Occitane Shea Butter Rich, Pleťová voda, Unisex, | EAN=3253581452967 | kcal=0.0
2026-03-17 20:11:43 [kaufland_products] WARNING: No nutrition data for: L'Occitane Shea Butter Rich, Pleťová voda, Unisex, Hydratující, Vyživující, Suchá pokožka, 250 ml, Měsíček, Bambucké máslo
2026-03-17 20:11:46 [kaufland_products] INFO: Scraped: máslenka 19x12,5x6mm, transp.plast | EAN=8719987300301 | kcal=0.0
2026-03-17 20:11:46 [kaufland_products] WARNING: No nutrition data for: máslenka 19x12,5x6mm, transp.plast
2026-03-17 20:11:51 [kaufland_products] INFO: Scraped: Jules Destrooper mandlové vločky Belgické máslové  | EAN=5410471110217 | kcal=0.0
2026-03-17 20:11:54 [kaufland_products] INFO: Scraped: Coppenrath domácí máslové sušenky s vanilkovou pří | EAN=4006952008121 | kcal=498.0
2026-03-17 20:11:57 [kaufland_products] INFO: Scraped: Lanýžové máslo s kousky bílého lanýže 15%, 80 g | EAN=8032958421325 | kcal=0.0
2026-03-17 20:11:57 [kaufland_products] WARNING: No nutrition data for: Lanýžové máslo s kousky bílého lanýže 15%, 80 g
2026-03-17 20:11:59 [kaufland_products] INFO: Scraped: Máslo a bílý lanýž 5,5 %, 75 g | EAN=8025386000460 | kcal=0.0
2026-03-17 20:11:59 [kaufland_products] WARNING: No nutrition data for: Máslo a bílý lanýž 5,5 %, 75 g
2026-03-17 20:12:02 [kaufland_products] INFO: Scraped: Máslo a letní lanýže, 165 g | EAN=8025386000453 | kcal=0.0
2026-03-17 20:12:04 [kaufland_products] INFO: Scraped: Jif Arašídové máslo Extra křupavé 454 g | EAN=0051500255377 51500255377 | kcal=0.0
2026-03-17 20:12:07 [kaufland_products] INFO: Scraped: GHE BLACK BUTTER 220 g - FINCK AYURVÉDA | EAN=4260042260084 | kcal=899.0
2026-03-17 20:12:11 [kaufland_products] INFO: Scraped: KILNER Máselnice s otočnou klikou 1l | EAN=5010853217581 | kcal=0.0
2026-03-17 20:12:11 [kaufland_products] WARNING: No nutrition data for: KILNER Máselnice s otočnou klikou 1l
2026-03-17 20:12:12 [kaufland_products] INFO: Scraped: Ájurvédský máselný tuk - ghí 100g | EAN=8717953206442 | kcal=0.0
2026-03-17 20:12:12 [kaufland_products] WARNING: No nutrition data for: Ájurvédský máselný tuk - ghí 100g
2026-03-17 20:12:18 [kaufland_products] INFO: Scraped: Bahlsen Leibniz Minis máslové sušenky v čokoládě 1 | EAN=4017100206009 | kcal=488.0
2026-03-17 20:12:21 [kaufland_products] INFO: Scraped: Ájurvédský máselný tuk - Ghee 245g | EAN=8717953142160 | kcal=0.0
2026-03-17 20:12:21 [kaufland_products] WARNING: No nutrition data for: Ájurvédský máselný tuk - Ghee 245g
2026-03-17 20:12:24 [kaufland_products] INFO: Scraped: Skleněná máslenka Glossy Altom Design | EAN=5907508127589 | kcal=0.0
2026-03-17 20:12:24 [kaufland_products] WARNING: No nutrition data for: Skleněná máslenka Glossy Altom Design
2026-03-17 20:12:26 [kaufland_products] INFO: Scraped: Máslenka Continenta na 250 g másla, černá keramika | EAN=4017167372600 | kcal=0.0
2026-03-17 20:12:26 [kaufland_products] WARNING: No nutrition data for: Máslenka Continenta na 250 g másla, černá keramika 3726
2026-03-17 20:12:28 [kaufland_products] INFO: Scraped: Dóza na máslo 250 g bílá | EAN=4017167392608 | kcal=0.0
2026-03-17 20:12:28 [kaufland_products] WARNING: No nutrition data for: Dóza na máslo 250 g bílá
2026-03-17 20:12:31 [kaufland_products] INFO: Scraped: Máslenka Theo&Cleo s dřevěným víkem, máslenka na 2 | EAN=6974419520050 | kcal=0.0
2026-03-17 20:12:31 [kaufland_products] WARNING: No nutrition data for: Máslenka Theo&Cleo s dřevěným víkem, máslenka na 250 g másla, multifunkční máslenka, elegantní a udržitelné bambusové víko, (bílá)
2026-03-17 20:12:33 [kaufland_products] INFO: Scraped: Ájurvédský máselný tuk - Ghí 500g | EAN=8717953206428 | kcal=0.0
2026-03-17 20:12:33 [kaufland_products] WARNING: No nutrition data for: Ájurvédský máselný tuk - Ghí 500g
2026-03-17 20:12:34 [scrapy.extensions.logstats] INFO: Crawled 430 pages (at 20 pages/min), scraped 401 items (at 20 items/min)
2026-03-17 20:12:38 [kaufland_products] INFO: Scraped: Bahlsen Finest Butter Speculoos Crispy Shortbread  | EAN=4017100839009 | kcal=476.0
2026-03-17 20:12:41 [kaufland_products] INFO: Scraped: Rotho Fresh Butter dish Bílá/Transparentní | EAN=7610859094247 | kcal=0.0
2026-03-17 20:12:41 [kaufland_products] WARNING: No nutrition data for: Rotho Fresh Butter dish Bílá/Transparentní
2026-03-17 20:12:44 [kaufland_products] INFO: [těstoviny] page 1: found 28 product links
2026-03-17 20:12:47 [kaufland_products] INFO: [müsli] page 1: found 29 product links
2026-03-17 20:12:49 [kaufland_products] INFO: [ovesné vločky] page 1: found 26 product links
2026-03-17 20:12:52 [kaufland_products] INFO: [proteinový] page 1: found 10 product links
2026-03-17 20:12:57 [kaufland_products] INFO: [müsli] page 2: found 28 product links
2026-03-17 20:12:59 [kaufland_products] INFO: [ovesné vločky] page 2: found 12 product links
2026-03-17 20:13:02 [kaufland_products] INFO: [müsli] page 3: found 24 product links
2026-03-17 20:13:08 [scrapy-playwright] WARNING: Closing page due to failed request: <GET https://www.kaufland.cz/s/?search_value=t%C4%9Bstoviny&page=2> exc_type=<class 'playwright._impl._errors.TimeoutError'> exc_msg=Page.wait_for_selector: Timeout 15000ms exceeded.
Call log:
  - waiting for locator("a[href*='/product/']") to be visible
Traceback (most recent call last):
  File "/home/krokviak/.local/lib/python3.12/site-packages/scrapy_playwright/handler.py", line 480, in _download_request_with_retry
    return await self._download_request_with_page(request, page, spider)
           ^^^^^^^^^^^^^^^^^^^^^^^^^^^^^^^^^^^^^^^^^^^^^^^^^^^^^^^^^^^^^
  File "/home/krokviak/.local/lib/python3.12/site-packages/scrapy_playwright/handler.py", line 528, in _download_request_with_page
    await self._apply_page_methods(page, request, spider)
  File "/home/krokviak/.local/lib/python3.12/site-packages/scrapy_playwright/handler.py", line 678, in _apply_page_methods
    pm.result = await _maybe_await(method(*pm.args, **pm.kwargs))
                ^^^^^^^^^^^^^^^^^^^^^^^^^^^^^^^^^^^^^^^^^^^^^^^^^
  File "/home/krokviak/.local/lib/python3.12/site-packages/scrapy_playwright/_utils.py", line 23, in _maybe_await
    return await obj
           ^^^^^^^^^
  File "/home/krokviak/.local/lib/python3.12/site-packages/playwright/async_api/_generated.py", line 8234, in wait_for_selector
    await self._impl_obj.wait_for_selector(
  File "/home/krokviak/.local/lib/python3.12/site-packages/playwright/_impl/_page.py", line 419, in wait_for_selector
    return await self._main_frame.wait_for_selector(**locals_to_params(locals()))
           ^^^^^^^^^^^^^^^^^^^^^^^^^^^^^^^^^^^^^^^^^^^^^^^^^^^^^^^^^^^^^^^^^^^^^^
  File "/home/krokviak/.local/lib/python3.12/site-packages/playwright/_impl/_frame.py", line 369, in wait_for_selector
    await self._channel.send(
  File "/home/krokviak/.local/lib/python3.12/site-packages/playwright/_impl/_connection.py", line 69, in send
    return await self._connection.wrap_api_call(
           ^^^^^^^^^^^^^^^^^^^^^^^^^^^^^^^^^^^^^
  File "/home/krokviak/.local/lib/python3.12/site-packages/playwright/_impl/_connection.py", line 559, in wrap_api_call
    raise rewrite_error(error, f"{parsed_st['apiName']}: {error}") from None
playwright._impl._errors.TimeoutError: Page.wait_for_selector: Timeout 15000ms exceeded.
Call log:
  - waiting for locator("a[href*='/product/']") to be visible

2026-03-17 20:13:09 [kaufland_products] WARNING: Request failed: https://www.kaufland.cz/s/?search_value=t%C4%9Bstoviny&page=2: Page.wait_for_selector: Timeout 15000ms exceeded.
Call log:
  - waiting for locator("a[href*='/product/']") to be visible

2026-03-17 20:13:10 [kaufland_products] INFO: [müsli] page 4: found 18 product links
2026-03-17 20:13:12 [kaufland_products] INFO: Scraped: Dr. Oetker Müsli s vysokým obsahem bílkovin Berrie | EAN=4000521031190 | kcal=406.0
2026-03-17 20:13:15 [scrapy-playwright] WARNING: Closing page due to failed request: <GET https://www.kaufland.cz/s/?search_value=proteinov%C3%BD&page=2> exc_type=<class 'playwright._impl._errors.TimeoutError'> exc_msg=Page.wait_for_selector: Timeout 15000ms exceeded.
Call log:
  - waiting for locator("a[href*='/product/']") to be visible
Traceback (most recent call last):
  File "/home/krokviak/.local/lib/python3.12/site-packages/scrapy_playwright/handler.py", line 480, in _download_request_with_retry
    return await self._download_request_with_page(request, page, spider)
           ^^^^^^^^^^^^^^^^^^^^^^^^^^^^^^^^^^^^^^^^^^^^^^^^^^^^^^^^^^^^^
  File "/home/krokviak/.local/lib/python3.12/site-packages/scrapy_playwright/handler.py", line 528, in _download_request_with_page
    await self._apply_page_methods(page, request, spider)
  File "/home/krokviak/.local/lib/python3.12/site-packages/scrapy_playwright/handler.py", line 678, in _apply_page_methods
    pm.result = await _maybe_await(method(*pm.args, **pm.kwargs))
                ^^^^^^^^^^^^^^^^^^^^^^^^^^^^^^^^^^^^^^^^^^^^^^^^^
  File "/home/krokviak/.local/lib/python3.12/site-packages/scrapy_playwright/_utils.py", line 23, in _maybe_await
    return await obj
           ^^^^^^^^^
  File "/home/krokviak/.local/lib/python3.12/site-packages/playwright/async_api/_generated.py", line 8234, in wait_for_selector
    await self._impl_obj.wait_for_selector(
  File "/home/krokviak/.local/lib/python3.12/site-packages/playwright/_impl/_page.py", line 419, in wait_for_selector
    return await self._main_frame.wait_for_selector(**locals_to_params(locals()))
           ^^^^^^^^^^^^^^^^^^^^^^^^^^^^^^^^^^^^^^^^^^^^^^^^^^^^^^^^^^^^^^^^^^^^^^
  File "/home/krokviak/.local/lib/python3.12/site-packages/playwright/_impl/_frame.py", line 369, in wait_for_selector
    await self._channel.send(
  File "/home/krokviak/.local/lib/python3.12/site-packages/playwright/_impl/_connection.py", line 69, in send
    return await self._connection.wrap_api_call(
           ^^^^^^^^^^^^^^^^^^^^^^^^^^^^^^^^^^^^^
  File "/home/krokviak/.local/lib/python3.12/site-packages/playwright/_impl/_connection.py", line 559, in wrap_api_call
    raise rewrite_error(error, f"{parsed_st['apiName']}: {error}") from None
playwright._impl._errors.TimeoutError: Page.wait_for_selector: Timeout 15000ms exceeded.
Call log:
  - waiting for locator("a[href*='/product/']") to be visible

2026-03-17 20:13:15 [kaufland_products] WARNING: Request failed: https://www.kaufland.cz/s/?search_value=proteinov%C3%BD&page=2: Page.wait_for_selector: Timeout 15000ms exceeded.
Call log:
  - waiting for locator("a[href*='/product/']") to be visible

2026-03-17 20:13:15 [kaufland_products] INFO: [müsli] page 5: found 12 product links
2026-03-17 20:13:17 [kaufland_products] INFO: Scraped: Dr. Oetker Vitalis čisté křupavé müsli méně sladké | EAN=4000521013523 | kcal=436.0
2026-03-17 20:13:18 [scrapy-playwright] WARNING: Closing page due to failed request: <GET https://www.kaufland.cz/s/?search_value=ovesn%C3%A9%20vlo%C4%8Dky&page=3> exc_type=<class 'playwright._impl._errors.TimeoutError'> exc_msg=Page.wait_for_selector: Timeout 15000ms exceeded.
Call log:
  - waiting for locator("a[href*='/product/']") to be visible
Traceback (most recent call last):
  File "/home/krokviak/.local/lib/python3.12/site-packages/scrapy_playwright/handler.py", line 480, in _download_request_with_retry
    return await self._download_request_with_page(request, page, spider)
           ^^^^^^^^^^^^^^^^^^^^^^^^^^^^^^^^^^^^^^^^^^^^^^^^^^^^^^^^^^^^^
  File "/home/krokviak/.local/lib/python3.12/site-packages/scrapy_playwright/handler.py", line 528, in _download_request_with_page
    await self._apply_page_methods(page, request, spider)
  File "/home/krokviak/.local/lib/python3.12/site-packages/scrapy_playwright/handler.py", line 678, in _apply_page_methods
    pm.result = await _maybe_await(method(*pm.args, **pm.kwargs))
                ^^^^^^^^^^^^^^^^^^^^^^^^^^^^^^^^^^^^^^^^^^^^^^^^^
  File "/home/krokviak/.local/lib/python3.12/site-packages/scrapy_playwright/_utils.py", line 23, in _maybe_await
    return await obj
           ^^^^^^^^^
  File "/home/krokviak/.local/lib/python3.12/site-packages/playwright/async_api/_generated.py", line 8234, in wait_for_selector
    await self._impl_obj.wait_for_selector(
  File "/home/krokviak/.local/lib/python3.12/site-packages/playwright/_impl/_page.py", line 419, in wait_for_selector
    return await self._main_frame.wait_for_selector(**locals_to_params(locals()))
           ^^^^^^^^^^^^^^^^^^^^^^^^^^^^^^^^^^^^^^^^^^^^^^^^^^^^^^^^^^^^^^^^^^^^^^
  File "/home/krokviak/.local/lib/python3.12/site-packages/playwright/_impl/_frame.py", line 369, in wait_for_selector
    await self._channel.send(
  File "/home/krokviak/.local/lib/python3.12/site-packages/playwright/_impl/_connection.py", line 69, in send
    return await self._connection.wrap_api_call(
           ^^^^^^^^^^^^^^^^^^^^^^^^^^^^^^^^^^^^^
  File "/home/krokviak/.local/lib/python3.12/site-packages/playwright/_impl/_connection.py", line 559, in wrap_api_call
    raise rewrite_error(error, f"{parsed_st['apiName']}: {error}") from None
playwright._impl._errors.TimeoutError: Page.wait_for_selector: Timeout 15000ms exceeded.
Call log:
  - waiting for locator("a[href*='/product/']") to be visible

2026-03-17 20:13:18 [kaufland_products] WARNING: Request failed: https://www.kaufland.cz/s/?search_value=ovesn%C3%A9%20vlo%C4%8Dky&page=3: Page.wait_for_selector: Timeout 15000ms exceeded.
Call log:
  - waiting for locator("a[href*='/product/']") to be visible

2026-03-17 20:13:19 [kaufland_products] INFO: Scraped: Kölln Apple Crumble Style Ovesné müsli s nižším ob | EAN=4000540013115 | kcal=0.0
2026-03-17 20:13:22 [kaufland_products] INFO: Scraped: Emmer vločky demeter 250g | EAN=4022381012836 | kcal=341.0
2026-03-17 20:13:24 [kaufland_products] INFO: Scraped: Dr. Oetker Vitalis Kaše čokoládová teplá ovesná mo | EAN=4000521033699 | kcal=0.0
2026-03-17 20:13:26 [kaufland_products] INFO: Scraped: Snídaňová směs matcha 1 x 1 kg | EAN=5600872802594 | kcal=0.0
2026-03-17 20:13:26 [kaufland_products] WARNING: No nutrition data for: Snídaňová směs matcha 1 x 1 kg
2026-03-17 20:13:29 [kaufland_products] INFO: Scraped: HotHafer - Zázračná kaše 400g | EAN=4015637827117 | kcal=404.0
2026-03-17 20:13:31 [kaufland_products] INFO: Scraped: Banán Schoko Crunchy 300g | EAN=4015537002416 | kcal=438.0
2026-03-17 20:13:34 [scrapy.extensions.logstats] INFO: Crawled 450 pages (at 20 pages/min), scraped 411 items (at 10 items/min)
2026-03-17 20:13:34 [kaufland_products] INFO: Scraped: Weetabix 24 Celozrnných Pšeničných Forem 430 G | EAN=5010029000382 | kcal=362.0
2026-03-17 20:13:39 [kaufland_products] INFO: Scraped: Pukance rýžové BIO 50 g PROBIO | EAN=8595582419736 | kcal=369.0
2026-03-17 20:13:41 [kaufland_products] INFO: Scraped: Pšenice 1kg | EAN=4022381100182 | kcal=327.0
2026-03-17 20:13:44 [kaufland_products] INFO: Scraped: Kölln Banana Bread Style Ovesné müsli s nižším obs | EAN=4000540001419 | kcal=0.0
2026-03-17 20:13:46 [kaufland_products] INFO: Scraped: Jablečno-skořicové müsli 500g Brat.pl | EAN=5906721136453 | kcal=423.0
2026-03-17 20:13:49 [kaufland_products] INFO: Scraped: Oetker Vitalis křupavé ořechy a semínka bez přidan | EAN=4000521035709 | kcal=0.0
2026-03-17 20:13:52 [kaufland_products] INFO: Scraped: Kölln Knusper Strawberry Yogurt Ovesné müsli s niž | EAN=4000540013542 | kcal=0.0
2026-03-17 20:13:55 [kaufland_products] INFO: Scraped: Vitalis křupavý müsli oříškový nugát 0,5Kg | EAN=4000521021870 | kcal=474.0
2026-03-17 20:13:59 [kaufland_products] INFO: Scraped: Dr. Oetker Vitalis Křupavé čokoládové müsli s mléč | EAN=4000521664305 | kcal=449.0
2026-03-17 20:14:01 [kaufland_products] INFO: Scraped: Vitalis Crunchy Plus Honey-Almond 0,45 kg | EAN=4000521021917 | kcal=478.0
2026-03-17 20:14:03 [kaufland_products] INFO: Scraped: Vitalis Křupavé vločky 0,6Kg | EAN=4000521661700 | kcal=436.0
2026-03-17 20:14:07 [kaufland_products] INFO: Scraped: Kölln Knusper Schoko Feinherb ovesné müsli s čokol | EAN=4000540003420 | kcal=409.0
2026-03-17 20:14:10 [kaufland_products] INFO: Scraped: Kölln Crispy Classic ovesné müsli s jemnou vanilko | EAN=4000540023473 | kcal=442.0
2026-03-17 20:14:12 [kaufland_products] INFO: Scraped: Křupavé cereálie - čokoládové kuličky 275g | EAN=4015637823225 | kcal=356.0
2026-03-17 20:14:18 [kaufland_products] INFO: Scraped: Dr. Oetker Paula Müsli zábavné cereální vločky s č | EAN=4000521031701 | kcal=403.0
2026-03-17 20:14:20 [kaufland_products] INFO: Scraped: Oetker Müsli s čokoládou a ořechy 0,4 kg | EAN=4000521031152 | kcal=420.0
2026-03-17 20:14:22 [kaufland_products] INFO: Scraped: pětizrnné bezlepkové vločky 475g | EAN=4015637827124 | kcal=367.0
2026-03-17 20:14:25 [kaufland_products] INFO: Scraped: RUF Kaše čokoládová 65g | EAN=4002809018572 | kcal=403.0
2026-03-17 20:14:28 [kaufland_products] INFO: Scraped: Kölln křupavé ovesné polštářky klasické 70 % celoz | EAN=4000540063035 | kcal=0.0
2026-03-17 20:14:28 [kaufland_products] WARNING: No nutrition data for: Kölln křupavé ovesné polštářky klasické 70 % celozrnné 300 g
2026-03-17 20:14:30 [kaufland_products] INFO: Scraped: Kölln Müsli Crunchy Berry Hafer-Muesli VeganChoc T | EAN=4000540003314 | kcal=0.0
2026-03-17 20:14:30 [kaufland_products] WARNING: No nutrition data for: Kölln Müsli Crunchy Berry Hafer-Muesli VeganChoc Taste, 400g
2026-03-17 20:14:34 [scrapy.extensions.logstats] INFO: Crawled 469 pages (at 19 pages/min), scraped 431 items (at 20 items/min)
2026-03-17 20:14:34 [kaufland_products] INFO: Scraped: Kölln ovesný polštář se skořicí, 275g | EAN=4000540003048 | kcal=0.0
2026-03-17 20:14:34 [kaufland_products] WARNING: No nutrition data for: Kölln ovesný polštář se skořicí, 275g
2026-03-17 20:14:37 [kaufland_products] INFO: Scraped: Ovesné müsli - základní neslazené 425g | EAN=4015637827360 | kcal=383.0
2026-03-17 20:14:40 [kaufland_products] INFO: Scraped: Allos 378189, 450 g, Gluten, Mléko, Ořechy, Pšenic | EAN=4016249198299 | kcal=384.0
2026-03-17 20:14:42 [kaufland_products] INFO: Scraped: Kölln Nuss Krokant ovesné müsli s pekanovými ořech | EAN=4000540011364 | kcal=0.0
2026-03-17 20:14:42 [kaufland_products] WARNING: No nutrition data for: Kölln Nuss Krokant ovesné müsli s pekanovými ořechy a dýňovými semínky 500g
2026-03-17 20:14:47 [kaufland_products] INFO: Scraped: HotHafer - Ovesná kaše s bobulemi 400g | EAN=4015637825410 | kcal=359.0
2026-03-17 20:14:49 [kaufland_products] INFO: Scraped: Kölln Cereals Zauberfleks čokoláda se sníženým obs | EAN=4000540043013 | kcal=0.0
2026-03-17 20:14:49 [kaufland_products] WARNING: No nutrition data for: Kölln Cereals Zauberfleks čokoláda se sníženým obsahem cukru ve tvaru květu 375g
2026-03-17 20:14:51 [kaufland_products] INFO: Scraped: Vločky - pohanka 250g | EAN=4015637826448 | kcal=364.0
2026-03-17 20:14:54 [kaufland_products] INFO: Scraped: Ječné vločky 500g | EAN=4022381302203 | kcal=336.0
2026-03-17 20:14:57 [kaufland_products] INFO: Scraped: Allos 378188, 500 g, Gluten, Mléko, Sója, vlašský  | EAN=4016249198275 | kcal=355.0
2026-03-17 20:15:02 [kaufland_products] INFO: Scraped: Allos 378190, 500 g, Gluten, Mléko, Ořechy, Sója,  | EAN=4016249198282 | kcal=388.0
2026-03-17 20:15:04 [kaufland_products] INFO: Scraped: Ořechové křupky - bezlepkové 300g | EAN=4015537001426 | kcal=473.0
2026-03-17 20:15:07 [kaufland_products] INFO: Scraped: Ovesné vločky bezlepkové celé BIO 500 g LES FRUITS | EAN=8594185543961 | kcal=372.0
2026-03-17 20:15:12 [kaufland_products] INFO: Scraped: Kölln Coco Choco Ovesné müsli s nižším obsahem cuk | EAN=4000540001693 | kcal=0.0
2026-03-17 20:15:15 [kaufland_products] INFO: Scraped: Kölln High Protein Kölln vločky Oat Vanilla Flavor | EAN=4000540010220 | kcal=0.0
2026-03-17 20:15:17 [kaufland_products] INFO: Scraped: Kölln 252733 Kölln Schoko Glutenfrei Müsli 400,0 g | EAN=4000540001204 | kcal=0.0
2026-03-17 20:15:17 [kaufland_products] WARNING: No nutrition data for: Kölln 252733 Kölln Schoko Glutenfrei Müsli 400,0 g
2026-03-17 20:15:20 [kaufland_products] INFO: Scraped: Hafer Crunchy - Basis 325g | EAN=4015637005072 | kcal=435.0
2026-03-17 20:15:22 [kaufland_products] INFO: Scraped: Kölln špaldové vločky zpracované na ovesné vločky | EAN=4000540002546 | kcal=0.0
2026-03-17 20:15:22 [kaufland_products] WARNING: No nutrition data for: Kölln špaldové vločky zpracované na ovesné vločky
2026-03-17 20:15:25 [kaufland_products] INFO: Scraped: Kölln Müsli čokoláda 30 % w. Cukr, 450 g | EAN=4000540063868 | kcal=0.0
2026-03-17 20:15:25 [kaufland_products] WARNING: No nutrition data for: Kölln Müsli čokoláda 30 % w. Cukr, 450 g
2026-03-17 20:15:28 [kaufland_products] INFO: Scraped: Kelloggs Choco Krispies Chocos kakaové snídaňové c | EAN=5059319030616 | kcal=380.0
2026-03-17 20:15:31 [kaufland_products] INFO: Scraped: RUF Pooridge Jogurt Bluberry 65g | EAN=4002809018527 | kcal=387.0
2026-03-17 20:15:34 [scrapy.extensions.logstats] INFO: Crawled 489 pages (at 20 pages/min), scraped 451 items (at 20 items/min)
2026-03-17 20:15:36 [kaufland_products] INFO: Scraped: Kellogg Tresor Choco Nougat s křupavými cereálními | EAN=5053827199568 | kcal=1915.0
2026-03-17 20:15:37 [kaufland_products] INFO: Scraped: Dr. Oetker Vitalis křupavé müsli Honeys s medem a  | EAN=4000521661304 | kcal=440.0
2026-03-17 20:15:40 [kaufland_products] INFO: Scraped: Bauck Mühle 487738, 285 g, Oves, Mango, Raspberry, | EAN=4015637019048 | kcal=1629.0
2026-03-17 20:15:43 [kaufland_products] INFO: Scraped: NESTLE CINI-MINIS Cerealien 625g | EAN=3387390320190 | kcal=418.0
2026-03-17 20:15:46 [kaufland_products] INFO: Scraped: Hafer müsli - Beeren XXL 900g | EAN=4015637019000 | kcal=359.0
2026-03-17 20:15:49 [kaufland_products] INFO: Scraped: Kölln Crunchy Classic ovesné müsli s jemnou vanilk | EAN=4000540003468 | kcal=0.0
2026-03-17 20:15:49 [kaufland_products] WARNING: No nutrition data for: Kölln Crunchy Classic ovesné müsli s jemnou vanilkovou příchutí 600g
2026-03-17 20:15:51 [kaufland_products] INFO: Scraped: My Crunchy - Mandlový oříšek 400g | EAN=4005561007358 | kcal=471.0
2026-03-17 20:15:56 [kaufland_products] INFO: Scraped: Nerano Cinnamon Shells Jerry Snídaňové cereálie Be | EAN=5904954645438 | kcal=408.0
2026-03-17 20:15:59 [kaufland_products] INFO: Scraped: NESTLE FITNESS JOGHURT Cerealien 350g | EAN=7613031517817 | kcal=394.0
2026-03-17 20:16:02 [kaufland_products] INFO: Scraped: Kelloggs Crunchy Muesli Classic crunchy lahodné kř | EAN=4251753774366 | kcal=481.0
2026-03-17 20:16:04 [kaufland_products] INFO: Scraped: NESTLE NESQUIK DUO Cereálie 325g | EAN=7613031570126 | kcal=401.0
2026-03-17 20:16:09 [kaufland_products] INFO: Scraped: Kölln Müsli Crunchy Chocolate Caramel lahodné sníd | EAN=4000540013764 | kcal=0.0
2026-03-17 20:16:11 [kaufland_products] INFO: Scraped: My Crunchy - malina-citron 400g | EAN=4005561007341 | kcal=427.0
2026-03-17 20:16:12 [kaufland_products] INFO: Scraped: Dr. Oetker Vitalis křupavé müsli s čokoládovými ko | EAN=4000521002428 | kcal=0.0
2026-03-17 20:16:17 [kaufland_products] INFO: Scraped: 3Bears 7000629 3Bears Granola - Erdnuss-Kakao Sara | EAN=4260462985925 | kcal=0.0
2026-03-17 20:16:17 [kaufland_products] WARNING: No nutrition data for: 3Bears 7000629 3Bears Granola - Erdnuss-Kakao Sarah Harrison Müsli 325,0 g
2026-03-17 20:16:19 [kaufland_products] INFO: Scraped: Šejkr 600 ml "Protein" - Tělocvičný šejkr na prote | EAN=4024869129937 | kcal=0.0
2026-03-17 20:16:19 [kaufland_products] WARNING: No nutrition data for: Šejkr 600 ml "Protein" - Tělocvičný šejkr na proteinové a sportovní nápoje - včetně odnímatelného sítka a praktické stupnice - snadno se čistí - citronový/průhledný
2026-03-17 20:16:21 [kaufland_products] INFO: Scraped: Šejkr 400 ml "Protein" Pro 1 - Fitness šejkr na pr | EAN=4024869341896 | kcal=0.0
2026-03-17 20:16:21 [kaufland_products] WARNING: No nutrition data for: Šejkr 400 ml "Protein" Pro 1 - Fitness šejkr na proteinové a sportovní nápoje - Šejkr do posilovny s odnímatelným sítkem a vyjímatelnou přihrádkou - průhledný/tealový
2026-03-17 20:16:26 [kaufland_products] INFO: Scraped: Polleo Sport Pea and Rice Protein, 454 g - Čokolád | EAN=3856026804057 | kcal=115.0
2026-03-17 20:16:29 [kaufland_products] INFO: Scraped: Polleo Sport 50% Protein Bar, 50 g - Choco Crisp | EAN=3858892290095 | kcal=189.0
2026-03-17 20:16:31 [kaufland_products] INFO: Scraped: BROWNIE KETO BAR BEZ PŘIDANÉHO CUKRU, BEZ LEPKU 50 | EAN=5906395341382 | kcal=427.0
2026-03-17 20:16:33 [kaufland_products] INFO: Scraped: Šejkr 600 ml "Protein" - Tělocvičný šejkr na prote | EAN=4024869060957 | kcal=0.0
2026-03-17 20:16:33 [kaufland_products] WARNING: No nutrition data for: Šejkr 600 ml "Protein" - Tělocvičný šejkr na proteinové a sportovní nápoje - včetně odnímatelného sítka a praktické stupnice - snadno se čistí - černý/průhledný
2026-03-17 20:16:34 [scrapy.extensions.logstats] INFO: Crawled 510 pages (at 21 pages/min), scraped 472 items (at 21 items/min)
2026-03-17 20:16:39 [kaufland_products] INFO: Scraped: Šejkr 600 ml "Protein" - Tělocvičný šejkr na prote | EAN=4024869060940 | kcal=0.0
2026-03-17 20:16:39 [kaufland_products] WARNING: No nutrition data for: Šejkr 600 ml "Protein" - Tělocvičný šejkr na proteinové a sportovní nápoje - včetně odnímatelného sítka a praktické stupnice - snadno se čistí - bílý/průhledný
2026-03-17 20:16:41 [kaufland_products] INFO: Scraped: Šejkr 600 ml "Protein" - Tělocvičný šejkr na prote | EAN=4024869303689 | kcal=0.0
2026-03-17 20:16:41 [kaufland_products] WARNING: No nutrition data for: Šejkr 600 ml "Protein" - Tělocvičný šejkr na proteinové a sportovní nápoje - včetně odnímatelného sítka a praktické stupnice - snadno se čistí - černý/průsvitně šedý
2026-03-17 20:16:43 [kaufland_products] INFO: Scraped: Kölln Křupavé křupavé ovesné otruby s křupavými kr | EAN=4000540012101 | kcal=0.0
2026-03-17 20:16:43 [kaufland_products] WARNING: No nutrition data for: Kölln Křupavé křupavé ovesné otruby s křupavými kreáliemi 250g
2026-03-17 20:16:47 [kaufland_products] INFO: Scraped: Kölln bezlepková jádra, 500g | EAN=4000540000375 | kcal=0.0
2026-03-17 20:16:47 [kaufland_products] WARNING: No nutrition data for: Kölln bezlepková jádra, 500g
2026-03-17 20:16:49 [kaufland_products] INFO: Scraped: Bauck Mühle 396737, Ovesná kaše, 400 g, Jablko, Sk | EAN=4015637825403 | kcal=1551.0
2026-03-17 20:16:53 [kaufland_products] INFO: Scraped: Kölln Haferfleks® Honey, 375g | EAN=4000540051018 | kcal=0.0
2026-03-17 20:16:53 [kaufland_products] WARNING: No nutrition data for: Kölln Haferfleks® Honey, 375g
2026-03-17 20:16:56 [kaufland_products] INFO: Scraped: Ovesné vločky velké listové 2,5 kg | EAN=4022381303163 | kcal=348.0
2026-03-17 20:16:58 [kaufland_products] INFO: Scraped: HotHafer - Základní kaše 400g | EAN=4015637825427 | kcal=0.0
2026-03-17 20:16:58 [kaufland_products] WARNING: No nutrition data for: HotHafer - Základní kaše 400g
2026-03-17 20:17:00 [kaufland_products] INFO: Scraped: Köllnflocken ovesné otruby Balance pro ty, kteří s | EAN=4000540002409 04000540002409 | kcal=350.0
2026-03-17 20:17:05 [kaufland_products] INFO: Scraped: HotHafer - Čokoládová kaše 400g | EAN=4015637825458 | kcal=0.0
2026-03-17 20:17:05 [kaufland_products] WARNING: No nutrition data for: HotHafer - Čokoládová kaše 400g
2026-03-17 20:17:07 [kaufland_products] INFO: Scraped: Vločky - ovesné 275g | EAN=4021234101383 | kcal=393.0
2026-03-17 20:17:10 [kaufland_products] INFO: Scraped: Kölln Crispy Oatmeal Classic 72% celozrnné 750g | EAN=4000540011081 | kcal=392.0
2026-03-17 20:17:13 [kaufland_products] INFO: Scraped: Ovesné vločky jemné listové bezlepkové 375g | EAN=4022381037372 | kcal=372.84
2026-03-17 20:17:17 [kaufland_products] INFO: Scraped: Ovesné vločky - malé listové bezlepkové 1kg | EAN=4015637827407 | kcal=0.0
2026-03-17 20:17:17 [kaufland_products] WARNING: No nutrition data for: Ovesné vločky - malé listové bezlepkové 1kg
2026-03-17 20:17:20 [kaufland_products] INFO: Scraped: Ovesné vločky velkolisté bez lepku 475g | EAN=4022381027571 | kcal=1470.0
2026-03-17 20:17:23 [kaufland_products] INFO: Scraped: Płatki owsiane bezglutenowe ekologiczne 1 kg | EAN=5902488066095 | kcal=371.0
2026-03-17 20:17:26 [kaufland_products] INFO: Scraped: Bauck Mühle 301038, Ovesná kaše, 425 g, Matice | EAN=4015637003344 | kcal=1560.0
2026-03-17 20:17:28 [kaufland_products] INFO: Scraped: Kölln Echte Kernige celozrnné ovesné vločky s vyso | EAN=4000540000306 | kcal=0.0
2026-03-17 20:17:30 [kaufland_products] INFO: Scraped: RUF 4384620005 RUF Porridge Classic 65,0 g | EAN=4002809018503 | kcal=388.0
2026-03-17 20:17:33 [kaufland_products] INFO: Scraped: Kölln instantní ovesné vločky 100% celozrnné 250g | EAN=4000540000405 | kcal=0.0
2026-03-17 20:17:34 [scrapy.extensions.logstats] INFO: Crawled 530 pages (at 20 pages/min), scraped 492 items (at 20 items/min)
2026-03-17 20:17:39 [kaufland_products] INFO: Scraped: Kölln Blossom Tender Kölln Flakes 100% celozrnný o | EAN=4000540000108 | kcal=0.0
2026-03-17 20:17:41 [kaufland_products] INFO: Scraped: OVESNÉ VLOČKY S KLÍČKY BEZ LEPKU 500g VEGA PROVITA | EAN=8594034781636 | kcal=366.0
2026-03-17 20:17:44 [kaufland_products] INFO: Scraped: Kölln Crispy Chocolate Brittle Ovesné müsli s lísk | EAN=4000540023572 | kcal=444.0
2026-03-17 20:17:47 [kaufland_products] INFO: Scraped: Power Granola - Ořechy a semínka 350g | EAN=5425038430240 | kcal=580.0
2026-03-17 20:17:50 [kaufland_products] INFO: Scraped: Ovesné müsli - Ovoce + vločky neslazené 425g | EAN=4015637018836 | kcal=0.0
2026-03-17 20:17:50 [kaufland_products] WARNING: No nutrition data for: Ovesné müsli - Ovoce + vločky neslazené 425g
2026-03-17 20:17:52 [kaufland_products] INFO: Scraped: Ovomaltine křupavé müsli z ječného sladu a kakaa 4 | EAN=7612100911280 | kcal=0.0
2026-03-17 20:17:56 [kaufland_products] INFO: Scraped: Marshmallow Crunchies - celozrnné ovesné a rýžové  | EAN=5425038430455 | kcal=395.0
2026-03-17 20:17:59 [kaufland_products] INFO: Scraped: Křupavé cereálie - skořicová směs s jablkem 200g | EAN=4015637019208 | kcal=355.0
2026-03-17 20:18:01 [kaufland_products] INFO: Scraped: Kölln 6383374008 Kölln Schoko Müsli 1,7 kg | EAN=4000540031874 | kcal=0.0
2026-03-17 20:18:01 [kaufland_products] WARNING: No nutrition data for: Kölln 6383374008 Kölln Schoko Müsli 1,7 kg
2026-03-17 20:18:06 [kaufland_products] INFO: Scraped: Treets Choco Peanut müsli s arašídy a kukuřičnými  | EAN=4000281315516 | kcal=0.0
2026-03-17 20:18:08 [kaufland_products] INFO: Scraped: Kölln Ovesné müsli bez přidaného cukru a s jemným  | EAN=4000540001334 | kcal=364.0
2026-03-17 20:18:11 [kaufland_products] INFO: Scraped: Kölln Fruit Ovesné müsli bez přidaného cukru a s j | EAN=4000540001341 | kcal=364.0
2026-03-17 20:18:14 [kaufland_products] INFO: Scraped: Kölln Crispy Classic Ovesné müsli "50 % méně cukru | EAN=4000540003260 | kcal=0.0
2026-03-17 20:18:14 [kaufland_products] WARNING: No nutrition data for: Kölln Crispy Classic Ovesné müsli "50 % méně cukru", 500g
2026-03-17 20:18:16 [kaufland_products] INFO: Scraped: Kölln Křupavé čokoládové müsli s křehkými lískovým | EAN=4000540043587 | kcal=0.0
2026-03-17 20:18:16 [kaufland_products] WARNING: No nutrition data for: Kölln Křupavé čokoládové müsli s křehkými lískovými oříšky 500g
2026-03-17 20:18:19 [kaufland_products] INFO: Scraped: Dr. Oetker Vitalis křupavé müsli s vyzrálými sultá | EAN=4000521661205 | kcal=0.0
2026-03-17 20:18:19 [kaufland_products] WARNING: No nutrition data for: Dr. Oetker Vitalis křupavé müsli s vyzrálými sultánkami 600g
2026-03-17 20:18:21 [kaufland_products] INFO: Scraped: OVSENÉ KRUBY, BEZLEPKOVÉ KAKAKO,325 g - BAUCK HOF | EAN=4015637005102 | kcal=440.0
2026-03-17 20:18:24 [kaufland_products] INFO: Scraped: Kölln Čokoláda a sušenky Ovesné müsli Čokoláda a m | EAN=4000540003215 | kcal=458.0
2026-03-17 20:18:30 [kaufland_products] INFO: Scraped: Kölln Müsli Křupavé arašídové čokoládové, 400g | EAN=4000540003185 | kcal=0.0
2026-03-17 20:18:30 [kaufland_products] WARNING: No nutrition data for: Kölln Müsli Křupavé arašídové čokoládové, 400g
2026-03-17 20:18:32 [kaufland_products] INFO: Scraped: Oetker Vitalis křupavé müsli bez přidaného cukru v | EAN=4000521035686 | kcal=0.0
2026-03-17 20:18:34 [scrapy.extensions.logstats] INFO: Crawled 549 pages (at 19 pages/min), scraped 511 items (at 19 items/min)
2026-03-17 20:18:34 [kaufland_products] INFO: Scraped: RUF Kaše Himbeer White Choc 65g | EAN=4002809018510 | kcal=410.0
2026-03-17 20:18:37 [kaufland_products] INFO: Scraped: Dinkel müsli - Guten Morgen 375g | EAN=4005967004968 | kcal=354.0
2026-03-17 20:18:40 [kaufland_products] INFO: Scraped: Křupavý polštářek - Arašídová náplň 300g | EAN=5425038430448 | kcal=434.0
2026-03-17 20:18:42 [kaufland_products] INFO: Scraped: Kölln 2891697 Kölln Chrunchy Choc Choc Hafer Müsli | EAN=4000540003130 | kcal=0.0
2026-03-17 20:18:42 [kaufland_products] WARNING: No nutrition data for: Kölln 2891697 Kölln Chrunchy Choc Choc Hafer Müsli 400,0 g
2026-03-17 20:18:47 [kaufland_products] INFO: Scraped: Kölln čokoláda a sušenky ovesné müsli čokoláda a m | EAN=4000540003222 | kcal=455.0
2026-03-17 20:18:50 [kaufland_products] INFO: Scraped: Ovesné müsli - Protein neslazené 425g | EAN=4015637825441 | kcal=365.0
2026-03-17 20:18:52 [kaufland_products] INFO: Scraped: 100% čokoláda křupavá 400g | EAN=4005561002889 | kcal=452.0
2026-03-17 20:18:55 [kaufland_products] INFO: Scraped: Barilla Spaghettini číslo 3 těstoviny z tvrdé pšen | EAN=8076800195033 | kcal=356.0
2026-03-17 20:18:57 [kaufland_products] INFO: Scraped: Barilla Tagliatelle Collection se špenátem Těstovi | EAN=8076809523721 | kcal=0.0
2026-03-17 20:19:03 [kaufland_products] INFO: Scraped: Garofalo Tagliatelle Nido n.90-2 italské nudle 500 | EAN=8000139001314 | kcal=351.0
2026-03-17 20:19:06 [kaufland_products] INFO: Scraped: Bali Kitchen Gemüse-Nudeln | EAN=8995899481714 | kcal=376.0
2026-03-17 20:19:08 [kaufland_products] INFO: Scraped: Barilla špagety číslo 5 z tvrdé pšenice 500g balen | EAN=4251753741054 | kcal=359.0
2026-03-17 20:19:11 [kaufland_products] INFO: Scraped: De Cecco fusilli number 34 semolinové těstoviny z  | EAN=8001250120342 | kcal=351.0
2026-03-17 20:19:13 [kaufland_products] INFO: Scraped: Těstoviny ve tvaru penisu Těstoviny | EAN=4029811179961 | kcal=0.0
2026-03-17 20:19:13 [kaufland_products] WARNING: No nutrition data for: Těstoviny ve tvaru penisu Těstoviny
2026-03-17 20:19:16 [kaufland_products] INFO: Scraped: Barilla Spaghetti Al Bronzo Dlouhé těstoviny z tvr | EAN=8076809581127 | kcal=359.0
2026-03-17 20:19:18 [kaufland_products] INFO: Scraped: Kritharaki z Liakady Řecké těstoviny z krupice z t | EAN=4013200115128 | kcal=360.0
2026-03-17 20:19:23 [kaufland_products] INFO: Scraped: La Molisana Rigacuore italské těstoviny ve tvaru s | EAN=8004690110003 | kcal=351.0
2026-03-17 20:19:24 [kaufland_products] INFO: Scraped: Barilla Collezione Mezze Penne Tricolore Nr 78 Těs | EAN=8076809510417 | kcal=358.978
2026-03-17 20:19:30 [kaufland_products] INFO: Scraped: Delverde Tortiglioni Těstoviny Semdla Selected Gra | EAN=8000270013221 | kcal=357.0
2026-03-17 20:19:33 [kaufland_products] INFO: Scraped: Barilla La Collezione Mafaldine Hartweizengrieß Pa | EAN=8076800000061 | kcal=363.519
2026-03-17 20:19:34 [scrapy.extensions.logstats] INFO: Crawled 569 pages (at 20 pages/min), scraped 531 items (at 20 items/min)
2026-03-17 20:19:34 [kaufland_products] INFO: Scraped: De Cecco Spaghetti n.12 italské dlouhé těstoviny 5 | EAN=8001250120120 | kcal=351.0
2026-03-17 20:19:36 [kaufland_products] INFO: Scraped: De Cecco Farfalle číslo 93 těstoviny z tvrdé pšeni | EAN=8001250120939 | kcal=352.0
2026-03-17 20:19:41 [kaufland_products] INFO: Scraped: Těstoviny Delverde Penne Rigate z výběrové tvrdé p | EAN=8000270013085 | kcal=356.0
2026-03-17 20:19:44 [kaufland_products] INFO: Scraped: Divella Mezze Penne Rigate italské těstoviny krátk | EAN=8005121000429 | kcal=355.0
2026-03-17 20:19:47 [kaufland_products] INFO: Scraped: Těstoviny Barilla Pugliese Orecchiette Collection  | EAN=8076809519977 | kcal=0.0
2026-03-17 20:19:47 [kaufland_products] WARNING: No nutrition data for: Těstoviny Barilla Pugliese Orecchiette Collection Hartweizen 500g
2026-03-17 20:19:48 [kaufland_products] INFO: Scraped: La Molisana Orecchiette n.30 italské těstoviny | EAN=8004690129166 | kcal=351.0
2026-03-17 20:19:51 [kaufland_products] INFO: Scraped: Delverde Gnocchi Semola Selected Durum Wheat Class | EAN=8000270013245 | kcal=356.0
2026-03-17 20:19:57 [kaufland_products] INFO: Scraped: La Molisana Penne Rigate n.20 trubičkové těstoviny | EAN=8004690052044 | kcal=351.0
2026-03-17 20:19:59 [kaufland_products] INFO: Scraped: La Molisana Rigatoni n.31 trubkové těstoviny 500 g | EAN=8004690053195 | kcal=351.0
2026-03-17 20:20:01 [kaufland_products] INFO: Scraped: La Molisana Spaghetti n.15 dlouhé těstoviny 500 g | EAN=8004690051573 | kcal=351.0
2026-03-17 20:20:04 [kaufland_products] INFO: [tvaroh] page 1: found 22 product links
2026-03-17 20:20:09 [kaufland_products] INFO: [olej] page 1: found 23 product links
2026-03-17 20:20:11 [kaufland_products] INFO: [mouka] page 1: found 27 product links
2026-03-17 20:20:13 [kaufland_products] INFO: [tvaroh] page 2: found 13 product links
2026-03-17 20:20:16 [kaufland_products] INFO: [olej] page 2: found 13 product links
2026-03-17 20:20:20 [kaufland_products] INFO: [tvaroh] page 3: found 1 product links
2026-03-17 20:20:23 [kaufland_products] INFO: [olej] page 3: found 13 product links
2026-03-17 20:20:23 [scrapy-playwright] WARNING: Closing page due to failed request: <GET https://www.kaufland.cz/s/?search_value=vejce> exc_type=<class 'playwright._impl._errors.TimeoutError'> exc_msg=Page.wait_for_selector: Timeout 15000ms exceeded.
Call log:
  - waiting for locator("a[href*='/product/']") to be visible
Traceback (most recent call last):
  File "/home/krokviak/.local/lib/python3.12/site-packages/scrapy_playwright/handler.py", line 480, in _download_request_with_retry
    return await self._download_request_with_page(request, page, spider)
           ^^^^^^^^^^^^^^^^^^^^^^^^^^^^^^^^^^^^^^^^^^^^^^^^^^^^^^^^^^^^^
  File "/home/krokviak/.local/lib/python3.12/site-packages/scrapy_playwright/handler.py", line 528, in _download_request_with_page
    await self._apply_page_methods(page, request, spider)
  File "/home/krokviak/.local/lib/python3.12/site-packages/scrapy_playwright/handler.py", line 678, in _apply_page_methods
    pm.result = await _maybe_await(method(*pm.args, **pm.kwargs))
                ^^^^^^^^^^^^^^^^^^^^^^^^^^^^^^^^^^^^^^^^^^^^^^^^^
  File "/home/krokviak/.local/lib/python3.12/site-packages/scrapy_playwright/_utils.py", line 23, in _maybe_await
    return await obj
           ^^^^^^^^^
  File "/home/krokviak/.local/lib/python3.12/site-packages/playwright/async_api/_generated.py", line 8234, in wait_for_selector
    await self._impl_obj.wait_for_selector(
  File "/home/krokviak/.local/lib/python3.12/site-packages/playwright/_impl/_page.py", line 419, in wait_for_selector
    return await self._main_frame.wait_for_selector(**locals_to_params(locals()))
           ^^^^^^^^^^^^^^^^^^^^^^^^^^^^^^^^^^^^^^^^^^^^^^^^^^^^^^^^^^^^^^^^^^^^^^
  File "/home/krokviak/.local/lib/python3.12/site-packages/playwright/_impl/_frame.py", line 369, in wait_for_selector
    await self._channel.send(
  File "/home/krokviak/.local/lib/python3.12/site-packages/playwright/_impl/_connection.py", line 69, in send
    return await self._connection.wrap_api_call(
           ^^^^^^^^^^^^^^^^^^^^^^^^^^^^^^^^^^^^^
  File "/home/krokviak/.local/lib/python3.12/site-packages/playwright/_impl/_connection.py", line 559, in wrap_api_call
    raise rewrite_error(error, f"{parsed_st['apiName']}: {error}") from None
playwright._impl._errors.TimeoutError: Page.wait_for_selector: Timeout 15000ms exceeded.
Call log:
  - waiting for locator("a[href*='/product/']") to be visible

2026-03-17 20:20:23 [kaufland_products] WARNING: Request failed: https://www.kaufland.cz/s/?search_value=vejce: Page.wait_for_selector: Timeout 15000ms exceeded.
Call log:
  - waiting for locator("a[href*='/product/']") to be visible

2026-03-17 20:20:28 [kaufland_products] INFO: [olej] page 4: found 3 product links
2026-03-17 20:20:30 [kaufland_products] INFO: Scraped: Za studena lisovaný olej z ostropestřce mariánskéh | EAN=5903229005083 | kcal=824.0
2026-03-17 20:20:32 [scrapy-playwright] WARNING: Closing page due to failed request: <GET https://www.kaufland.cz/s/?search_value=mouka&page=2> exc_type=<class 'playwright._impl._errors.TimeoutError'> exc_msg=Page.wait_for_selector: Timeout 15000ms exceeded.
Call log:
  - waiting for locator("a[href*='/product/']") to be visible
Traceback (most recent call last):
  File "/home/krokviak/.local/lib/python3.12/site-packages/scrapy_playwright/handler.py", line 480, in _download_request_with_retry
    return await self._download_request_with_page(request, page, spider)
           ^^^^^^^^^^^^^^^^^^^^^^^^^^^^^^^^^^^^^^^^^^^^^^^^^^^^^^^^^^^^^
  File "/home/krokviak/.local/lib/python3.12/site-packages/scrapy_playwright/handler.py", line 528, in _download_request_with_page
    await self._apply_page_methods(page, request, spider)
  File "/home/krokviak/.local/lib/python3.12/site-packages/scrapy_playwright/handler.py", line 678, in _apply_page_methods
    pm.result = await _maybe_await(method(*pm.args, **pm.kwargs))
                ^^^^^^^^^^^^^^^^^^^^^^^^^^^^^^^^^^^^^^^^^^^^^^^^^
  File "/home/krokviak/.local/lib/python3.12/site-packages/scrapy_playwright/_utils.py", line 23, in _maybe_await
    return await obj
           ^^^^^^^^^
  File "/home/krokviak/.local/lib/python3.12/site-packages/playwright/async_api/_generated.py", line 8234, in wait_for_selector
    await self._impl_obj.wait_for_selector(
  File "/home/krokviak/.local/lib/python3.12/site-packages/playwright/_impl/_page.py", line 419, in wait_for_selector
    return await self._main_frame.wait_for_selector(**locals_to_params(locals()))
           ^^^^^^^^^^^^^^^^^^^^^^^^^^^^^^^^^^^^^^^^^^^^^^^^^^^^^^^^^^^^^^^^^^^^^^
  File "/home/krokviak/.local/lib/python3.12/site-packages/playwright/_impl/_frame.py", line 369, in wait_for_selector
    await self._channel.send(
  File "/home/krokviak/.local/lib/python3.12/site-packages/playwright/_impl/_connection.py", line 69, in send
    return await self._connection.wrap_api_call(
           ^^^^^^^^^^^^^^^^^^^^^^^^^^^^^^^^^^^^^
  File "/home/krokviak/.local/lib/python3.12/site-packages/playwright/_impl/_connection.py", line 559, in wrap_api_call
    raise rewrite_error(error, f"{parsed_st['apiName']}: {error}") from None
playwright._impl._errors.TimeoutError: Page.wait_for_selector: Timeout 15000ms exceeded.
Call log:
  - waiting for locator("a[href*='/product/']") to be visible

2026-03-17 20:20:33 [kaufland_products] WARNING: Request failed: https://www.kaufland.cz/s/?search_value=mouka&page=2: Page.wait_for_selector: Timeout 15000ms exceeded.
Call log:
  - waiting for locator("a[href*='/product/']") to be visible

2026-03-17 20:20:34 [scrapy.extensions.logstats] INFO: Crawled 588 pages (at 19 pages/min), scraped 542 items (at 11 items/min)
2026-03-17 20:20:36 [kaufland_products] INFO: Scraped: Rapunzel 1435020, 100 g, Kakaobutter* mild *kontro | EAN=4006040037569 | kcal=3700.0
2026-03-17 20:20:38 [kaufland_products] INFO: Scraped: Olvita Řepkový olej lisovaný za studena 250 ml | EAN=5903111707972 | kcal=900.0
2026-03-17 20:20:40 [scrapy-playwright] WARNING: Closing page due to failed request: <GET https://www.kaufland.cz/s/?search_value=tvaroh&page=4> exc_type=<class 'playwright._impl._errors.TimeoutError'> exc_msg=Page.wait_for_selector: Timeout 15000ms exceeded.
Call log:
  - waiting for locator("a[href*='/product/']") to be visible
Traceback (most recent call last):
  File "/home/krokviak/.local/lib/python3.12/site-packages/scrapy_playwright/handler.py", line 480, in _download_request_with_retry
    return await self._download_request_with_page(request, page, spider)
           ^^^^^^^^^^^^^^^^^^^^^^^^^^^^^^^^^^^^^^^^^^^^^^^^^^^^^^^^^^^^^
  File "/home/krokviak/.local/lib/python3.12/site-packages/scrapy_playwright/handler.py", line 528, in _download_request_with_page
    await self._apply_page_methods(page, request, spider)
  File "/home/krokviak/.local/lib/python3.12/site-packages/scrapy_playwright/handler.py", line 678, in _apply_page_methods
    pm.result = await _maybe_await(method(*pm.args, **pm.kwargs))
                ^^^^^^^^^^^^^^^^^^^^^^^^^^^^^^^^^^^^^^^^^^^^^^^^^
  File "/home/krokviak/.local/lib/python3.12/site-packages/scrapy_playwright/_utils.py", line 23, in _maybe_await
    return await obj
           ^^^^^^^^^
  File "/home/krokviak/.local/lib/python3.12/site-packages/playwright/async_api/_generated.py", line 8234, in wait_for_selector
    await self._impl_obj.wait_for_selector(
  File "/home/krokviak/.local/lib/python3.12/site-packages/playwright/_impl/_page.py", line 419, in wait_for_selector
    return await self._main_frame.wait_for_selector(**locals_to_params(locals()))
           ^^^^^^^^^^^^^^^^^^^^^^^^^^^^^^^^^^^^^^^^^^^^^^^^^^^^^^^^^^^^^^^^^^^^^^
  File "/home/krokviak/.local/lib/python3.12/site-packages/playwright/_impl/_frame.py", line 369, in wait_for_selector
    await self._channel.send(
  File "/home/krokviak/.local/lib/python3.12/site-packages/playwright/_impl/_connection.py", line 69, in send
    return await self._connection.wrap_api_call(
           ^^^^^^^^^^^^^^^^^^^^^^^^^^^^^^^^^^^^^
  File "/home/krokviak/.local/lib/python3.12/site-packages/playwright/_impl/_connection.py", line 559, in wrap_api_call
    raise rewrite_error(error, f"{parsed_st['apiName']}: {error}") from None
playwright._impl._errors.TimeoutError: Page.wait_for_selector: Timeout 15000ms exceeded.
Call log:
  - waiting for locator("a[href*='/product/']") to be visible

2026-03-17 20:20:40 [kaufland_products] WARNING: Request failed: https://www.kaufland.cz/s/?search_value=tvaroh&page=4: Page.wait_for_selector: Timeout 15000ms exceeded.
Call log:
  - waiting for locator("a[href*='/product/']") to be visible

2026-03-17 20:20:41 [kaufland_products] INFO: Scraped: Skleněná Lahvička 30Ml, Hnědá S Černou Pipetou | EAN=8594217852269 08594217852269 | kcal=0.0
2026-03-17 20:20:41 [kaufland_products] WARNING: No nutrition data for: Skleněná Lahvička 30Ml, Hnědá S Černou Pipetou
2026-03-17 20:20:44 [kaufland_products] INFO: Scraped: Mazola čistý olej z kukuřičných klíčků jemně lisov | EAN=4007801116011 | kcal=813.556
2026-03-17 20:20:46 [kaufland_products] INFO: Scraped: OLVITA Černý kmínový olej lisovaný za studena 250  | EAN=5907591923853 | kcal=0.0
2026-03-17 20:20:46 [kaufland_products] WARNING: No nutrition data for: OLVITA Černý kmínový olej lisovaný za studena 250 ml (Egypt)
2026-03-17 20:20:48 [scrapy-playwright] WARNING: Closing page due to failed request: <GET https://www.kaufland.cz/s/?search_value=olej&page=5> exc_type=<class 'playwright._impl._errors.TimeoutError'> exc_msg=Page.wait_for_selector: Timeout 15000ms exceeded.
Call log:
  - waiting for locator("a[href*='/product/']") to be visible
Traceback (most recent call last):
  File "/home/krokviak/.local/lib/python3.12/site-packages/scrapy_playwright/handler.py", line 480, in _download_request_with_retry
    return await self._download_request_with_page(request, page, spider)
           ^^^^^^^^^^^^^^^^^^^^^^^^^^^^^^^^^^^^^^^^^^^^^^^^^^^^^^^^^^^^^
  File "/home/krokviak/.local/lib/python3.12/site-packages/scrapy_playwright/handler.py", line 528, in _download_request_with_page
    await self._apply_page_methods(page, request, spider)
  File "/home/krokviak/.local/lib/python3.12/site-packages/scrapy_playwright/handler.py", line 678, in _apply_page_methods
    pm.result = await _maybe_await(method(*pm.args, **pm.kwargs))
                ^^^^^^^^^^^^^^^^^^^^^^^^^^^^^^^^^^^^^^^^^^^^^^^^^
  File "/home/krokviak/.local/lib/python3.12/site-packages/scrapy_playwright/_utils.py", line 23, in _maybe_await
    return await obj
           ^^^^^^^^^
  File "/home/krokviak/.local/lib/python3.12/site-packages/playwright/async_api/_generated.py", line 8234, in wait_for_selector
    await self._impl_obj.wait_for_selector(
  File "/home/krokviak/.local/lib/python3.12/site-packages/playwright/_impl/_page.py", line 419, in wait_for_selector
    return await self._main_frame.wait_for_selector(**locals_to_params(locals()))
           ^^^^^^^^^^^^^^^^^^^^^^^^^^^^^^^^^^^^^^^^^^^^^^^^^^^^^^^^^^^^^^^^^^^^^^
  File "/home/krokviak/.local/lib/python3.12/site-packages/playwright/_impl/_frame.py", line 369, in wait_for_selector
    await self._channel.send(
  File "/home/krokviak/.local/lib/python3.12/site-packages/playwright/_impl/_connection.py", line 69, in send
    return await self._connection.wrap_api_call(
           ^^^^^^^^^^^^^^^^^^^^^^^^^^^^^^^^^^^^^
  File "/home/krokviak/.local/lib/python3.12/site-packages/playwright/_impl/_connection.py", line 559, in wrap_api_call
    raise rewrite_error(error, f"{parsed_st['apiName']}: {error}") from None
playwright._impl._errors.TimeoutError: Page.wait_for_selector: Timeout 15000ms exceeded.
Call log:
  - waiting for locator("a[href*='/product/']") to be visible

2026-03-17 20:20:48 [kaufland_products] WARNING: Request failed: https://www.kaufland.cz/s/?search_value=olej&page=5: Page.wait_for_selector: Timeout 15000ms exceeded.
Call log:
  - waiting for locator("a[href*='/product/']") to be visible

2026-03-17 20:20:49 [kaufland_products] INFO: Scraped: Fritovací olej F+ Supreme Long Life 1 x 7,5 litrov | EAN=9005200135478 | kcal=828.0
2026-03-17 20:20:52 [kaufland_products] INFO: Scraped: Olvita Avokádový olej lisovaný za studena 100 ml | EAN=5902841303485 | kcal=900.0
2026-03-17 20:20:56 [kaufland_products] INFO: Scraped: Fritovací olej s olivami 1l | EAN=3445020008754 | kcal=819.0
2026-03-17 20:20:59 [kaufland_products] INFO: Scraped: OLVITA Kaméliový olej - lisovaný za studena 250 ml | EAN=5907591923129 | kcal=900.0
2026-03-17 20:21:01 [kaufland_products] INFO: Scraped: Olej na smažení v páře 1 litr | EAN=3445020204507 | kcal=819.0
2026-03-17 20:21:04 [kaufland_products] INFO: Scraped: Olivový olej na smažení 500 ml | EAN=3445020001755 | kcal=838.0
2026-03-17 20:21:07 [kaufland_products] INFO: Scraped: Olej v krabici - Olej na smažení v páře 3L | EAN=3445020904346 | kcal=819.0
2026-03-17 20:21:09 [kaufland_products] INFO: Scraped: Panenský kokosový olej - kbelík 2,5 | EAN=4260355581463 | kcal=837.0
2026-03-17 20:21:14 [kaufland_products] INFO: Scraped: Dr.Oetker Borůvkový tvarohový krém | EAN=4006733003499 | kcal=430.0
2026-03-17 20:21:16 [kaufland_products] INFO: Scraped: Mary Kay Clear Proof Hydratační krém bez oleje 88m | EAN=1858000075 001858000075 0001858000075 | kcal=0.0
2026-03-17 20:21:16 [kaufland_products] WARNING: No nutrition data for: Mary Kay Clear Proof Hydratační krém bez oleje 88ml
2026-03-17 20:21:18 [kaufland_products] INFO: Scraped: Lola Cosmetics Dream Cream Nawilżająca maska do wł | EAN=7899572810000 | kcal=0.0
2026-03-17 20:21:18 [kaufland_products] WARNING: No nutrition data for: Lola Cosmetics Dream Cream Nawilżająca maska do włosów, 200 g
2026-03-17 20:21:23 [kaufland_products] INFO: Scraped: HUSIA SADLO 300 ml - DESMAL | EAN=5901425309110 | kcal=893.0
2026-03-17 20:21:26 [kaufland_products] INFO: Scraped: Lola Cosmetics Dream Cream Nawilżająca maska do wł | EAN=7899572802784 | kcal=0.0
2026-03-17 20:21:26 [kaufland_products] WARNING: No nutrition data for: Lola Cosmetics Dream Cream Nawilżająca maska do włosów, 450 g
2026-03-17 20:21:28 [kaufland_products] INFO: Scraped: Boyens - uvolňovací sprej 600 ml - nepřilnavý spre | EAN=4250235134919 | kcal=883.8
2026-03-17 20:21:32 [kaufland_products] INFO: Scraped: Konopný olej lisovaný za studena a surový 500ml OL | EAN=5903111707644 | kcal=900.0
2026-03-17 20:21:34 [kaufland_products] INFO: Scraped: Byodo 471631, Olivový olej, 750 ml, Plastová láhev | EAN=4018462400708 | kcal=830.0
2026-03-17 20:21:34 [scrapy.extensions.logstats] INFO: Crawled 609 pages (at 21 pages/min), scraped 563 items (at 21 items/min)
2026-03-17 20:21:37 [kaufland_products] INFO: Scraped: Saupiquet tuňák naturale bez oleje tuňák v kouscíc | EAN=3165957380012 | kcal=97.0
2026-03-17 20:21:40 [kaufland_products] INFO: Scraped: Bübchen Ochranný olejíček sensitiv 200 ml | EAN=4065331000019 | kcal=0.0
2026-03-17 20:21:40 [kaufland_products] WARNING: No nutrition data for: Bübchen Ochranný olejíček sensitiv 200 ml
2026-03-17 20:21:42 [kaufland_products] INFO: Scraped: Anyah Šampon a kondicionér - Posílení a ochrana po | EAN=3830999202133 | kcal=0.0
2026-03-17 20:21:42 [kaufland_products] WARNING: No nutrition data for: Anyah Šampon a kondicionér - Posílení a ochrana pokožky a vlasů - Eco Label -  Italy - 4 x 480 ml sada
2026-03-17 20:21:48 [kaufland_products] INFO: Scraped: Anyah změkčující sprchový gel - obohacený o prekur | EAN=3830999202096 | kcal=0.0
2026-03-17 20:21:48 [kaufland_products] WARNING: No nutrition data for: Anyah změkčující sprchový gel - obohacený o prekurzor kyseliny hyaluronové - ekoznačený - vyrobeno v Itálii - sada 4 x 480 ml
2026-03-17 20:21:51 [kaufland_products] INFO: Scraped: Belissia Shake and Make - Set-Greatest Hits | Potr | EAN=4060257035640 | kcal=0.0
2026-03-17 20:21:51 [kaufland_products] WARNING: No nutrition data for: Belissia Shake and Make - Set-Greatest Hits | Potravinářské aroma 6x10 ml s šejkrem na míchání. Pro použití v potravinách
2026-03-17 20:21:53 [kaufland_products] INFO: Scraped: Litinová pánev BBQ-Toro Poffertjes | Na 7 palačine | EAN=4260532298535 | kcal=0.0
2026-03-17 20:21:53 [kaufland_products] WARNING: No nutrition data for: Litinová pánev BBQ-Toro Poffertjes | Na 7 palačinek a dalších cukrářských specialit | Ø 20,5 cm
2026-03-17 20:21:55 [kaufland_products] INFO: Scraped: Ruf směsi na pečení Eierschecke | EAN=4002809028212 | kcal=255.0
2026-03-17 20:21:57 [kaufland_products] INFO: Scraped: Anyah Jemný sprchový šampon - obohacený o extrakt  | EAN=3830999201648 | kcal=0.0
2026-03-17 20:21:57 [kaufland_products] WARNING: No nutrition data for: Anyah Jemný sprchový šampon - obohacený o extrakt z bílé kopřivy - ekoznačený - vyrobený v Itálii - sada 4 x 480 ml
2026-03-17 20:22:03 [kaufland_products] INFO: Scraped: Shake and Make – Pražené mandle | EAN=4060257033622 | kcal=0.0
2026-03-17 20:22:03 [kaufland_products] WARNING: No nutrition data for: Shake and Make – Pražené mandle
2026-03-17 20:22:06 [kaufland_products] INFO: Scraped: Přírodní tvarohové mýdlo 75g | EAN=9002070000752 | kcal=0.0
2026-03-17 20:22:06 [kaufland_products] WARNING: No nutrition data for: Přírodní tvarohové mýdlo 75g
2026-03-17 20:22:07 [kaufland_products] INFO: Scraped: ŽLUTÝ TRANSPARENTNÍ TRANSPARENT BEZ CUKRU S LESNÍM | EAN=5900038002395 | kcal=307.0
2026-03-17 20:22:12 [kaufland_products] INFO: Scraped: KAISER Mehl-und Puderzuckersieb Patisserie 350 g E | EAN=4006932769677 | kcal=0.0
2026-03-17 20:22:12 [kaufland_products] WARNING: No nutrition data for: KAISER Mehl-und Puderzuckersieb Patisserie 350 g Edelstahl
2026-03-17 20:22:15 [kaufland_products] INFO: Scraped: Pšeničná mouka na pizzu typ 00 1kg - Tota | EAN=5908312005018 | kcal=0.0
2026-03-17 20:22:15 [kaufland_products] WARNING: No nutrition data for: Pšeničná mouka na pizzu typ 00 1kg - Tota
2026-03-17 20:22:17 [kaufland_products] INFO: Scraped: Müllers Mühle cizrnová mouka na vaření, pečení a z | EAN=4000286232924 | kcal=0.0
2026-03-17 20:22:17 [kaufland_products] WARNING: No nutrition data for: Müllers Mühle cizrnová mouka na vaření, pečení a zjemnění 400g
2026-03-17 20:22:19 [kaufland_products] INFO: Scraped: Univerzální pšeničná mouka typ 650 1kg - Tota | EAN=5907996363094 | kcal=344.0
2026-03-17 20:22:22 [kaufland_products] INFO: Scraped: Müllers Mühle rýžová mouka na vaření pečení a rafi | EAN=4000286233426 | kcal=0.0
2026-03-17 20:22:22 [kaufland_products] WARNING: No nutrition data for: Müllers Mühle rýžová mouka na vaření pečení a rafinaci 500g
2026-03-17 20:22:25 [kaufland_products] INFO: Scraped: Küchenmeister pohanková mouka jemná a univerzální  | EAN=4006363104344 | kcal=362.324
2026-03-17 20:22:30 [kaufland_products] INFO: Scraped: Monte Castello speciální mouka na pizzu Pšeničná m | EAN=4306283162654 | kcal=339.0
2026-03-17 20:22:32 [kaufland_products] INFO: Scraped: Küchenmeister celozrnná směs na pečení chleba z pš | EAN=4006363101060 | kcal=362.324
2026-03-17 20:22:34 [scrapy.extensions.logstats] INFO: Crawled 628 pages (at 19 pages/min), scraped 582 items (at 19 items/min)
2026-03-17 20:22:34 [kaufland_products] INFO: Scraped: Žitná mouka Aurora T1150 1000g | EAN=4000406073147 | kcal=334.0
2026-03-17 20:22:37 [kaufland_products] INFO: Scraped: Celozrnná špaldová mouka Aurora pro zdravý celozrn | EAN=4000406072171 | kcal=354.0
2026-03-17 20:22:39 [kaufland_products] INFO: Scraped: Caputo Semola Rimancinata 1 kg italská mouka semol | EAN=8014601999870 | kcal=354.0
2026-03-17 20:22:45 [kaufland_products] INFO: Scraped: Aurora instantní pšeničná mouka s dvojitou texturo | EAN=4000406070108 | kcal=344.0
2026-03-17 20:22:47 [kaufland_products] INFO: Scraped: Přírodní kvásek 125g | EAN=4020943232340 | kcal=0.0
2026-03-17 20:22:47 [kaufland_products] WARNING: No nutrition data for: Přírodní kvásek 125g
2026-03-17 20:22:49 [kaufland_products] INFO: Scraped: Caputo Classica Doppio Zero 1 kg italská pšeničná  | EAN=8014601028747 | kcal=349.0
2026-03-17 20:22:52 [kaufland_products] INFO: Scraped: Aurora - Pšeničná mouka typ 1050 - 1kg | EAN=4000406072126 | kcal=343.0
2026-03-17 20:22:54 [kaufland_products] INFO: Scraped: Frießinger Mühle La Farina mouka na pizzu T00 14%  | EAN=4006363112738 | kcal=0.0
2026-03-17 20:22:57 [kaufland_products] INFO: Scraped: Mouka - kokosová 250g | EAN=4015637827148 | kcal=0.0
2026-03-17 20:22:57 [kaufland_products] WARNING: No nutrition data for: Mouka - kokosová 250g
2026-03-17 20:23:01 [kaufland_products] INFO: Scraped: Mouka - ovesná 350g | EAN=4015637007915 | kcal=0.0
2026-03-17 20:23:01 [kaufland_products] WARNING: No nutrition data for: Mouka - ovesná 350g
2026-03-17 20:23:04 [kaufland_products] INFO: Scraped: Caputo Pasticceria 1 kg italská pšeničná mouka na  | EAN=8014601011565 | kcal=347.0
2026-03-17 20:23:09 [kaufland_products] INFO: Scraped: Pšeničná mouka Aurora typ 550 extra silná se slune | EAN=4000406072355 | kcal=0.0
2026-03-17 20:23:09 [kaufland_products] WARNING: No nutrition data for: Pšeničná mouka Aurora typ 550 extra silná se sluneční hvězdou 1000g
2026-03-17 20:23:11 [kaufland_products] INFO: Scraped: Pšeničná mouka typ 405 | EAN=4006363100094 | kcal=338.0
2026-03-17 20:23:13 [kaufland_products] INFO: Scraped: CAPUTO PIZZERIA 1KG italská mouka typu 00 na pizzu | EAN=8014601036100 | kcal=354.0
2026-03-17 20:23:16 [kaufland_products] INFO: Scraped: Maxtuned odměrka na olej odměrka na směs 2 zdvihy, | EAN=4061467694931 | kcal=0.0
2026-03-17 20:23:16 [kaufland_products] WARNING: No nutrition data for: Maxtuned odměrka na olej odměrka na směs 2 zdvihy, 250 ml kompatibilní se skútry / sekačkami na trávu / motorovými pilami / Vespa / motocykly / Simson / mopedy
2026-03-17 20:23:19 [kaufland_products] INFO: Scraped: Sada esenciálních olejů, 6 x 10 ml Aromaterapeutic | EAN=6002560953868 | kcal=0.0
2026-03-17 20:23:19 [kaufland_products] WARNING: No nutrition data for: Sada esenciálních olejů, 6 x 10 ml Aromaterapeutický vonný olej 100% čisté esenciální oleje Dárková sada Aromaterapeutický terapeutický olej Vhodné do difuzérů/vonných lamp/osvěžovačů vzduchu
2026-03-17 20:23:23 [kaufland_products] INFO: Scraped: Extra panenský olivový olej, ovocný 500ml | EAN=3445020222709 | kcal=3330.0
2026-03-17 20:23:24 [kaufland_products] INFO: Scraped: Dabur Amla Vlasový olej Indický angrešt na tmavé a | EAN=5022496101349 | kcal=0.0
2026-03-17 20:23:24 [kaufland_products] WARNING: No nutrition data for: Dabur Amla Vlasový olej Indický angrešt na tmavé až černé vlasy (200ml), 12644
2026-03-17 20:23:29 [kaufland_products] INFO: Scraped: KTC Pure Coconutoil čistý kokosový olej prémiové k | EAN=5013635101818 5013635101559 | kcal=899.0
2026-03-17 20:23:32 [kaufland_products] INFO: Scraped: Wiberg Mandlový olej Plus Orange s přírodní pomera | EAN=9002540816722 | kcal=0.0
2026-03-17 20:23:32 [kaufland_products] WARNING: No nutrition data for: Wiberg Mandlový olej Plus Orange s přírodní pomerančovou příchutí 500ml
2026-03-17 20:23:34 [scrapy.extensions.logstats] INFO: Crawled 648 pages (at 20 pages/min), scraped 602 items (at 20 items/min)
2026-03-17 20:23:35 [kaufland_products] INFO: Scraped: Řepkový olej na smažení 750ml | EAN=4018462400302 | kcal=0.0
2026-03-17 20:23:35 [kaufland_products] WARNING: No nutrition data for: Řepkový olej na smažení 750ml
2026-03-17 20:23:37 [kaufland_products] INFO: Scraped: Olvita Kaltgepresstes Aprikosenkernöl 100 ml | EAN=5907591923303 | kcal=900.0
2026-03-17 20:23:39 [kaufland_products] INFO: Scraped: PCP olejový filtr vzduchový filtr olejový odlučova | EAN=0794590569886 794590569886 | kcal=0.0
2026-03-17 20:23:39 [kaufland_products] WARNING: No nutrition data for: PCP olejový filtr vzduchový filtr olejový odlučovač vody aktivní uhlí vysokotlaké čerpadlo 35 Mpa sada s trubkou pro slabé korozivní kapaliny
2026-03-17 20:23:43 [kaufland_products] INFO: Scraped: Olej v krabici - Slunečnicový olej panenský 3L | EAN=3445020110341 | kcal=828.0
2026-03-17 20:23:46 [kaufland_products] INFO: Scraped: Panenský slunečnicový olej 1 litr | EAN=3445020210508 | kcal=828.0
2026-03-17 20:23:49 [kaufland_products] INFO: Scraped: Thomy Čistý řepkový olej přirozeně bohatý na omega | EAN=7613034723482 | kcal=819.0
2026-03-17 20:23:52 [kaufland_products] INFO: Scraped: Rinatura Čistý olej z pšeničných klíčků Olej z pše | EAN=4013200256203 | kcal=828.0
2026-03-17 20:23:55 [kaufland_products] INFO: Scraped: Mielle Rozmarýnový mátový olej na pokožku hlavy a  | EAN=0854102006732 854102006732 | kcal=0.0
2026-03-17 20:23:55 [kaufland_products] WARNING: No nutrition data for: Mielle Rozmarýnový mátový olej na pokožku hlavy a vlasy 59ml
2026-03-17 20:23:59 [kaufland_products] INFO: Scraped: OLVITA Ostropestřecový olej lisovaný za studena 50 | EAN=5902841302600 | kcal=0.0
2026-03-17 20:23:59 [kaufland_products] WARNING: No nutrition data for: OLVITA Ostropestřecový olej lisovaný za studena 500 ml
2026-03-17 20:24:01 [kaufland_products] INFO: Scraped: Rapso čistý řepkový olej z kontrolovaného pěstován | EAN=9001466207911 | kcal=824.0
2026-03-17 20:24:04 [kaufland_products] INFO: Scraped: Diamond Sezamový olej 100% z pražených sezamových  | EAN=4316734087825 | kcal=828.0
2026-03-17 20:24:07 [kaufland_products] INFO: Scraped: Řepkový olej Küchenchef 100% čistý řepkový olej v  | EAN=9005200112578 | kcal=0.0
2026-03-17 20:24:07 [kaufland_products] WARNING: No nutrition data for: Řepkový olej Küchenchef 100% čistý řepkový olej v 10litrové PET láhvi pro restaurace se studenými a teplými pokrmy
2026-03-17 20:24:11 [kaufland_products] INFO: Scraped: Miska BE-MI beton kulatá 0,02l | EAN=8595129100042 | kcal=0.0
2026-03-17 20:24:11 [kaufland_products] WARNING: No nutrition data for: Miska BE-MI beton kulatá 0,02l
2026-03-17 20:24:13 [kaufland_products] INFO: Scraped: Litinová pánev BBQ-Toro Poffertjes | Förtchenpfann | EAN=4260532296418 | kcal=0.0
2026-03-17 20:24:13 [kaufland_products] WARNING: No nutrition data for: Litinová pánev BBQ-Toro Poffertjes | Förtchenpfanne for 19 Förtchen | Ø 24 cm
2026-03-17 20:24:17 [kaufland_products] INFO: Scraped: Tanner Ehrmann Robby ovoce a tvaroh dřevěný obchod | EAN=4007464009972 | kcal=0.0
2026-03-17 20:24:17 [kaufland_products] WARNING: No nutrition data for: Tanner Ehrmann Robby ovoce a tvaroh dřevěný obchod
2026-03-17 20:24:19 [kaufland_products] INFO: Scraped: Makový olej  250ml | EAN=8595639402537 | kcal=900.0
2026-03-17 20:24:22 [kaufland_products] INFO: Scraped: Celiko Bezlepkové Dortové želé jahodové červené be | EAN=5900038002326 | kcal=312.0
2026-03-17 20:24:25 [kaufland_products] INFO: Scraped: Pomoc pro tvarohový koláč Dr. Oetker | EAN=4000521130107 | kcal=224.0
2026-03-17 20:24:29 [kaufland_products] INFO: Scraped: Kulatá silikonová dortová forma: Ideální na koláče | EAN=8592381177751 | kcal=0.0
2026-03-17 20:24:29 [kaufland_products] WARNING: No nutrition data for: Kulatá silikonová dortová forma: Ideální na koláče a dezerty
2026-03-17 20:24:31 [kaufland_products] INFO: Scraped: Černý kmín 1kg Brat.pl | EAN=5906721131120 | kcal=590.0
2026-03-17 20:24:34 [scrapy.extensions.logstats] INFO: Crawled 668 pages (at 20 pages/min), scraped 622 items (at 20 items/min)
2026-03-17 20:24:36 [kaufland_products] INFO: Scraped: Mini kulatá tvarohová pánev z uhlíkové oceli s nep | EAN=7402398785058 | kcal=0.0
2026-03-17 20:24:36 [kaufland_products] WARNING: No nutrition data for: Mini kulatá tvarohová pánev z uhlíkové oceli s nepřilnavým povrchem DIY pečení dortové formy na pečení kuchyňské náčiní
2026-03-17 20:24:38 [kaufland_products] INFO: Scraped: Pískavice řecké seno 1kg Brat.pl | EAN=5906721131021 | kcal=0.0
2026-03-17 20:24:38 [kaufland_products] WARNING: No nutrition data for: Pískavice řecké seno 1kg Brat.pl
2026-03-17 20:24:41 [kaufland_products] INFO: Scraped: dalli Tekuté tvarohové mýdlo | EAN=4012400532605 | kcal=0.0
2026-03-17 20:24:41 [kaufland_products] WARNING: No nutrition data for: dalli Tekuté tvarohové mýdlo
2026-03-17 20:24:43 [kaufland_products] INFO: Scraped: Dr. Oetker sýrová směs na pečení s cukrem na zdobe | EAN=4000521855802 | kcal=241.0
2026-03-17 20:24:46 [kaufland_products] INFO: Scraped: 5dílná sada misek Maestro Natale 4 osoby misky na  | EAN=4251967519616 | kcal=0.0
2026-03-17 20:24:46 [kaufland_products] WARNING: No nutrition data for: 5dílná sada misek Maestro Natale 4 osoby misky na cereálie servírovací miska Vánoce
2026-03-17 20:24:50 [kaufland_products] INFO: Scraped: Dr. Oetker tvarohová směs na pečení s jemným zdobi | EAN=4000521029920 | kcal=373.0
2026-03-17 20:24:52 [kaufland_products] INFO: Scraped: Mrs Bridges Lemon Curd Traditional English Spread  | EAN=5020566700096 | kcal=0.0
2026-03-17 20:24:55 [kaufland_products] INFO: [čokoláda] page 1: found 33 product links
2026-03-17 20:25:00 [kaufland_products] INFO: [džem] page 1: found 23 product links
2026-03-17 20:25:02 [kaufland_products] INFO: [cereálie] page 1: found 33 product links
2026-03-17 20:25:04 [kaufland_products] INFO: [čokoláda] page 2: found 32 product links
2026-03-17 20:25:07 [kaufland_products] INFO: [džem] page 2: found 10 product links
2026-03-17 20:25:09 [kaufland_products] INFO: [cereálie] page 2: found 33 product links
2026-03-17 20:25:11 [scrapy-playwright] WARNING: Closing page due to failed request: <GET https://www.kaufland.cz/s/?search_value=med> exc_type=<class 'playwright._impl._errors.TimeoutError'> exc_msg=Page.wait_for_selector: Timeout 15000ms exceeded.
Call log:
  - waiting for locator("a[href*='/product/']") to be visible
Traceback (most recent call last):
  File "/home/krokviak/.local/lib/python3.12/site-packages/scrapy_playwright/handler.py", line 480, in _download_request_with_retry
    return await self._download_request_with_page(request, page, spider)
           ^^^^^^^^^^^^^^^^^^^^^^^^^^^^^^^^^^^^^^^^^^^^^^^^^^^^^^^^^^^^^
  File "/home/krokviak/.local/lib/python3.12/site-packages/scrapy_playwright/handler.py", line 528, in _download_request_with_page
    await self._apply_page_methods(page, request, spider)
  File "/home/krokviak/.local/lib/python3.12/site-packages/scrapy_playwright/handler.py", line 678, in _apply_page_methods
    pm.result = await _maybe_await(method(*pm.args, **pm.kwargs))
                ^^^^^^^^^^^^^^^^^^^^^^^^^^^^^^^^^^^^^^^^^^^^^^^^^
  File "/home/krokviak/.local/lib/python3.12/site-packages/scrapy_playwright/_utils.py", line 23, in _maybe_await
    return await obj
           ^^^^^^^^^
  File "/home/krokviak/.local/lib/python3.12/site-packages/playwright/async_api/_generated.py", line 8234, in wait_for_selector
    await self._impl_obj.wait_for_selector(
  File "/home/krokviak/.local/lib/python3.12/site-packages/playwright/_impl/_page.py", line 419, in wait_for_selector
    return await self._main_frame.wait_for_selector(**locals_to_params(locals()))
           ^^^^^^^^^^^^^^^^^^^^^^^^^^^^^^^^^^^^^^^^^^^^^^^^^^^^^^^^^^^^^^^^^^^^^^
  File "/home/krokviak/.local/lib/python3.12/site-packages/playwright/_impl/_frame.py", line 369, in wait_for_selector
    await self._channel.send(
  File "/home/krokviak/.local/lib/python3.12/site-packages/playwright/_impl/_connection.py", line 69, in send
    return await self._connection.wrap_api_call(
           ^^^^^^^^^^^^^^^^^^^^^^^^^^^^^^^^^^^^^
  File "/home/krokviak/.local/lib/python3.12/site-packages/playwright/_impl/_connection.py", line 559, in wrap_api_call
    raise rewrite_error(error, f"{parsed_st['apiName']}: {error}") from None
playwright._impl._errors.TimeoutError: Page.wait_for_selector: Timeout 15000ms exceeded.
Call log:
  - waiting for locator("a[href*='/product/']") to be visible

2026-03-17 20:25:12 [kaufland_products] WARNING: Request failed: https://www.kaufland.cz/s/?search_value=med: Page.wait_for_selector: Timeout 15000ms exceeded.
Call log:
  - waiting for locator("a[href*='/product/']") to be visible

2026-03-17 20:25:15 [kaufland_products] INFO: [džem] page 3: found 23 product links
2026-03-17 20:25:18 [kaufland_products] INFO: [cereálie] page 3: found 20 product links
2026-03-17 20:25:20 [kaufland_products] INFO: Scraped: Pikniková tyčinka Cadbury s arašídy, sultánkami a  | EAN=7622201498894 | kcal=481.0
2026-03-17 20:25:23 [kaufland_products] INFO: [džem] page 4: found 20 product links
2026-03-17 20:25:25 [kaufland_products] INFO: [cereálie] page 4: found 17 product links
2026-03-17 20:25:27 [scrapy-playwright] WARNING: Closing page due to failed request: <GET https://www.kaufland.cz/s/?search_value=%C4%8Dokol%C3%A1da&page=3> exc_type=<class 'playwright._impl._errors.TimeoutError'> exc_msg=Page.wait_for_selector: Timeout 15000ms exceeded.
Call log:
  - waiting for locator("a[href*='/product/']") to be visible
Traceback (most recent call last):
  File "/home/krokviak/.local/lib/python3.12/site-packages/scrapy_playwright/handler.py", line 480, in _download_request_with_retry
    return await self._download_request_with_page(request, page, spider)
           ^^^^^^^^^^^^^^^^^^^^^^^^^^^^^^^^^^^^^^^^^^^^^^^^^^^^^^^^^^^^^
  File "/home/krokviak/.local/lib/python3.12/site-packages/scrapy_playwright/handler.py", line 528, in _download_request_with_page
    await self._apply_page_methods(page, request, spider)
  File "/home/krokviak/.local/lib/python3.12/site-packages/scrapy_playwright/handler.py", line 678, in _apply_page_methods
    pm.result = await _maybe_await(method(*pm.args, **pm.kwargs))
                ^^^^^^^^^^^^^^^^^^^^^^^^^^^^^^^^^^^^^^^^^^^^^^^^^
  File "/home/krokviak/.local/lib/python3.12/site-packages/scrapy_playwright/_utils.py", line 23, in _maybe_await
    return await obj
           ^^^^^^^^^
  File "/home/krokviak/.local/lib/python3.12/site-packages/playwright/async_api/_generated.py", line 8234, in wait_for_selector
    await self._impl_obj.wait_for_selector(
  File "/home/krokviak/.local/lib/python3.12/site-packages/playwright/_impl/_page.py", line 419, in wait_for_selector
    return await self._main_frame.wait_for_selector(**locals_to_params(locals()))
           ^^^^^^^^^^^^^^^^^^^^^^^^^^^^^^^^^^^^^^^^^^^^^^^^^^^^^^^^^^^^^^^^^^^^^^
  File "/home/krokviak/.local/lib/python3.12/site-packages/playwright/_impl/_frame.py", line 369, in wait_for_selector
    await self._channel.send(
  File "/home/krokviak/.local/lib/python3.12/site-packages/playwright/_impl/_connection.py", line 69, in send
    return await self._connection.wrap_api_call(
           ^^^^^^^^^^^^^^^^^^^^^^^^^^^^^^^^^^^^^
  File "/home/krokviak/.local/lib/python3.12/site-packages/playwright/_impl/_connection.py", line 559, in wrap_api_call
    raise rewrite_error(error, f"{parsed_st['apiName']}: {error}") from None
playwright._impl._errors.TimeoutError: Page.wait_for_selector: Timeout 15000ms exceeded.
Call log:
  - waiting for locator("a[href*='/product/']") to be visible

2026-03-17 20:25:27 [kaufland_products] WARNING: Request failed: https://www.kaufland.cz/s/?search_value=%C4%8Dokol%C3%A1da&page=3: Page.wait_for_selector: Timeout 15000ms exceeded.
Call log:
  - waiting for locator("a[href*='/product/']") to be visible

2026-03-17 20:25:27 [kaufland_products] INFO: Scraped: dávkovač na cereálie s 6 mřížkami Rotační zásobník | EAN=0733835957774 733835957774 | kcal=0.0
2026-03-17 20:25:27 [kaufland_products] WARNING: No nutrition data for: dávkovač na cereálie s 6 mřížkami Rotační zásobník na potraviny Dávkovač na potraviny Dóza na potraviny Bílá
2026-03-17 20:25:32 [kaufland_products] INFO: [cereálie] page 5: found 10 product links
2026-03-17 20:25:34 [scrapy.extensions.logstats] INFO: Crawled 688 pages (at 20 pages/min), scraped 631 items (at 9 items/min)
2026-03-17 20:25:35 [kaufland_products] INFO: Scraped: Intirilife Sada 4 kusů misek v elegantní dárkové k | EAN=4063758214286 | kcal=0.0
2026-03-17 20:25:35 [kaufland_products] WARNING: No nutrition data for: Intirilife Sada 4 kusů misek v elegantní dárkové krabičce - sada japonského porcelánového nádobí v modré a bílé barvě
2026-03-17 20:25:38 [kaufland_products] INFO: Scraped: Kempinkové melaminové nádobí Moritz pro 4 osoby 12 | EAN=4260761011509 | kcal=0.0
2026-03-17 20:25:38 [kaufland_products] WARNING: No nutrition data for: Kempinkové melaminové nádobí Moritz pro 4 osoby 12dílné | sada nádobí pro piknik | nádobí pro kempování I Stone Blue Design
2026-03-17 20:25:40 [kaufland_products] INFO: Scraped: Ritzenhoff Doppio Circle Sada 4 misek 450 ml Müsli | EAN=4251967503080 | kcal=0.0
2026-03-17 20:25:40 [kaufland_products] WARNING: No nutrition data for: Ritzenhoff Doppio Circle Sada 4 misek 450 ml Müsli salátová miska na dezert
2026-03-17 20:25:43 [kaufland_products] INFO: Scraped: Melaminová sada kempingového nádobí pro 4 osoby Co | EAN=4260525957326 | kcal=0.0
2026-03-17 20:25:43 [kaufland_products] WARNING: No nutrition data for: Melaminová sada kempingového nádobí pro 4 osoby Coffee Design 16dílné nádobí na piknik BBQ nádobí
2026-03-17 20:25:44 [scrapy-playwright] WARNING: Closing page due to failed request: <GET https://www.kaufland.cz/s/?search_value=d%C5%BEem&page=5> exc_type=<class 'playwright._impl._errors.TimeoutError'> exc_msg=Page.wait_for_selector: Timeout 15000ms exceeded.
Call log:
  - waiting for locator("a[href*='/product/']") to be visible
Traceback (most recent call last):
  File "/home/krokviak/.local/lib/python3.12/site-packages/scrapy_playwright/handler.py", line 480, in _download_request_with_retry
    return await self._download_request_with_page(request, page, spider)
           ^^^^^^^^^^^^^^^^^^^^^^^^^^^^^^^^^^^^^^^^^^^^^^^^^^^^^^^^^^^^^
  File "/home/krokviak/.local/lib/python3.12/site-packages/scrapy_playwright/handler.py", line 528, in _download_request_with_page
    await self._apply_page_methods(page, request, spider)
  File "/home/krokviak/.local/lib/python3.12/site-packages/scrapy_playwright/handler.py", line 678, in _apply_page_methods
    pm.result = await _maybe_await(method(*pm.args, **pm.kwargs))
                ^^^^^^^^^^^^^^^^^^^^^^^^^^^^^^^^^^^^^^^^^^^^^^^^^
  File "/home/krokviak/.local/lib/python3.12/site-packages/scrapy_playwright/_utils.py", line 23, in _maybe_await
    return await obj
           ^^^^^^^^^
  File "/home/krokviak/.local/lib/python3.12/site-packages/playwright/async_api/_generated.py", line 8234, in wait_for_selector
    await self._impl_obj.wait_for_selector(
  File "/home/krokviak/.local/lib/python3.12/site-packages/playwright/_impl/_page.py", line 419, in wait_for_selector
    return await self._main_frame.wait_for_selector(**locals_to_params(locals()))
           ^^^^^^^^^^^^^^^^^^^^^^^^^^^^^^^^^^^^^^^^^^^^^^^^^^^^^^^^^^^^^^^^^^^^^^
  File "/home/krokviak/.local/lib/python3.12/site-packages/playwright/_impl/_frame.py", line 369, in wait_for_selector
    await self._channel.send(
  File "/home/krokviak/.local/lib/python3.12/site-packages/playwright/_impl/_connection.py", line 69, in send
    return await self._connection.wrap_api_call(
           ^^^^^^^^^^^^^^^^^^^^^^^^^^^^^^^^^^^^^
  File "/home/krokviak/.local/lib/python3.12/site-packages/playwright/_impl/_connection.py", line 559, in wrap_api_call
    raise rewrite_error(error, f"{parsed_st['apiName']}: {error}") from None
playwright._impl._errors.TimeoutError: Page.wait_for_selector: Timeout 15000ms exceeded.
Call log:
  - waiting for locator("a[href*='/product/']") to be visible

2026-03-17 20:25:44 [kaufland_products] WARNING: Request failed: https://www.kaufland.cz/s/?search_value=d%C5%BEem&page=5: Page.wait_for_selector: Timeout 15000ms exceeded.
Call log:
  - waiting for locator("a[href*='/product/']") to be visible

2026-03-17 20:25:48 [kaufland_products] INFO: Scraped: 12ks. Sada talířů Linus blue 4 osoby Kameninový ta | EAN=4251967507767 | kcal=0.0
2026-03-17 20:25:48 [kaufland_products] WARNING: No nutrition data for: 12ks. Sada talířů Linus blue 4 osoby Kameninový talíř Malá a velká mísa Mísa
2026-03-17 20:25:50 [kaufland_products] INFO: Scraped: PPD Super Bouquet Trend Bowl, miska, miska na cere | EAN=4021766298421 | kcal=0.0
2026-03-17 20:25:50 [kaufland_products] WARNING: No nutrition data for: PPD Super Bouquet Trend Bowl, miska, miska na cereálie, New Bone China, Ø 15 cm, 160802553
2026-03-17 20:25:53 [kaufland_products] INFO: Scraped: MALACASA, série Elisa, 6dílná sada porcelánových m | EAN=0767665199028 767665199028 | kcal=0.0
2026-03-17 20:25:53 [kaufland_products] WARNING: No nutrition data for: MALACASA, série Elisa, 6dílná sada porcelánových misek 6,7" miska na cereálie miska na salát pro 6 osob
2026-03-17 20:25:55 [kaufland_products] INFO: Scraped: Miska na cereálie ECKIG cca 14,5x14,5 cm - sada 6  | EAN=4262371538926 | kcal=0.0
2026-03-17 20:25:55 [kaufland_products] WARNING: No nutrition data for: Miska na cereálie ECKIG cca 14,5x14,5 cm - sada 6 kusů - barva: černá (čtvercová)
2026-03-17 20:25:58 [kaufland_products] INFO: Scraped: Ritzenhoff & Breker Flora miska na cereálie, miska | EAN=4006344426199 | kcal=0.0
2026-03-17 20:25:58 [kaufland_products] WARNING: No nutrition data for: Ritzenhoff & Breker Flora miska na cereálie, miska na cereálie, miska, dezertní miska, porcelán, barevná, Ø 15 cm, 426199
2026-03-17 20:26:01 [kaufland_products] INFO: Scraped: 24dílný porcelánový jídelní servis, kombinovaný se | EAN=6926681756088 | kcal=0.0
2026-03-17 20:26:01 [kaufland_products] WARNING: No nutrition data for: 24dílný porcelánový jídelní servis, kombinovaný servis v krémově bílé barvě, sada nádobí s jídelním talířem, dezertním talířem, polévkovým talířem a miskou
2026-03-17 20:26:04 [kaufland_products] INFO: Scraped: Kempinkové melaminové nádobí Moritz pro 4 osoby 12 | EAN=4260761011493 | kcal=0.0
2026-03-17 20:26:04 [kaufland_products] WARNING: No nutrition data for: Kempinkové melaminové nádobí Moritz pro 4 osoby 12dílné | sada nádobí pro piknik | nádobí pro kempování I Stone Red Design
2026-03-17 20:26:07 [kaufland_products] INFO: Scraped: Könitz Muesli Cup On Colour Flow, miska na cereáli | EAN=4028145104205 | kcal=0.0
2026-03-17 20:26:07 [kaufland_products] WARNING: No nutrition data for: Könitz Muesli Cup On Colour Flow, miska na cereálie, porcelán, barevná, 525 ml, 11 9 248 1694
2026-03-17 20:26:10 [kaufland_products] INFO: Scraped: Ritzenhoff 6x Luis hnědá miska 650 ml | EAN=4251967510644 | kcal=0.0
2026-03-17 20:26:10 [kaufland_products] WARNING: No nutrition data for: Ritzenhoff 6x Luis hnědá miska 650 ml
2026-03-17 20:26:14 [kaufland_products] INFO: Scraped: 6x Zelené misky na cereálie v zeleném venkovském s | EAN=4250857290512 | kcal=0.0
2026-03-17 20:26:14 [kaufland_products] WARNING: No nutrition data for: 6x Zelené misky na cereálie v zeleném venkovském stylu I Ø 14,2 cm - 500 ml I Keramika
2026-03-17 20:26:17 [kaufland_products] INFO: Scraped: Mattel Barbie Extra Neon Green Hair Doll In Oversi | EAN=194735024445 0194735024445 | kcal=0.0
2026-03-17 20:26:17 [kaufland_products] WARNING: No nutrition data for: Mattel Barbie Extra Neon Green Hair Doll In Oversized T-Shirt And Leggings
2026-03-17 20:26:19 [kaufland_products] INFO: Scraped: SANSEI Jelly Jelly Cola 350g až 50 porcí - bez cuk | EAN=5905591048439 | kcal=9.5
2026-03-17 20:26:22 [kaufland_products] INFO: Scraped: 6x skleněná miska kulatá 14,5 cm - Mísa na salát/o | EAN=5905155029843 | kcal=0.0
2026-03-17 20:26:22 [kaufland_products] WARNING: No nutrition data for: 6x skleněná miska kulatá 14,5 cm - Mísa na salát/obiloviny na svačiny, předkrmy, dezerty - Lze mýt v myčce nádobí
2026-03-17 20:26:25 [kaufland_products] INFO: Scraped: sada 6 polévkových misek Stiva 250ml bílá porcelán | EAN=4251967506104 | kcal=0.0
2026-03-17 20:26:25 [kaufland_products] WARNING: No nutrition data for: sada 6 polévkových misek Stiva 250ml bílá porcelánová polévková miska Soupbowl stohovatelná
2026-03-17 20:26:27 [kaufland_products] INFO: Scraped: sada 6 talířů na polévku Tommy bílý porcelán 200 m | EAN=4251967511252 | kcal=0.0
2026-03-17 20:26:27 [kaufland_products] WARNING: No nutrition data for: sada 6 talířů na polévku Tommy bílý porcelán 200 ml 6 hlubokých talířů pro 6 osob
2026-03-17 20:26:32 [kaufland_products] INFO: Scraped: Ritzenhoff 6x miska na cereálie Venezia 500ml Reli | EAN=4251967510705 | kcal=0.0
2026-03-17 20:26:32 [kaufland_products] WARNING: No nutrition data for: Ritzenhoff 6x miska na cereálie Venezia 500ml Relief bílá
2026-03-17 20:26:34 [kaufland_products] INFO: Scraped: THOMAS Miska na cereálie Trend Colour Ø16cm ledově | EAN=4012436518277 | kcal=0.0
2026-03-17 20:26:34 [kaufland_products] WARNING: No nutrition data for: THOMAS Miska na cereálie Trend Colour Ø16cm ledově modrá
2026-03-17 20:26:34 [scrapy.extensions.logstats] INFO: Crawled 709 pages (at 21 pages/min), scraped 652 items (at 21 items/min)
2026-03-17 20:26:39 [kaufland_products] INFO: Scraped: Bonne Maman Quitten-Gelee 370g | EAN=3045320090079 | kcal=0.0
2026-03-17 20:26:41 [kaufland_products] INFO: Scraped: Darbo Garden jahodová přírodní ovocná pomazánka 20 | EAN=9001432029387 | kcal=158.0
2026-03-17 20:26:44 [kaufland_products] INFO: Scraped: Schwartau Specialities Marmeláda z hořkých pomeran | EAN=4011800189129 | kcal=0.0
2026-03-17 20:26:46 [kaufland_products] INFO: Scraped: Mövenpick Malinová snídaňová ovocná pomazánka s př | EAN=4011800201029 | kcal=199.0
2026-03-17 20:26:49 [kaufland_products] INFO: Scraped: Schwartau Samt Himbeere, 270 g | EAN=4011800182014 | kcal=0.0
2026-03-17 20:26:53 [kaufland_products] INFO: Scraped: Ovocná pomazánka - červený rybíz 200g | EAN=4260091350071 | kcal=150.0
2026-03-17 20:26:55 [kaufland_products] INFO: Scraped: Ovocná pomazánka - Jahoda 200g | EAN=4260091350019 | kcal=143.0
2026-03-17 20:26:58 [kaufland_products] INFO: Scraped: ORANGE MILLION 360 g - AGRISICILIA | EAN=8034034860080 | kcal=244.0
2026-03-17 20:27:01 [kaufland_products] INFO: Scraped: Ovocná pomazánka St. Dalfour Pomerančová pomazánka | EAN=3388600000017 | kcal=215.0
2026-03-17 20:27:06 [kaufland_products] INFO: Scraped: Ovocná pomazánka St. Dalfour jahodová pomazánka dž | EAN=3388600000062 | kcal=214.0
2026-03-17 20:27:08 [kaufland_products] INFO: Scraped: Citrónová marmeláda, 340 g | EAN=8012532040203 | kcal=0.0
2026-03-17 20:27:11 [kaufland_products] INFO: Scraped: Mövenpick Gourmet snídaňová ovocná pomazánka s jah | EAN=4011800200022 | kcal=219.0
2026-03-17 20:27:14 [kaufland_products] INFO: Scraped: Extra džem - višňový 225g | EAN=4003740032740 | kcal=217.0
2026-03-17 20:27:17 [kaufland_products] INFO: Scraped: Agrisicilia Marmellata Arance Amare 360 g marmelád | EAN=8017139100725 | kcal=245.0
2026-03-17 20:27:19 [kaufland_products] INFO: Scraped: Fior di Frutta - Bitterorange 260g | EAN=8001505007039 | kcal=195.0
2026-03-17 20:27:24 [kaufland_products] INFO: Scraped: Marmeláda z hořkých pomerančů, 340 g | EAN=8012532040197 | kcal=0.0
2026-03-17 20:27:27 [kaufland_products] INFO: Scraped: SANSEI Jelly Lemon Jelly 350g až 50 porcí - bez cu | EAN=5905523822472 | kcal=9.5
2026-03-17 20:27:28 [kaufland_products] INFO: Scraped: Winkee - Miska na cereálie s liškou | Roztomilá ke | EAN=4260767641274 | kcal=0.0
2026-03-17 20:27:28 [kaufland_products] WARNING: No nutrition data for: Winkee - Miska na cereálie s liškou | Roztomilá keramická miska s liščíma ušima | Kameninová miska s roztomilým liščím vzhledem
2026-03-17 20:27:31 [kaufland_products] INFO: Scraped: Dávkovač na obiloviny Nástěnný dávkovač na obilovi | EAN=0712004620824 712004620824 | kcal=0.0
2026-03-17 20:27:31 [kaufland_products] WARNING: No nutrition data for: Dávkovač na obiloviny Nástěnný dávkovač na obiloviny 6 v 1 Kuchyňský rozdělený zásobník na suché potraviny Cereální plechovky na obiloviny Ořechy Kávo
2026-03-17 20:27:34 [kaufland_products] INFO: Scraped: Uni barevná sada 6 talířů na špagety hluboká 800ml | EAN=4251967503790 | kcal=0.0
2026-03-17 20:27:34 [kaufland_products] WARNING: No nutrition data for: Uni barevná sada 6 talířů na špagety hluboká 800ml 6 osob miska servírovací mísa
2026-03-17 20:27:34 [scrapy.extensions.logstats] INFO: Crawled 729 pages (at 20 pages/min), scraped 672 items (at 20 items/min)
2026-03-17 20:27:36 [kaufland_products] INFO: Scraped: 1.06 Miska na cereálie 14x7,5 cm - sada 6 kusů - b | EAN=4260625747858 | kcal=0.0
2026-03-17 20:27:36 [kaufland_products] WARNING: No nutrition data for: 1.06 Miska na cereálie 14x7,5 cm - sada 6 kusů - barva: černá
2026-03-17 20:27:42 [kaufland_products] INFO: Scraped: sada 4 misek Linus Blue Bowl 700ml Cereal Salad De | EAN=4251967507774 | kcal=0.0
2026-03-17 20:27:42 [kaufland_products] WARNING: No nutrition data for: sada 4 misek Linus Blue Bowl 700ml Cereal Salad Dessert Bowl Scandinavian
2026-03-17 20:27:45 [kaufland_products] INFO: Scraped: Winkee - Psí miska na cereálie | Roztomilá keramic | EAN=4260767641267 | kcal=0.0
2026-03-17 20:27:45 [kaufland_products] WARNING: No nutrition data for: Winkee - Psí miska na cereálie | Roztomilá keramická miska s psíma ušima | Kameninová miska s roztomilým psím vzhledem
2026-03-17 20:27:47 [kaufland_products] INFO: Scraped: 12dílný jídelní servis Reactive Glaze Paris 6 ks j | EAN=4251967518794 | kcal=0.0
2026-03-17 20:27:47 [kaufland_products] WARNING: No nutrition data for: 12dílný jídelní servis Reactive Glaze Paris 6 ks jídelních talířů polévkové talíře růžová barva
2026-03-17 20:27:49 [kaufland_products] INFO: Scraped: vidaXL Kuchyňská závěsná skříňka se skleněnými dve | EAN=8718475890539 | kcal=0.0
2026-03-17 20:27:49 [kaufland_products] WARNING: No nutrition data for: vidaXL Kuchyňská závěsná skříňka se skleněnými dveřmi Dřevo Bílá
2026-03-17 20:27:51 [kaufland_products] INFO: Scraped: sada 12 polévkových misek Stiva 250ml bílá porcelá | EAN=4251967506111 | kcal=0.0
2026-03-17 20:27:51 [kaufland_products] WARNING: No nutrition data for: sada 12 polévkových misek Stiva 250ml bílá porcelánová polévková miska Soupbowl stohovatelná
2026-03-17 20:27:56 [kaufland_products] INFO: Scraped: sada 6 misek Ibiza Rainbow Bowl Bowl 600 ml Barevn | EAN=4251967502618 | kcal=0.0
2026-03-17 20:27:56 [kaufland_products] WARNING: No nutrition data for: sada 6 misek Ibiza Rainbow Bowl Bowl 600 ml Barevná miska na cereální saláty a dezerty
2026-03-17 20:27:59 [kaufland_products] INFO: Scraped: KitchenCraft Keramická miska na cereálie Bright De | EAN=5057982068738 | kcal=0.0
2026-03-17 20:27:59 [kaufland_products] WARNING: No nutrition data for: KitchenCraft Keramická miska na cereálie Bright Design - sada 4 ks
2026-03-17 20:28:02 [kaufland_products] INFO: Scraped: 1.06 Miska na cereálie 14x7 cm bílý porcelán - 1Po | EAN=4260273056272 | kcal=0.0
2026-03-17 20:28:02 [kaufland_products] WARNING: No nutrition data for: 1.06 Miska na cereálie 14x7 cm bílý porcelán - 1Polyuretan= 6 misek
2026-03-17 20:28:04 [kaufland_products] INFO: Scraped: 1.06 Porcelánová miska na cereálie 14,5x7 cm - sad | EAN=4262371531026 | kcal=0.0
2026-03-17 20:28:04 [kaufland_products] WARNING: No nutrition data for: 1.06 Porcelánová miska na cereálie 14,5x7 cm - sada 6 kusů - barva: bílá matná
2026-03-17 20:28:07 [kaufland_products] INFO: Scraped: MALACASA, série Blance, 6 ks. Porcelánová sada mis | EAN=0767665197482 767665197482 | kcal=0.0
2026-03-17 20:28:07 [kaufland_products] WARNING: No nutrition data for: MALACASA, série Blance, 6 ks. Porcelánová sada misek na cereálie Dezertní misky Miska pro 6 osob
2026-03-17 20:28:10 [kaufland_products] INFO: Scraped: Maestro Natale miska Ø17,5cm 470ml keramická miska | EAN=4251967511917 | kcal=0.0
2026-03-17 20:28:10 [kaufland_products] WARNING: No nutrition data for: Maestro Natale miska Ø17,5cm 470ml keramická miska na polévku a cereální sušenky
2026-03-17 20:28:13 [kaufland_products] INFO: Scraped: Russell Hobbs 23190 036 002 Russell Hobbs 21850-56 | EAN=4008496822508 | kcal=0.0
2026-03-17 20:28:13 [kaufland_products] WARNING: No nutrition data for: Russell Hobbs 23190 036 002 Russell Hobbs 21850-56 Cook@Home   Multicooker
2026-03-17 20:28:15 [kaufland_products] INFO: Scraped: Agrisicilia Marmellata Limone Siracusa IGP 360 g i | EAN=8017139105874 | kcal=243.0
2026-03-17 20:28:20 [kaufland_products] INFO: Scraped: Ovocná pomazánka St. Dalfour Kumquat spread jam 28 | EAN=3492390006835 | kcal=208.0
2026-03-17 20:28:22 [kaufland_products] INFO: Scraped: Ovocná pomazánka St. Dalfour z černých třešní 280g | EAN=3388600000468 | kcal=211.1
2026-03-17 20:28:25 [kaufland_products] INFO: Scraped: Ovocná pomazánka Tom & Krissi's s pomerančem a lim | EAN=4270000155598 | kcal=214.0
2026-03-17 20:28:29 [kaufland_products] INFO: Scraped: Džem z citronu a zázvoru 360g | EAN=8034034860714 | kcal=250.0
2026-03-17 20:28:32 [kaufland_products] INFO: Scraped: Marmeláda - krvavý pomeranč "Arancia Rossa Di Sici | EAN=8034034860042 | kcal=252.0
2026-03-17 20:28:34 [scrapy.extensions.logstats] INFO: Crawled 748 pages (at 19 pages/min), scraped 691 items (at 19 items/min)
2026-03-17 20:28:34 [kaufland_products] INFO: Scraped: Den gamle Fabrik Pomarančová pomazánka 380 g | EAN=5701211013937 | kcal=0.0
2026-03-17 20:28:37 [kaufland_products] INFO: Scraped: Džem z černého rybízu 280g | EAN=5900956201054 | kcal=127.0
2026-03-17 20:28:40 [kaufland_products] INFO: Scraped: Konfitura Malinowa Herbapol Polka 240 g | EAN=5900956201092 | kcal=166.0
2026-03-17 20:28:42 [kaufland_products] INFO: Scraped: Kdoulový džem extra, 340 g | EAN=8012532040692 | kcal=0.0
2026-03-17 20:28:42 [kaufland_products] WARNING: No nutrition data for: Kdoulový džem extra, 340 g
2026-03-17 20:28:45 [kaufland_products] INFO: Scraped: Džem z červeného rybízu (snížený obsah cukru) Herb | EAN=5900956202327 | kcal=138.0
2026-03-17 20:28:50 [kaufland_products] INFO: Scraped: Extra borůvkový džem, 340 g | EAN=8012532043129 | kcal=0.0
2026-03-17 20:28:53 [kaufland_products] INFO: Scraped: Bonne Maman Tradiční jahodová pomazánka 370g | EAN=3045320090024 | kcal=241.0
2026-03-17 20:28:55 [kaufland_products] INFO: Scraped: Extra třešňový džem, 350 g (120 g ovoce na 100 g d | EAN=8000571045129 | kcal=0.0
2026-03-17 20:28:58 [kaufland_products] INFO: Scraped: Fíkový džem extra, 340g | EAN=8012532043228 | kcal=0.0
2026-03-17 20:29:02 [kaufland_products] INFO: Scraped: Kiwi džem extra, 340 g | EAN=8012532040906 | kcal=0.0
2026-03-17 20:29:04 [kaufland_products] INFO: Scraped: Dżem jabłkowy o obniżonej zawartości cukru 280 g | EAN=5900956201276 | kcal=146.0
2026-03-17 20:29:07 [kaufland_products] INFO: Scraped: Ovocná pomazánka St. Dalfour meruňková marmeláda 2 | EAN=3388600000369 | kcal=0.0
2026-03-17 20:29:07 [kaufland_products] WARNING: No nutrition data for: Ovocná pomazánka St. Dalfour meruňková marmeláda 280g
2026-03-17 20:29:11 [kaufland_products] INFO: Scraped: KAHLA Dětské nádobí Šípková Růženka Porcelán 3 kus | EAN=4043982354750 | kcal=0.0
2026-03-17 20:29:11 [kaufland_products] WARNING: No nutrition data for: KAHLA Dětské nádobí Šípková Růženka Porcelán 3 kusy
2026-03-17 20:29:14 [kaufland_products] INFO: Scraped: Könitz miska na cereálie Weißt du eigentlich, misk | EAN=4028145109293 | kcal=0.0
2026-03-17 20:29:14 [kaufland_products] WARNING: No nutrition data for: Könitz miska na cereálie Weißt du eigentlich, miska, porcelán, hnědá, 380 ml, 1192652903
2026-03-17 20:29:16 [kaufland_products] INFO: Scraped: 1.06 Miska na cereálie Ø 13 cm - sada 6 kusů - bar | EAN=4260625746509 | kcal=0.0
2026-03-17 20:29:16 [kaufland_products] WARNING: No nutrition data for: 1.06 Miska na cereálie Ø 13 cm - sada 6 kusů - barva: barevná
2026-03-17 20:29:18 [kaufland_products] INFO: Scraped: Porcelánový kombinovaný servis VEWEET "Annie", 48d | EAN=6971697858721 | kcal=0.0
2026-03-17 20:29:18 [kaufland_products] WARNING: No nutrition data for: Porcelánový kombinovaný servis VEWEET "Annie", 48dílný jídelní servis pro 12 osob, snídaňový servis
2026-03-17 20:29:23 [kaufland_products] INFO: Scraped: Nástěnný dvojitý dávkovač cereálií RD4264 černý | EAN=4052025900472 | kcal=0.0
2026-03-17 20:29:23 [kaufland_products] WARNING: No nutrition data for: Nástěnný dvojitý dávkovač cereálií RD4264 černý
2026-03-17 20:29:26 [kaufland_products] INFO: Scraped: Skleněná nádoba na sypké produkty s víkem a těsněn | EAN=8721037371742 | kcal=0.0
2026-03-17 20:29:26 [kaufland_products] WARNING: No nutrition data for: Skleněná nádoba na sypké produkty s víkem a těsněním 2,2l
2026-03-17 20:29:28 [kaufland_products] INFO: Scraped: 3L dávkovač cereálií dávkovač cereálií černý dávko | EAN=733835519798 0733835519798 | kcal=0.0
2026-03-17 20:29:28 [kaufland_products] WARNING: No nutrition data for: 3L dávkovač cereálií dávkovač cereálií černý dávkovač suchých potravin nástěnný dvojitý dávkovač cereálií pro müsli kávová zrna svačina
2026-03-17 20:29:31 [kaufland_products] INFO: Scraped: MALACASA sada misek, série Flora, 6 ks porcelánový | EAN=0767665198960 767665198960 | kcal=0.0
2026-03-17 20:29:31 [kaufland_products] WARNING: No nutrition data for: MALACASA sada misek, série Flora, 6 ks porcelánových misek, miska na cereálie, miska na rýži pro 6 osob
2026-03-17 20:29:34 [kaufland_products] INFO: Scraped: Coffeeblack Sada talířů 18ks. 6 osob. černý talíř  | EAN=4251967507453 | kcal=0.0
2026-03-17 20:29:34 [kaufland_products] WARNING: No nutrition data for: Coffeeblack Sada talířů 18ks. 6 osob. černý talíř na dort, polévku a večeři
2026-03-17 20:29:34 [scrapy.extensions.logstats] INFO: Crawled 769 pages (at 21 pages/min), scraped 712 items (at 21 items/min)
2026-03-17 20:29:39 [kaufland_products] INFO: Scraped: 6x lesní okrové polévkové talíře 400 ml hluboké ta | EAN=4251967519074 | kcal=0.0
2026-03-17 20:29:39 [kaufland_products] WARNING: No nutrition data for: 6x lesní okrové polévkové talíře 400 ml hluboké talíře na těstoviny salátové dezerty Vánoce
2026-03-17 20:29:42 [kaufland_products] INFO: Scraped: MALACASA, série Flora, 18dílná porcelánová sada mi | EAN=6971697855393 | kcal=0.0
2026-03-17 20:29:42 [kaufland_products] WARNING: No nutrition data for: MALACASA, série Flora, 18dílná porcelánová sada misek na cereálie misky na rýži pro 18 osob
2026-03-17 20:29:44 [kaufland_products] INFO: Scraped: Grey Sada 6 misek na svačinu a dipy Ø12cm 200ml Še | EAN=4251967504926 | kcal=0.0
2026-03-17 20:29:44 [kaufland_products] WARNING: No nutrition data for: Grey Sada 6 misek na svačinu a dipy Ø12cm 200ml Šedá miska na dezerty
2026-03-17 20:29:46 [kaufland_products] INFO: Scraped: 6x Cairo Gold cereální miska 500ml skleněná miska  | EAN=4251967519173 | kcal=0.0
2026-03-17 20:29:46 [kaufland_products] WARNING: No nutrition data for: 6x Cairo Gold cereální miska 500ml skleněná miska na dezerty pro 6 osob reliéfní
2026-03-17 20:29:49 [kaufland_products] INFO: Scraped: dávkovač na cereálie se 6 mřížkami Dávkovač na cer | EAN=722487814139 0722487814139 | kcal=0.0
2026-03-17 20:29:49 [kaufland_products] WARNING: No nutrition data for: dávkovač na cereálie se 6 mřížkami Dávkovač na cereálie Nádoba na cereálie Kuchyňské suché potraviny Bílá
2026-03-17 20:29:51 [kaufland_products] INFO: Scraped: sada 6 misek na pečivo s vánočním stromečkem 14 cm | EAN=4251967503523 | kcal=0.0
2026-03-17 20:29:51 [kaufland_products] WARNING: No nutrition data for: sada 6 misek na pečivo s vánočním stromečkem 14 cm Vánoční miska na cereálie
2026-03-17 20:29:55 [kaufland_products] INFO: Scraped: Cereálie - Čokoládové rýžové lupínky 300g | EAN=8000113009671 | kcal=382.0
2026-03-17 20:29:58 [kaufland_products] INFO: Scraped: Mambocat Leopard Lampart Nero 6dílná sada misek na | EAN=4250857291571 | kcal=0.0
2026-03-17 20:29:58 [kaufland_products] WARNING: No nutrition data for: Mambocat Leopard Lampart Nero 6dílná sada misek na cereálie černá 450ml kameninová miska na salát miska
2026-03-17 20:30:01 [kaufland_products] INFO: Scraped: 18dílná snídaňová sada Variant červený porcelán 6  | EAN=4251967513997 | kcal=0.0
2026-03-17 20:30:01 [kaufland_products] WARNING: No nutrition data for: 18dílná snídaňová sada Variant červený porcelán 6 osob talíř miska hrnek
2026-03-17 20:30:05 [kaufland_products] INFO: Scraped: Miska na cereálie WMF pro děti, Malý princ 3201006 | EAN=4000530682932 | kcal=0.0
2026-03-17 20:30:05 [kaufland_products] WARNING: No nutrition data for: Miska na cereálie WMF pro děti, Malý princ 3201006120
2026-03-17 20:30:07 [kaufland_products] INFO: Scraped: Winkee - Kočičí miska na cereálie | Roztomilá kera | EAN=4260348478442 | kcal=0.0
2026-03-17 20:30:07 [kaufland_products] WARNING: No nutrition data for: Winkee - Kočičí miska na cereálie | Roztomilá keramická miska s kočičíma ušima | Kameninová miska s roztomilým kočičím vzhledem
2026-03-17 20:30:10 [kaufland_products] INFO: Scraped: Villeroy & Boch 1045501900, Miska na cereálie, Kul | EAN=4057743193281 | kcal=0.0
2026-03-17 20:30:10 [kaufland_products] WARNING: No nutrition data for: Villeroy & Boch 1045501900, Miska na cereálie, Kulatý, Porcelán, Zelená, 0,43 l, Osobní
2026-03-17 20:30:14 [kaufland_products] INFO: Scraped: 3L nástěnný box na cereálie Dávkovač ovesných vloč | EAN=0742484579961 742484579961 | kcal=0.0
2026-03-17 20:30:14 [kaufland_products] WARNING: No nutrition data for: 3L nástěnný box na cereálie Dávkovač ovesných vloček Cereal Bean Black
2026-03-17 20:30:16 [kaufland_products] INFO: Scraped: vidaXL Kuchyňská závěsná skříňka Wood White | EAN=8718475890515 | kcal=0.0
2026-03-17 20:30:16 [kaufland_products] WARNING: No nutrition data for: vidaXL Kuchyňská závěsná skříňka Wood White
2026-03-17 20:30:18 [kaufland_products] INFO: Scraped: Nádoba na jogurt s víkem, miska na cereálie a lžič | EAN=8680398794457 | kcal=0.0
2026-03-17 20:30:18 [kaufland_products] WARNING: No nutrition data for: Nádoba na jogurt s víkem, miska na cereálie a lžička
2026-03-17 20:30:23 [kaufland_products] INFO: Scraped: Eukalyptus 18dílná snídaňová sada porcelán 6 osob  | EAN=4251967511764 | kcal=0.0
2026-03-17 20:30:23 [kaufland_products] WARNING: No nutrition data for: Eukalyptus 18dílná snídaňová sada porcelán 6 osob talíř hrnek miska list
2026-03-17 20:30:26 [kaufland_products] INFO: Scraped: Reaktivní glazura šedá černá sada 6 misek na pudin | EAN=4251967504056 | kcal=0.0
2026-03-17 20:30:26 [kaufland_products] WARNING: No nutrition data for: Reaktivní glazura šedá černá sada 6 misek na pudink 200ml miska na dezertní občerstvení
2026-03-17 20:30:29 [kaufland_products] INFO: Scraped: Fruit Pure - Meruňka + Mango 250g | EAN=4016249139384 | kcal=114.0
2026-03-17 20:30:31 [kaufland_products] INFO: Scraped: Schwartau Extra malinová marmeláda porcovaná 100 k | EAN=4011800175993 | kcal=240.0
2026-03-17 20:30:34 [kaufland_products] INFO: Scraped: Meruňkový džem extra, 350 g (120g ovoce na 100g dž | EAN=8000571045112 | kcal=0.0
2026-03-17 20:30:34 [scrapy.extensions.logstats] INFO: Crawled 789 pages (at 20 pages/min), scraped 732 items (at 20 items/min)
2026-03-17 20:30:37 [kaufland_products] INFO: Scraped: Menz a Gasser džem extra porcovaný švestkový džem  | EAN=8008660713836 | kcal=220.0
2026-03-17 20:30:39 [kaufland_products] INFO: Scraped: Hruškový džem extra s citronem, 350 g (120g ovoce  | EAN=8000571004553 | kcal=0.0
2026-03-17 20:30:44 [kaufland_products] INFO: Scraped: Darbo malinová marmeláda extra scezená ovocná poma | EAN=9001432039058 | kcal=219.0
2026-03-17 20:30:46 [kaufland_products] INFO: Scraped: Malinový džem extra, 340 g | EAN=8012532043112 | kcal=0.0
2026-03-17 20:30:48 [kaufland_products] INFO: Scraped: Darbo Džem z lesních borůvek Extra přírodní ovocná | EAN=9001432002281 | kcal=226.0
2026-03-17 20:30:51 [kaufland_products] INFO: Scraped: Rigoni di Asiago Fiordifrutta - Ovocná pomazánka - | EAN=8017139102514 | kcal=0.0
2026-03-17 20:30:53 [kaufland_products] INFO: Scraped: Lambertz Peanut Mountains hořká čokoláda 250g | EAN=4006894444506 | kcal=600.0
2026-03-17 20:30:55 [kaufland_products] INFO: Scraped: Čokoládové likéry Anthon Berg 219g | EAN=5774540816999 | kcal=460.0
2026-03-17 20:30:58 [kaufland_products] INFO: Scraped: Fazer Fazermint Chocolate Creams čokoláda rozplýva | EAN=6411401072680 | kcal=449.0
2026-03-17 20:31:00 [kaufland_products] INFO: Scraped: Bud Spencer Whisky Čokoládové kuličky s náplní z w | EAN=4000281480504 | kcal=0.0
2026-03-17 20:31:02 [kaufland_products] INFO: Scraped: Lindt EXCELLENCE hořká čokoláda 70% kakaa 100g | EAN=3046920028004 | kcal=566.0
2026-03-17 20:31:04 [kaufland_products] INFO: Scraped: Berggold kokosové vločky vegetariánské 20% kokos 2 | EAN=4008468013453 | kcal=446.0
2026-03-17 20:31:08 [kaufland_products] INFO: Scraped: Dětské čokoládové bonbony s mléčnou krémovou nápln | EAN=5413548280189 | kcal=576.0
2026-03-17 20:31:10 [kaufland_products] INFO: Scraped: I Love Milka Miniherz Haselnuss 44g | EAN=7622210928887 | kcal=547.0
2026-03-17 20:31:13 [kaufland_products] INFO: Scraped: Lindt Švýcarská Mléčná čokoláda s lískovými oříšky | EAN=7610400013864 | kcal=561.3632
2026-03-17 20:31:15 [kaufland_products] INFO: Scraped: Kinder Cards oplatkové speciality s tenkým oplatko | EAN=4251753754498 | kcal=0.0
2026-03-17 20:31:18 [kaufland_products] INFO: Scraped: Cadbury Curly Wurly,Schokoriegel 1er | EAN=7622201405762 | kcal=453.0
2026-03-17 20:31:19 [kaufland_products] INFO: Scraped: Storck merci Edel Nougat jednotlivě balené čokolád | EAN=4014400916751 | kcal=2324.0
2026-03-17 20:31:22 [kaufland_products] INFO: Scraped: MILKY WAY Multipack 9x21,5g | EAN=5000159550963 | kcal=447.0
2026-03-17 20:31:23 [kaufland_products] INFO: Scraped: Milka Caramel Alpské mléko s jemnou mléčnou karame | EAN=7622210349675 | kcal=484.0
2026-03-17 20:31:26 [kaufland_products] INFO: Scraped: Alpia Noisette Alpská mléčná čokoláda s mletými lí | EAN=4001743021372 | kcal=0.0
2026-03-17 20:31:28 [kaufland_products] INFO: Scraped: Berggold želé pomeranč a citron čokoládové ovocné  | EAN=4008468014061 | kcal=0.0
2026-03-17 20:31:30 [kaufland_products] INFO: Scraped: Böhme Citronová krémová čokoláda 100g | EAN=4020486035156 | kcal=444.0
2026-03-17 20:31:32 [kaufland_products] INFO: Scraped: Ritter Sport Olympia čokoláda plněná dextrózovým m | EAN=4000417280008 | kcal=565.0
2026-03-17 20:31:34 [scrapy.extensions.logstats] INFO: Crawled 813 pages (at 24 pages/min), scraped 756 items (at 24 items/min)
2026-03-17 20:31:34 [kaufland_products] INFO: Scraped: Toblerone Milk Dark White Miniatures Mix Box jedno | EAN=7622210418654 | kcal=0.0
2026-03-17 20:31:36 [kaufland_products] INFO: Scraped: Werthers Original Karamelové čokoládové bonbóny s  | EAN=4014400914993 | kcal=481.0
2026-03-17 20:31:39 [kaufland_products] INFO: Scraped: Storck merci coffee cream jednotlivě balené čokolá | EAN=4014400914269 | kcal=2328.0
2026-03-17 20:31:41 [kaufland_products] INFO: Scraped: Nutella B Ready Vafle s náplní z lískových oříšků  | EAN=8000500227848 | kcal=521.0
2026-03-17 20:31:43 [kaufland_products] INFO: Scraped: Hořká čokoláda Lindt bez přidaného cukru z vysoce  | EAN=8013108696695 | kcal=490.0
2026-03-17 20:31:46 [kaufland_products] INFO: Scraped: Böhme malinová čokoláda s krémem 100g | EAN=4020486035149 | kcal=444.0
2026-03-17 20:31:49 [kaufland_products] INFO: Scraped: Tony's Chocolonely - Schokolade Tony Chocolonely W | EAN=8717677337842 | kcal=0.0
2026-03-17 20:31:49 [kaufland_products] WARNING: No nutrition data for: Tony's Chocolonely - Schokolade Tony Chocolonely White Bar 180gr | Stück 180 Gramm
2026-03-17 20:31:52 [kaufland_products] INFO: Scraped: Milka Naps Mix plechovka Alpské mléko Lískový oříš | EAN=7622300730369 | kcal=543.0
2026-03-17 20:31:54 [kaufland_products] INFO: Scraped: Piasten Bud Spencer Caribic Rum Čokoládové kuličky | EAN=4000281481501 | kcal=456.0
2026-03-17 20:31:57 [kaufland_products] INFO: Scraped: Lindt Lindor Double Chocolate - pokušení, které se | EAN=4000539113369 | kcal=0.0
2026-03-17 20:32:00 [kaufland_products] INFO: Scraped: Lindt EXCELLENCE Extra hořká čokoláda 99% kakaa 50 | EAN=3046920028721 | kcal=590.0
2026-03-17 20:32:03 [kaufland_products] INFO: Scraped: Hersheys Cookies Creme Bílá čokoláda s kousky čoko | EAN=0753854500140 753854500140 | kcal=524.0
2026-03-17 20:32:05 [kaufland_products] INFO: Scraped: 6ks sada skladovacích nádob Bera nerezové víko stř | EAN=4250857286768 | kcal=0.0
2026-03-17 20:32:05 [kaufland_products] WARNING: No nutrition data for: 6ks sada skladovacích nádob Bera nerezové víko stříbrná Ø11cm 0,8L skleněné nádoby plechovky skladovací kontejner
2026-03-17 20:32:08 [kaufland_products] INFO: Scraped: Miska na cereálie Doppio Ritzenhoff & Breker červe | EAN=4006344515572 | kcal=0.0
2026-03-17 20:32:08 [kaufland_products] WARNING: No nutrition data for: Miska na cereálie Doppio Ritzenhoff & Breker červená v kombinaci s bílou barvou
2026-03-17 20:32:11 [kaufland_products] INFO: Scraped: Dávkovač na cereálie 12 kg 6 přihrádek Otočný dávk | EAN=724443770718 0724443770718 | kcal=0.0
2026-03-17 20:32:11 [kaufland_products] WARNING: No nutrition data for: Dávkovač na cereálie 12 kg 6 přihrádek Otočný dávkovač na cereálie Dávkovač na cereálie Kontejner na potraviny Skladovací kontejner
2026-03-17 20:32:14 [kaufland_products] INFO: Scraped: dávkovač na suché potraviny 6 Grid Food Bin Dávkov | EAN=0724443756934 724443756934 | kcal=0.0
2026-03-17 20:32:14 [kaufland_products] WARNING: No nutrition data for: dávkovač na suché potraviny 6 Grid Food Bin Dávkovač na suché potraviny 8 kg pro kuchyň
2026-03-17 20:32:15 [kaufland_products] INFO: Scraped: dávkovač obilí s 5 mřížkami na stěnu Dávkovač potr | EAN=0768788531993 768788531993 | kcal=0.0
2026-03-17 20:32:15 [kaufland_products] WARNING: No nutrition data for: dávkovač obilí s 5 mřížkami na stěnu Dávkovač potravin Kuchyňské zásobníky na suché potraviny Dávkovač potravin 10L
2026-03-17 20:32:18 [kaufland_products] INFO: Scraped: LAV Derin 6dílná sada skleněných misek - 300 ml, n | EAN=8692952106750 | kcal=0.0
2026-03-17 20:32:18 [kaufland_products] WARNING: No nutrition data for: LAV Derin 6dílná sada skleněných misek - 300 ml, na svačiny nebo dezerty
2026-03-17 20:32:20 [kaufland_products] INFO: Scraped: 12ks sada skladovacích nádob Bera nerezové víko st | EAN=4251967506418 | kcal=0.0
2026-03-17 20:32:20 [kaufland_products] WARNING: No nutrition data for: 12ks sada skladovacích nádob Bera nerezové víko stříbrná Ø11cm 0,8L skleněné nádoby plechovky skladovací kontejner
2026-03-17 20:32:23 [kaufland_products] INFO: Scraped: 2 nástěnné dávkovače suchých potravin Dávkovač pot | EAN=768788923415 0768788923415 | kcal=0.0
2026-03-17 20:32:23 [kaufland_products] WARNING: No nutrition data for: 2 nástěnné dávkovače suchých potravin Dávkovač potravin Dávkovač cereálií Kuchyňský úložný box Stříbrná/černá
2026-03-17 20:32:26 [kaufland_products] INFO: Scraped: sada 6 eukalyptových misek Ø14cm bílý porcelán 400 | EAN=4251967511689 | kcal=0.0
2026-03-17 20:32:26 [kaufland_products] WARNING: No nutrition data for: sada 6 eukalyptových misek Ø14cm bílý porcelán 400ml 6 osob
2026-03-17 20:32:28 [kaufland_products] INFO: Scraped: Hutschenreuther Miska na cereálie 15 cm Vánoční hr | EAN=4011699895606 | kcal=0.0
2026-03-17 20:32:28 [kaufland_products] WARNING: No nutrition data for: Hutschenreuther Miska na cereálie 15 cm Vánoční hry 02476-727496-15455
2026-03-17 20:32:30 [kaufland_products] INFO: Scraped: KAHLA Dětské nádobí Sněhurka porcelánová 3 kusy | EAN=4043982354774 | kcal=0.0
2026-03-17 20:32:30 [kaufland_products] WARNING: No nutrition data for: KAHLA Dětské nádobí Sněhurka porcelánová 3 kusy
2026-03-17 20:32:32 [kaufland_products] INFO: Scraped: Legami Miska na cereálie Buongiorno Panda, miska n | EAN=8052694023669 | kcal=0.0
2026-03-17 20:32:32 [kaufland_products] WARNING: No nutrition data for: Legami Miska na cereálie Buongiorno Panda, miska na cereálie, miska, mísa, kamenina, Ø 12 cm, BWL0001
2026-03-17 20:32:34 [scrapy.extensions.logstats] INFO: Crawled 837 pages (at 24 pages/min), scraped 780 items (at 24 items/min)
2026-03-17 20:32:35 [kaufland_products] INFO: Scraped: Miska na cereálie DOPPIO Jablečně zelená V 8cm Dm  | EAN=4006344515848 | kcal=0.0
2026-03-17 20:32:35 [kaufland_products] WARNING: No nutrition data for: Miska na cereálie DOPPIO Jablečně zelená V 8cm Dm 14cm
2026-03-17 20:32:37 [kaufland_products] INFO: Scraped: Dávkovač na cereálie 8 kg 6 přihrádek Otočný dávko | EAN=724443770701 0724443770701 | kcal=0.0
2026-03-17 20:32:37 [kaufland_products] WARNING: No nutrition data for: Dávkovač na cereálie 8 kg 6 přihrádek Otočný dávkovač na cereálie Dávkovač na cereálie Kontejner na cereálie
2026-03-17 20:32:40 [kaufland_products] INFO: Scraped: 4x Polar Train polévkový talíř 160 ml porcelánový  | EAN=4251967520025 | kcal=0.0
2026-03-17 20:32:40 [kaufland_products] WARNING: No nutrition data for: 4x Polar Train polévkový talíř 160 ml porcelánový hluboký talíř pro 4 osoby červeno-zlatý
2026-03-17 20:32:42 [kaufland_products] INFO: Scraped: Orion kuchyňský kontejner skleněný kontejner na po | EAN=8592381177256 | kcal=0.0
2026-03-17 20:32:42 [kaufland_products] WARNING: No nutrition data for: Orion kuchyňský kontejner skleněný kontejner na potraviny skleněná nádoba se šroubovacím víkem na sypké produkty sladkosti kávu 3l
2026-03-17 20:32:45 [kaufland_products] INFO: Scraped: 6ks sada polévkových talířů Uni Colourful Deep Dis | EAN=4250857285853 | kcal=0.0
2026-03-17 20:32:45 [kaufland_products] WARNING: No nutrition data for: 6ks sada polévkových talířů Uni Colourful Deep Dish 750ml Servírovací talíř Stolní salát Kamenina Bezpečné v troubě
2026-03-17 20:32:48 [kaufland_products] INFO: Scraped: sada 6 fialových misek Bowl 600ml kameninová miska | EAN=4250857294701 | kcal=0.0
2026-03-17 20:32:48 [kaufland_products] WARNING: No nutrition data for: sada 6 fialových misek Bowl 600ml kameninová miska na cereálie a saláty
2026-03-17 20:32:50 [kaufland_products] INFO: Scraped: sada talířů 18 ks Reaktivní glazura černá 6 osob K | EAN=4251967501895 | kcal=0.0
2026-03-17 20:32:50 [kaufland_products] WARNING: No nutrition data for: sada talířů 18 ks Reaktivní glazura černá 6 osob Kameninová mísa černá
2026-03-17 20:32:53 [kaufland_products] INFO: Scraped: Dvojitý nástěnný dávkovač na suché potraviny Kuchy | EAN=762102541699 0762102541699 | kcal=0.0
2026-03-17 20:32:53 [kaufland_products] WARNING: No nutrition data for: Dvojitý nástěnný dávkovač na suché potraviny Kuchyňský skladovací box stříbrný 1,5 l
2026-03-17 20:32:55 [kaufland_products] INFO: Scraped: 6dílná sada misek na cereálie obyčejná barevná ser | EAN=4250857281558 | kcal=0.0
2026-03-17 20:32:55 [kaufland_products] WARNING: No nutrition data for: 6dílná sada misek na cereálie obyčejná barevná servírovací miska 650ml miska na dezert kameninová miska na zmrzlinu snídaně
2026-03-17 20:32:58 [kaufland_products] INFO: Scraped: sada 6 modrých misek Blue Ovocné misky na cereálie | EAN=4250857281541 | kcal=0.0
2026-03-17 20:32:58 [kaufland_products] WARNING: No nutrition data for: sada 6 modrých misek Blue Ovocné misky na cereálie a polévku 650 ml Porcelánové nádobí
2026-03-17 20:33:01 [kaufland_products] INFO: Scraped: Modrá sada 6 talířů na špagety hluboká 800ml 6 oso | EAN=4251967502571 | kcal=0.0
2026-03-17 20:33:01 [kaufland_products] WARNING: No nutrition data for: Modrá sada 6 talířů na špagety hluboká 800ml 6 osob miska servírovací mísa
2026-03-17 20:33:04 [kaufland_products] INFO: Scraped: Seltmann Weiden miska na cereálie Lido Black Line | EAN=4052212058030 | kcal=0.0
2026-03-17 20:33:04 [kaufland_products] WARNING: No nutrition data for: Seltmann Weiden miska na cereálie Lido Black Line
2026-03-17 20:33:06 [kaufland_products] INFO: Scraped: Orion kuchyňský zásobník Zásobník na snídaňové cer | EAN=8692531002862 | kcal=0.0
2026-03-17 20:33:06 [kaufland_products] WARNING: No nutrition data for: Orion kuchyňský zásobník Zásobník na snídaňové cereálie Kroupy Mouka Těstoviny Cukr Sypké produkty s dávkovačem Odstupňování 1,2 l
2026-03-17 20:33:08 [kaufland_products] INFO: Scraped: Marina 18ks sada talířů modrá 6 pers dortové talíř | EAN=4251967522968 | kcal=0.0
2026-03-17 20:33:08 [kaufland_products] WARNING: No nutrition data for: Marina 18ks sada talířů modrá 6 pers dortové talíře talíře na večeři talíře na polévku
2026-03-17 20:33:10 [kaufland_products] INFO: Scraped: 3l dvojitý dávkovač müsli Dávkovač müsli s kukuřič | EAN=733835798414 0733835798414 | kcal=0.0
2026-03-17 20:33:10 [kaufland_products] WARNING: No nutrition data for: 3l dvojitý dávkovač müsli Dávkovač müsli s kukuřičnými vločkami na zeď se zátkou a kelímkem Stříbrný
2026-03-17 20:33:13 [kaufland_products] INFO: Scraped: Versatile Velký zásobník 5 kg 6 přihrádek otočný z | EAN=3831128820747 | kcal=0.0
2026-03-17 20:33:13 [kaufland_products] WARNING: No nutrition data for: Versatile Velký zásobník 5 kg 6 přihrádek otočný zásobník na potraviny
2026-03-17 20:33:15 [kaufland_products] INFO: Scraped: MALACASA, 24dílný kombinovaný servis s černým okra | EAN=6926681752943 | kcal=0.0
2026-03-17 20:33:15 [kaufland_products] WARNING: No nutrition data for: MALACASA, 24dílný kombinovaný servis s černým okrajem, porcelánová sada nádobí, jídelní servis s talířem, dezertním talířem, polévkovým talířem a miskou
2026-03-17 20:33:18 [kaufland_products] INFO: Scraped: 50dílný porcelánový jídelní servis VEWEET "Fiona", | EAN=6941718509796 | kcal=0.0
2026-03-17 20:33:18 [kaufland_products] WARNING: No nutrition data for: 50dílný porcelánový jídelní servis VEWEET "Fiona", kombinovaný servis se sadou talířů, miskami na cereálie, hrnkem na kávu, kávovou soupravou, šálkem na vejce, sadou na mléko a cukr
2026-03-17 20:33:20 [kaufland_products] INFO: Scraped: 4x Maestro Natale miska Ø17,5cm 470ml Keramická mi | EAN=4251967511924 | kcal=0.0
2026-03-17 20:33:20 [kaufland_products] WARNING: No nutrition data for: 4x Maestro Natale miska Ø17,5cm 470ml Keramická miska na cereální sušenky pro 4 osoby
2026-03-17 20:33:23 [kaufland_products] INFO: Scraped: Zavařovací sklenice ORION s výklopným víčkem paten | EAN=8592381136956 | kcal=0.0
2026-03-17 20:33:23 [kaufland_products] WARNING: No nutrition data for: Zavařovací sklenice ORION s výklopným víčkem patentovaná skleněná nádoba BELA 0,28 l
2026-03-17 20:33:26 [kaufland_products] INFO: Scraped: 4x Maestro Natale polévkový talíř 350ml 4 osoby hl | EAN=4251967511894 | kcal=0.0
2026-03-17 20:33:26 [kaufland_products] WARNING: No nutrition data for: 4x Maestro Natale polévkový talíř 350ml 4 osoby hluboký talíř těstoviny Vánoce
2026-03-17 20:33:28 [kaufland_products] INFO: Scraped: Darbo Černé třešně Přírodní džem Extra ovocná poma | EAN=9001432002335 | kcal=232.0
2026-03-17 20:33:31 [kaufland_products] INFO: Scraped: Darbo Garden Jahodový džem Pure Natural jemně cedě | EAN=9001432038297 | kcal=224.0
2026-03-17 20:33:33 [kaufland_products] INFO: Scraped: Grashoff Amarena višňový džem extra s příchutí hoř | EAN=4006375000290 | kcal=236.0
2026-03-17 20:33:34 [scrapy.extensions.logstats] INFO: Crawled 861 pages (at 24 pages/min), scraped 804 items (at 24 items/min)
2026-03-17 20:33:36 [kaufland_products] INFO: Scraped: Grashoff Cranberry Jam Extra ovocná sladká ovocná  | EAN=4006375000399 | kcal=242.0
2026-03-17 20:33:38 [kaufland_products] INFO: Scraped: Fíkový džem extra s mandlemi, 350 g (120g ovoce na | EAN=8000571045136 | kcal=0.0
2026-03-17 20:33:40 [kaufland_products] INFO: Scraped: Darbo Džem z malin a rebarbory Extra Natural bez s | EAN=9001432031540 | kcal=227.0
2026-03-17 20:33:43 [kaufland_products] INFO: Scraped: Růžový meruňkový džem Darbo | EAN=9001432001918 | kcal=227.0
2026-03-17 20:33:45 [kaufland_products] INFO: Scraped: Darbo Rose Meruňkový džem Extra ovocná pomazánka 4 | EAN=9001432002205 | kcal=227.0
2026-03-17 20:33:48 [kaufland_products] INFO: Scraped: Darbo Garden Strawberries Natural Pure Jam Extra F | EAN=9001432002229 | kcal=224.0
2026-03-17 20:33:51 [kaufland_products] INFO: Scraped: Sladký chilli džem, 230 g | EAN=8050043440372 | kcal=0.0
2026-03-17 20:33:53 [kaufland_products] INFO: Scraped: Schwartau Extra jahodová snídaňová ovocná pomazánk | EAN=4011800103316 | kcal=224.0
2026-03-17 20:33:56 [kaufland_products] INFO: Scraped: Darbo jemné šípky ceděné | EAN=9001432002359 | kcal=227.0
2026-03-17 20:33:58 [kaufland_products] INFO: Scraped: Schwartau Extra Zero Meruňka bez přidaného cukru o | EAN=4011800843014 04011800843014 | kcal=0.0
2026-03-17 20:34:01 [kaufland_products] INFO: Scraped: Darbo Holler švestkový džem přírodní ovocná pomazá | EAN=9001432037474 | kcal=221.0
2026-03-17 20:34:04 [kaufland_products] INFO: Scraped: Darbo třešňový džem se sladidly Bez kalorií 220g | EAN=9001432037092 | kcal=80.0
2026-03-17 20:34:06 [kaufland_products] INFO: Scraped: Darbo Konfitüre extra Sortiment | EAN=9001432044465 | kcal=230.0
2026-03-17 20:34:09 [kaufland_products] INFO: Scraped: Kaštanový džem, 340 g | EAN=8012532010114 | kcal=0.0
2026-03-17 20:34:12 [kaufland_products] INFO: Scraped: Schwartau Extra višňová snídaňová ovocná pomazánka | EAN=4011800109615 | kcal=228.0
2026-03-17 20:34:14 [kaufland_products] INFO: Scraped: Darbo jahodový džem se sladidly Bez kalorií 220g | EAN=9001432035883 | kcal=80.0
2026-03-17 20:34:17 [kaufland_products] INFO: Scraped: Mangový džem extra, 340 g | EAN=8012532042054 | kcal=0.0
2026-03-17 20:34:20 [kaufland_products] INFO: Scraped: Menz & Gasser džem 100 porcí po 25 g 4 příchutě | EAN=8008660713508 | kcal=243.0
2026-03-17 20:34:22 [kaufland_products] INFO: Scraped: Schwartau Extra Zero jahodový džem bez přidaného c | EAN=4011800843113 04011800843113 | kcal=0.0
2026-03-17 20:34:25 [kaufland_products] INFO: Scraped: Sada 24ks - Deco Haus Dózy na koření s bambusovým  | EAN=8588008350287 | kcal=0.0
2026-03-17 20:34:25 [kaufland_products] WARNING: No nutrition data for: Sada 24ks - Deco Haus Dózy na koření s bambusovým šroubovacím uzávěrem - sada s etiketami, trychtýřem, čisticím kartáčkem, fixem, 120 ml, 10,5 x 4,3cm
2026-03-17 20:34:28 [kaufland_products] INFO: Scraped: Hanuta lískooříškové plátky s jemnými lískovými oř | EAN=8000500272442 | kcal=14.0
2026-03-17 20:34:29 [kaufland_products] INFO: Scraped: Schogetten jemné alpské plnotučné lískové oříšky s | EAN=4000607151101 | kcal=0.0
2026-03-17 20:34:32 [kaufland_products] INFO: Scraped: Duplo 10 mléčných čokoládových tyčinek s oplatkou  | EAN=4008400301327 | kcal=0.0
2026-03-17 20:34:34 [scrapy.extensions.logstats] INFO: Crawled 884 pages (at 23 pages/min), scraped 827 items (at 23 items/min)
2026-03-17 20:34:35 [kaufland_products] INFO: Scraped: Alpia Noble Nougat mléčná čokoláda s ušlechtilou n | EAN=4001743760240 | kcal=0.0
2026-03-17 20:34:37 [kaufland_products] INFO: Scraped: Kancelářské balení bílé čokolády Toffifee (5x125g  | EAN=6928828098839 | kcal=0.0
2026-03-17 20:34:40 [kaufland_products] INFO: Scraped: Milka Oreo sendvič s čokoládovým mléčným krémem a  | EAN=7622210826251 | kcal=518.0
2026-03-17 20:34:43 [kaufland_products] INFO: Scraped: Čokoládová čočka Piasten | EAN=4000281157512 | kcal=449.0
2026-03-17 20:34:46 [kaufland_products] INFO: Scraped: Lindt Les Grandes 34% lískové oříšky v mléčné čoko | EAN=7610400097345 | kcal=593.0
2026-03-17 20:34:47 [kaufland_products] INFO: Scraped: Milka Oreo White | EAN=7622201120931 | kcal=562.0
2026-03-17 20:34:50 [kaufland_products] INFO: Scraped: Hořká čokoláda Alpia s chutí rozplývající se v úst | EAN=4001743021822 | kcal=0.0
2026-03-17 20:34:52 [kaufland_products] INFO: Scraped: Ritter Sport Kokos s alpskou mléčnou čokoládou a m | EAN=4000417629814 | kcal=0.0
2026-03-17 20:34:55 [kaufland_products] INFO: Scraped: Ritter Sport jemná mléčná čokoláda s kakaem Arriba | EAN=4000417602114 | kcal=0.0
2026-03-17 20:34:57 [kaufland_products] INFO: Scraped: Kakaová pěna Ritter Sport s kakaovým krémem a mléč | EAN=4000417629418 | kcal=0.0
2026-03-17 20:34:59 [kaufland_products] INFO: Scraped: Alpia Pistaziencreme Vollmilchschokolade mit Pista | EAN=4001743757370 | kcal=580.0
2026-03-17 20:35:01 [kaufland_products] INFO: Scraped: Ritter Sport Amicelli čokoládová tyčinka s lískooř | EAN=4000417601513 | kcal=563.0
2026-03-17 20:35:04 [kaufland_products] INFO: Scraped: Raffaello z kokosového mléka a mandlí jednotlivě b | EAN=4008400183022 | kcal=2606.0
2026-03-17 20:35:06 [kaufland_products] INFO: Scraped: Knoppers Goodies oplatkové kuličky plněné mlékem a | EAN=4014400934045 | kcal=2000.0
2026-03-17 20:35:09 [kaufland_products] INFO: Scraped: Dubajská čokoláda XXL s pistáciemi, 220 gramů, hoř | EAN=8720892520715 | kcal=1218.0
2026-03-17 20:35:11 [kaufland_products] INFO: Scraped: Merci Petits Crunch Collection 125g | EAN=4014400927375 | kcal=573.0
2026-03-17 20:35:13 [kaufland_products] INFO: Scraped: Čokoláda 811 hořká 54,5% 0,4kg | EAN=5410522556605 | kcal=534.643
2026-03-17 20:35:16 [kaufland_products] INFO: Scraped: Kids Happy Hippo Hazelnut Limited Edition 5 oplatk | EAN=8000500311486 | kcal=588.0
2026-03-17 20:35:19 [kaufland_products] INFO: Scraped: Čokoláda hořká 70% 0,4kg | EAN=5410522556575 | kcal=539.0
2026-03-17 20:35:20 [kaufland_products] INFO: Scraped: Ferrero Rocher Original mléčná čokoláda s lískovým | EAN=8000500359488 | kcal=0.0
2026-03-17 20:35:23 [kaufland_products] INFO: Scraped: Lindt a Sprüngli Excellence Mild 85 % hořká čokolá | EAN=3046920029681 | kcal=0.0
2026-03-17 20:35:25 [kaufland_products] INFO: Scraped: Čokoládová tyčinka Raffaello s kokosem a mandlovým | EAN=8000500359556 | kcal=0.0
2026-03-17 20:35:27 [kaufland_products] INFO: Scraped: Čokoládové pralinky Celebrations 8 lahodných přích | EAN=5000159500258 | kcal=0.0
2026-03-17 20:35:30 [kaufland_products] INFO: Scraped: Kvalitní belgická čokoláda 1kg 54,5% 811 | EAN=5410522513196 | kcal=551.0
2026-03-17 20:35:33 [kaufland_products] INFO: Scraped: Toblerone Švýcarská mléčná čokoláda s medem a mand | EAN=7622201120252 | kcal=127.0
2026-03-17 20:35:34 [scrapy.extensions.logstats] INFO: Crawled 909 pages (at 25 pages/min), scraped 852 items (at 25 items/min)
2026-03-17 20:35:36 [kaufland_products] INFO: Scraped: Dětský krémový mléčný a křupavý 19g | EAN=80824107 0000080824107 | kcal=537.0
2026-03-17 20:35:39 [kaufland_products] INFO: Scraped: Toffifee Bílá čokoláda s lískovými oříšky, mléčným | EAN=4014400932959 | kcal=541.0
2026-03-17 20:35:42 [kaufland_products] INFO: Scraped: Merci Chocolate Collection Jemné čokolády v 7 laho | EAN=4014400927368 | kcal=2391.0
2026-03-17 20:35:45 [kaufland_products] INFO: [salám] page 1: found 30 product links
2026-03-17 20:35:48 [kaufland_products] INFO: [kečup] page 1: found 24 product links
2026-03-17 20:35:50 [kaufland_products] INFO: [majonéza] page 1: found 31 product links
2026-03-17 20:35:53 [kaufland_products] INFO: [hořčice] page 1: found 27 product links
2026-03-17 20:35:55 [kaufland_products] INFO: [salám] page 2: found 4 product links
2026-03-17 20:35:58 [kaufland_products] INFO: [kečup] page 2: found 22 product links
2026-03-17 20:36:01 [kaufland_products] INFO: [majonéza] page 2: found 20 product links
2026-03-17 20:36:03 [kaufland_products] INFO: [hořčice] page 2: found 14 product links
2026-03-17 20:36:08 [kaufland_products] INFO: [kečup] page 3: found 5 product links
2026-03-17 20:36:10 [kaufland_products] INFO: [majonéza] page 3: found 15 product links
2026-03-17 20:36:13 [kaufland_products] INFO: [hořčice] page 3: found 10 product links
2026-03-17 20:36:15 [kaufland_products] INFO: [kečup] page 4: found 31 product links
2026-03-17 20:36:18 [kaufland_products] INFO: [majonéza] page 4: found 3 product links
2026-03-17 20:36:20 [kaufland_products] INFO: [hořčice] page 4: found 9 product links
2026-03-17 20:36:20 [scrapy-playwright] WARNING: Closing page due to failed request: <GET https://www.kaufland.cz/s/?search_value=sal%C3%A1m&page=3> exc_type=<class 'playwright._impl._errors.TimeoutError'> exc_msg=Page.wait_for_selector: Timeout 15000ms exceeded.
Call log:
  - waiting for locator("a[href*='/product/']") to be visible
Traceback (most recent call last):
  File "/home/krokviak/.local/lib/python3.12/site-packages/scrapy_playwright/handler.py", line 480, in _download_request_with_retry
    return await self._download_request_with_page(request, page, spider)
           ^^^^^^^^^^^^^^^^^^^^^^^^^^^^^^^^^^^^^^^^^^^^^^^^^^^^^^^^^^^^^
  File "/home/krokviak/.local/lib/python3.12/site-packages/scrapy_playwright/handler.py", line 528, in _download_request_with_page
    await self._apply_page_methods(page, request, spider)
  File "/home/krokviak/.local/lib/python3.12/site-packages/scrapy_playwright/handler.py", line 678, in _apply_page_methods
    pm.result = await _maybe_await(method(*pm.args, **pm.kwargs))
                ^^^^^^^^^^^^^^^^^^^^^^^^^^^^^^^^^^^^^^^^^^^^^^^^^
  File "/home/krokviak/.local/lib/python3.12/site-packages/scrapy_playwright/_utils.py", line 23, in _maybe_await
    return await obj
           ^^^^^^^^^
  File "/home/krokviak/.local/lib/python3.12/site-packages/playwright/async_api/_generated.py", line 8234, in wait_for_selector
    await self._impl_obj.wait_for_selector(
  File "/home/krokviak/.local/lib/python3.12/site-packages/playwright/_impl/_page.py", line 419, in wait_for_selector
    return await self._main_frame.wait_for_selector(**locals_to_params(locals()))
           ^^^^^^^^^^^^^^^^^^^^^^^^^^^^^^^^^^^^^^^^^^^^^^^^^^^^^^^^^^^^^^^^^^^^^^
  File "/home/krokviak/.local/lib/python3.12/site-packages/playwright/_impl/_frame.py", line 369, in wait_for_selector
    await self._channel.send(
  File "/home/krokviak/.local/lib/python3.12/site-packages/playwright/_impl/_connection.py", line 69, in send
    return await self._connection.wrap_api_call(
           ^^^^^^^^^^^^^^^^^^^^^^^^^^^^^^^^^^^^^
  File "/home/krokviak/.local/lib/python3.12/site-packages/playwright/_impl/_connection.py", line 559, in wrap_api_call
    raise rewrite_error(error, f"{parsed_st['apiName']}: {error}") from None
playwright._impl._errors.TimeoutError: Page.wait_for_selector: Timeout 15000ms exceeded.
Call log:
  - waiting for locator("a[href*='/product/']") to be visible

2026-03-17 20:36:21 [kaufland_products] WARNING: Request failed: https://www.kaufland.cz/s/?search_value=sal%C3%A1m&page=3: Page.wait_for_selector: Timeout 15000ms exceeded.
Call log:
  - waiting for locator("a[href*='/product/']") to be visible

2026-03-17 20:36:22 [kaufland_products] INFO: [kečup] page 5: found 4 product links
2026-03-17 20:36:23 [kaufland_products] INFO: [majonéza] page 5: found 22 product links
2026-03-17 20:36:26 [kaufland_products] INFO: [hořčice] page 5: found 23 product links
2026-03-17 20:36:29 [kaufland_products] INFO: Scraped: Homann medovo-hořčičný dresink krémově sladký vyla | EAN=4030800008407 | kcal=265.0
2026-03-17 20:36:32 [kaufland_products] INFO: Scraped: Elektrický koblihový stroj 1550W 220V Mini Donut M | EAN=762102542887 0762102542887 | kcal=0.0
2026-03-17 20:36:32 [kaufland_products] WARNING: No nutrition data for: Elektrický koblihový stroj 1550W 220V Mini Donut Maker Kulatá vaflovačka se 6 otvory Donut Making Donut Making Machine
2026-03-17 20:36:34 [scrapy.extensions.logstats] INFO: Crawled 931 pages (at 22 pages/min), scraped 857 items (at 5 items/min)
2026-03-17 20:36:35 [kaufland_products] INFO: Scraped: Hellmann's Caesar Dressing láhev chutná omáčka 100 | EAN=8711327471610 | kcal=0.0
2026-03-17 20:36:37 [kaufland_products] INFO: Scraped: HOMESCAPES Kulatý pletený puf, 100% bavlna, hořčic | EAN=5055967430990 | kcal=0.0
2026-03-17 20:36:37 [kaufland_products] WARNING: No nutrition data for: HOMESCAPES Kulatý pletený puf, 100% bavlna, hořčicová barva
2026-03-17 20:36:39 [kaufland_products] INFO: Scraped: Bylinný ocet Hengstenberg v praktické 500 ml láhvi | EAN=4008100120662 | kcal=17.0
2026-03-17 20:36:41 [kaufland_products] INFO: Scraped: Eurofirany Melanie Curtain 140x270 Kräuselband Bra | EAN=5903571093493 | kcal=0.0
2026-03-17 20:36:41 [kaufland_products] WARNING: No nutrition data for: Eurofirany Melanie Curtain 140x270 Kräuselband Braun
2026-03-17 20:36:44 [kaufland_products] INFO: Scraped: Pavesi Gocciole Chocolate 500 g italské sušenky s  | EAN=8013355999143 | kcal=488.0
2026-03-17 20:36:46 [kaufland_products] INFO: Scraped: Maggi WM No.4 Křupavé saláty | EAN=4005500027898 | kcal=269.0
2026-03-17 20:36:48 [kaufland_products] INFO: Scraped: funny fresh Ringli křupavé bramborové kroužky s pa | EAN=4003586002570 | kcal=502.0
2026-03-17 20:36:51 [kaufland_products] INFO: Scraped: Erasco Hühner Nudel Dosen-Eintopf 800,0 g | EAN=4037300104370 | kcal=47.0
2026-03-17 20:36:54 [kaufland_products] INFO: Scraped: Glikotril - 60 kapslí | EAN=4260674865039 | kcal=0.0
2026-03-17 20:36:54 [kaufland_products] WARNING: No nutrition data for: Glikotril - 60 kapslí
2026-03-17 20:36:57 [kaufland_products] INFO: Scraped: Cape Herb and Spice Rub Louisiana Cajun směs kořen | EAN=6006507005023 | kcal=189.0
2026-03-17 20:36:59 [kaufland_products] INFO: Scraped: Caputo Pizzeria 5 kg italská mouka na pizzu typu 0 | EAN=8014601046208 | kcal=352.0
2026-03-17 20:37:00 [kaufland_products] INFO: Scraped: BIOVITA zahradní vápno a trávníkové vápno 5 kg Vys | EAN=5907813160455 | kcal=0.0
2026-03-17 20:37:00 [kaufland_products] WARNING: No nutrition data for: BIOVITA zahradní vápno a trávníkové vápno 5 kg Vysoce kvalitní vápenaté hnojivo pro odkyselení půdy, podporu růstu rostlin a zlepšení absorpce živin
2026-03-17 20:37:02 [kaufland_products] INFO: Scraped: Cape Herb and Spice Rub Texan Steakhouse směs koře | EAN=6006507005016 | kcal=216.0
2026-03-17 20:37:04 [kaufland_products] INFO: Scraped: Colladiox Pro - 60 Kapslí | EAN=4260674865015 | kcal=0.0
2026-03-17 20:37:04 [kaufland_products] WARNING: No nutrition data for: Colladiox Pro - 60 Kapslí
2026-03-17 20:37:06 [kaufland_products] INFO: Scraped: Dietoll Kapsle 60 kapslí | EAN=4260674864735 | kcal=0.0
2026-03-17 20:37:06 [kaufland_products] WARNING: No nutrition data for: Dietoll Kapsle 60 kapslí
2026-03-17 20:37:08 [kaufland_products] INFO: Scraped: Zimmermann 4 typické mnichovské bílé párky ATG 250 | EAN=4006153756005 | kcal=0.0
2026-03-17 20:37:11 [kaufland_products] INFO: Scraped: Biovita Zahradnictví Vermikulit přírodní 1-5Mm 5L  | EAN=5907813163524 | kcal=0.0
2026-03-17 20:37:11 [kaufland_products] WARNING: No nutrition data for: Biovita Zahradnictví Vermikulit přírodní 1-5Mm 5L Přísada do půdy
2026-03-17 20:37:14 [kaufland_products] INFO: Scraped: Metten thick Sauerland bockwurst 845g | EAN=4008401610152 | kcal=251.0
2026-03-17 20:37:16 [kaufland_products] INFO: Scraped: Fleecedecke 130x160 gelb | EAN=4251474129810 | kcal=0.0
2026-03-17 20:37:16 [kaufland_products] WARNING: No nutrition data for: Fleecedecke 130x160 gelb
2026-03-17 20:37:18 [kaufland_products] INFO: Scraped: La Molisana Spaghetto Quadrato n.1 Italské dlouhé  | EAN=8004690101513 | kcal=351.0
2026-03-17 20:37:20 [kaufland_products] INFO: Scraped: Miracel Whip Dressing připravený na lžičku krémové | EAN=7622201680206 | kcal=0.0
2026-03-17 20:37:23 [kaufland_products] INFO: Scraped: Homann Sylter Genuss Dressing o.K s jemným cibulov | EAN=4030800024261 | kcal=310.0
2026-03-17 20:37:25 [kaufland_products] INFO: Scraped: Francouzský dresink Kraft bez zvýrazňovačů chuti 8 | EAN=8715700210766 | kcal=174.0
2026-03-17 20:37:27 [kaufland_products] INFO: Scraped: Knorr salátová zálivka paprika bylinky jemná čirá  | EAN=4007801105190 | kcal=220.0
2026-03-17 20:37:30 [kaufland_products] INFO: Scraped: GymBeam - ZERO SAUCE Curry 350 ml | EAN=8588007570143 | kcal=14.0
2026-03-17 20:37:32 [kaufland_products] INFO: Scraped: Kuehne Salata Dressing bylinný kořeněný z láhve 75 | EAN=4012200019207 | kcal=8.0
2026-03-17 20:37:34 [kaufland_products] INFO: Scraped: Knorr Medová hořčičná omáčka jemná s koprem ideáln | EAN=4013300031342 | kcal=262.0
2026-03-17 20:37:34 [scrapy.extensions.logstats] INFO: Crawled 958 pages (at 27 pages/min), scraped 884 items (at 27 items/min)
2026-03-17 20:37:37 [kaufland_products] INFO: Scraped: Barilla Pesto Rustico Verdure 200 g italské pesto  | EAN=8076809576581 | kcal=182.0
2026-03-17 20:37:40 [kaufland_products] INFO: Scraped: Händlmaiers delikatesy pomerančová hořčičná omáčka | EAN=4104720014081 | kcal=278.0
2026-03-17 20:37:42 [kaufland_products] INFO: Scraped: KnoCit česnekovo-citronový nápoj, 700 ml roztok | EAN=4260226020015 04260226020015 | kcal=0.0
2026-03-17 20:37:42 [kaufland_products] WARNING: No nutrition data for: KnoCit česnekovo-citronový nápoj, 700 ml roztok
2026-03-17 20:37:45 [kaufland_products] INFO: Scraped: Heinz Smokey Baconnaise pálivá kouřová omáčka stla | EAN=5000157076700 | kcal=498.0
2026-03-17 20:37:47 [kaufland_products] INFO: Scraped: Giuseppe Cremonini Condimento Bianco Cremoso süß s | EAN=8033717731181 | kcal=252.0
2026-03-17 20:37:48 [kaufland_products] INFO: Scraped: Heinz Curry Mango Sauce ovocná krémová pikantní om | EAN=8715700423586 | kcal=332.0
2026-03-17 20:37:50 [kaufland_products] INFO: Scraped: GymBeam - ZERO SAUCE Honig-Senf 320 ml | EAN=8586022217029 | kcal=9.9
2026-03-17 20:37:52 [kaufland_products] INFO: Scraped: Hellmann's 1000 Islands Dressing krémová příchuť l | EAN=8711327471436 | kcal=0.0
2026-03-17 20:37:55 [kaufland_products] INFO: Scraped: Nadler Remoulade krémová jemná pikantní klasická l | EAN=4021900113252 | kcal=478.0
2026-03-17 20:37:58 [kaufland_products] INFO: Scraped: Nadler Remoulade krémová, plná, klasická, jemná, l | EAN=4021900114358 | kcal=698.0
2026-03-17 20:38:00 [kaufland_products] INFO: Scraped: 6x otočná láhev 200ml pivní láhev kulaté skleněné  | EAN=4250857284641 | kcal=0.0
2026-03-17 20:38:00 [kaufland_products] WARNING: No nutrition data for: 6x otočná láhev 200ml pivní láhev kulaté skleněné láhve džus pivo pálenka likér ocet olej drátěný závěs
2026-03-17 20:38:01 [kaufland_products] INFO: Scraped: Pokladna pro děti Kalkulačka hmotnosti Peníze 1687 | EAN=5900779939486 | kcal=0.0
2026-03-17 20:38:01 [kaufland_products] WARNING: No nutrition data for: Pokladna pro děti Kalkulačka hmotnosti Peníze 16877
2026-03-17 20:38:04 [kaufland_products] INFO: Scraped: Hape Fast food set, Kuchy a jdlo, 3 rok/roky | EAN=6943478025363 | kcal=0.0
2026-03-17 20:38:04 [kaufland_products] WARNING: No nutrition data for: Hape Fast food set, Kuchy a jdlo, 3 rok/roky
2026-03-17 20:38:06 [kaufland_products] INFO: Scraped: Hořčice - Pivo 125ml | EAN=4260112294797 | kcal=0.0
2026-03-17 20:38:06 [kaufland_products] WARNING: No nutrition data for: Hořčice - Pivo 125ml
2026-03-17 20:38:08 [kaufland_products] INFO: Scraped: Lacroix fíková a hořčičná omáčka | EAN=4009062596120 | kcal=291.0
2026-03-17 20:38:11 [kaufland_products] INFO: Scraped: Hořčice - Chilli 125ml | EAN=4260112294810 | kcal=0.0
2026-03-17 20:38:11 [kaufland_products] WARNING: No nutrition data for: Hořčice - Chilli 125ml
2026-03-17 20:38:13 [kaufland_products] INFO: Scraped: Van Holten*s Jumbo Sour Pickle 140g | EAN=0038200000087 | kcal=0.0
2026-03-17 20:38:13 [kaufland_products] WARNING: No nutrition data for: Van Holten*s Jumbo Sour Pickle 140g
2026-03-17 20:38:14 [kaufland_products] INFO: Scraped: Block House Original jemně strouhaný křen přírodně | EAN=4009286121870 | kcal=0.0
2026-03-17 20:38:17 [kaufland_products] INFO: Scraped: Gazpacho - Original 750ml | EAN=4039057415648 | kcal=0.0
2026-03-17 20:38:17 [kaufland_products] WARNING: No nutrition data for: Gazpacho - Original 750ml
2026-03-17 20:38:19 [kaufland_products] INFO: Scraped: Hořčice - Fíky 125ml | EAN=4260112294872 | kcal=0.0
2026-03-17 20:38:19 [kaufland_products] WARNING: No nutrition data for: Hořčice - Fíky 125ml
2026-03-17 20:38:21 [kaufland_products] INFO: Scraped: Polleo Sport Proseries Zero Sauce, 425 ml - Majoné | EAN=3859893008993 | kcal=0.0
2026-03-17 20:38:21 [kaufland_products] WARNING: No nutrition data for: Polleo Sport Proseries Zero Sauce, 425 ml - Majonéza
2026-03-17 20:38:24 [kaufland_products] INFO: Scraped: Stlačovací láhev APS 0,65 litru Bílá | EAN=4004133931572 | kcal=0.0
2026-03-17 20:38:24 [kaufland_products] WARNING: No nutrition data for: Stlačovací láhev APS 0,65 litru Bílá
2026-03-17 20:38:27 [kaufland_products] INFO: Scraped: K45WW Šlehací nástavec vhodný pro kuchyňské roboty | EAN=9447429479436 | kcal=0.0
2026-03-17 20:38:27 [kaufland_products] WARNING: No nutrition data for: K45WW Šlehací nástavec vhodný pro kuchyňské roboty KitchenAid s naklápěcí hlavou, šlehací metla z nerezové oceli, lze mýt v myčce, na vejce, smetanu, dorty a majonézu.
2026-03-17 20:38:28 [kaufland_products] INFO: Scraped: GymBeam - ZERO SAUCE keup 320 ml | EAN=8588006751109 | kcal=9.0
2026-03-17 20:38:31 [kaufland_products] INFO: Scraped: Kukuřičné chipsy dinosauři s příchutí kečupu bez l | EAN=8588004638631 | kcal=0.0
2026-03-17 20:38:31 [kaufland_products] WARNING: No nutrition data for: Kukuřičné chipsy dinosauři s příchutí kečupu bez lepku4x15 g BioSaurus
2026-03-17 20:38:33 [kaufland_products] INFO: Scraped: Kečup dětský karnevalový kostým červenobílý - 122/ | EAN=3613600068201 | kcal=0.0
2026-03-17 20:38:33 [kaufland_products] WARNING: No nutrition data for: Kečup dětský karnevalový kostým červenobílý - 122/134 (7-9 let)
2026-03-17 20:38:34 [scrapy.extensions.logstats] INFO: Crawled 984 pages (at 26 pages/min), scraped 910 items (at 26 items/min)
2026-03-17 20:38:35 [kaufland_products] INFO: Scraped: Kostým kečupu Ketchub tube červená a bílá - jedna  | EAN=3613600034787 | kcal=0.0
2026-03-17 20:38:35 [kaufland_products] WARNING: No nutrition data for: Kostým kečupu Ketchub tube červená a bílá - jedna velikost
2026-03-17 20:38:36 [kaufland_products] INFO: Scraped: 2x Hranolky miska oválná bílá miska na currywurst  | EAN=4251967514321 | kcal=0.0
2026-03-17 20:38:36 [kaufland_products] WARNING: No nutrition data for: 2x Hranolky miska oválná bílá miska na currywurst servírovací talíř porcelánový
2026-03-17 20:38:39 [kaufland_products] INFO: Scraped: Prémiový sicilský kečup KETO 425g ROLESKI | EAN=5901044027549 | kcal=41.0
2026-03-17 20:38:41 [kaufland_products] INFO: Scraped: 12x otočná vrchní láhev 200ml pivní láhev kulaté s | EAN=4250857284658 | kcal=0.0
2026-03-17 20:38:41 [kaufland_products] WARNING: No nutrition data for: 12x otočná vrchní láhev 200ml pivní láhev kulaté skleněné láhve džus pivo pálenka likér ocet olej drátěný závěs
2026-03-17 20:38:42 [kaufland_products] INFO: Scraped: Kečup Premium Spicy 465g ROLESKI | EAN=5901044022889 | kcal=123.0
2026-03-17 20:38:45 [kaufland_products] INFO: Scraped: 6x Frietjes XL miska na chipsy oválná bílá miska n | EAN=4251967516851 | kcal=0.0
2026-03-17 20:38:45 [kaufland_products] WARNING: No nutrition data for: 6x Frietjes XL miska na chipsy oválná bílá miska na currywurst servírovací talíř porcelánová
2026-03-17 20:38:48 [kaufland_products] INFO: Scraped: Lego LEGO The Simpsons: Krusty Burger 10352 | EAN=5702017829128 | kcal=0.0
2026-03-17 20:38:48 [kaufland_products] WARNING: No nutrition data for: Lego LEGO The Simpsons: Krusty Burger 10352
2026-03-17 20:38:51 [kaufland_products] INFO: Scraped: Appel Fish Minis Kousky filé ze sledě v rajčatové  | EAN=4020500966404 | kcal=198.0
2026-03-17 20:38:53 [kaufland_products] INFO: Scraped: Kečupové tyčinky - nesmažené 30g | EAN=8588007731476 | kcal=420.0
2026-03-17 20:38:55 [kaufland_products] INFO: Scraped: sada 12 lahví na šťávu 250 ml s víčkem TO43 Bílá s | EAN=4250857285174 | kcal=0.0
2026-03-17 20:38:55 [kaufland_products] WARNING: No nutrition data for: sada 12 lahví na šťávu 250 ml s víčkem TO43 Bílá skleněná láhev s baňkou Karafa na mléko
2026-03-17 20:38:58 [kaufland_products] INFO: Scraped: Pravá kuchařská zástěra pro muže | EAN=5906660866268 | kcal=0.0
2026-03-17 20:38:58 [kaufland_products] WARNING: No nutrition data for: Pravá kuchařská zástěra pro muže
2026-03-17 20:39:00 [kaufland_products] INFO: Scraped: Láhev kečupu uni kostým červená - jedna velikost | EAN=3613600032707 | kcal=0.0
2026-03-17 20:39:00 [kaufland_products] WARNING: No nutrition data for: Láhev kečupu uni kostým červená - jedna velikost
2026-03-17 20:39:03 [kaufland_products] INFO: Scraped: XOX Pommes Snack Kečup Křupavý bramborový snack s  | EAN=4031446810218 | kcal=518.0
2026-03-17 20:39:06 [kaufland_products] INFO: Scraped: Pravá kuchařská zástěra pro muže EN | EAN=5906660866145 | kcal=0.0
2026-03-17 20:39:06 [kaufland_products] WARNING: No nutrition data for: Pravá kuchařská zástěra pro muže EN
2026-03-17 20:39:09 [kaufland_products] INFO: Scraped: 6x Fries Pommes bowl oválná bílá mísa Currywurst S | EAN=4251967514338 | kcal=0.0
2026-03-17 20:39:09 [kaufland_products] WARNING: No nutrition data for: 6x Fries Pommes bowl oválná bílá mísa Currywurst Servírovací talíř porcelánový
2026-03-17 20:39:12 [kaufland_products] INFO: Scraped: Pravá kuchařská zástěra pro muže DE | EAN=5906660866282 | kcal=0.0
2026-03-17 20:39:12 [kaufland_products] WARNING: No nutrition data for: Pravá kuchařská zástěra pro muže DE
2026-03-17 20:39:15 [kaufland_products] INFO: Scraped: funny fresh Pom Bear kečup bramborová svačinka bez | EAN=4000522065002 | kcal=508.0
2026-03-17 20:39:17 [kaufland_products] INFO: Scraped: Nerezový trojitý dávkovač omáčky s čerpadlem 3 x 2 | EAN=4062859990853 | kcal=0.0
2026-03-17 20:39:17 [kaufland_products] WARNING: No nutrition data for: Nerezový trojitý dávkovač omáčky s čerpadlem 3 x 2 l
2026-03-17 20:39:20 [kaufland_products] INFO: Scraped: Dětská kuchyňka s lednicí a plynovým sporákem 169 | EAN=5907508462147 | kcal=0.0
2026-03-17 20:39:20 [kaufland_products] WARNING: No nutrition data for: Dětská kuchyňka s lednicí a plynovým sporákem 169
2026-03-17 20:39:23 [kaufland_products] INFO: Scraped: ROYAL Catering Dávkovač na omáčky - 1 čerpadlo - 2 | EAN=4062859990723 | kcal=0.0
2026-03-17 20:39:23 [kaufland_products] WARNING: No nutrition data for: ROYAL Catering Dávkovač na omáčky - 1 čerpadlo - 2 l
2026-03-17 20:39:25 [kaufland_products] INFO: Scraped: Schleich 42581 Klisna plemene Criollo Definitivo s | EAN=4059433574363 | kcal=0.0
2026-03-17 20:39:25 [kaufland_products] WARNING: No nutrition data for: Schleich 42581 Klisna plemene Criollo Definitivo s česací hřívou
2026-03-17 20:39:28 [kaufland_products] INFO: Scraped: Schleich Sofias Beauty Sofia & Dusty Sta| 42584 | EAN=4059433574394 | kcal=0.0
2026-03-17 20:39:28 [kaufland_products] WARNING: No nutrition data for: Schleich Sofias Beauty Sofia & Dusty Sta| 42584
2026-03-17 20:39:31 [kaufland_products] INFO: Scraped: Expondo Royal Catering Dávkovač omáček – 2 pumpy – | EAN=4062859990846 | kcal=0.0
2026-03-17 20:39:31 [kaufland_products] WARNING: No nutrition data for: Expondo Royal Catering Dávkovač omáček – 2 pumpy – 2 x 2 l
2026-03-17 20:39:33 [kaufland_products] INFO: Scraped: 9 kusů opakovaně použitelných mini silikonových st | EAN=710558791496 0710558791496 | kcal=0.0
2026-03-17 20:39:33 [kaufland_products] WARNING: No nutrition data for: 9 kusů opakovaně použitelných mini silikonových stěrek, dlouhá skleněná stěrka do kuchyně, mini stěrka se dvěma konci, otírání stěn lahví od krémového másla a džemu
2026-03-17 20:39:34 [scrapy.extensions.logstats] INFO: Crawled 1008 pages (at 24 pages/min), scraped 934 items (at 24 items/min)
2026-03-17 20:39:35 [kaufland_products] INFO: Scraped: Händlmaiers domácí hořčice sladký sáček 15ml 200 b | EAN=4104720002460 | kcal=0.0
2026-03-17 20:39:37 [kaufland_products] INFO: Scraped: Ruwisch & Zuck Original Ticino hořčičná omáčka z k | EAN=4003185193518 | kcal=0.0
2026-03-17 20:39:39 [kaufland_products] INFO: Scraped: Mautner Markhof Hořčice estragonová, 12x200g tuba | EAN=9011900290072 | kcal=0.0
2026-03-17 20:39:42 [kaufland_products] INFO: Scraped: Heinz hořčice středně ostrá pikantní v dávkovacím  | EAN=8715700534527 | kcal=96.0
2026-03-17 20:39:43 [kaufland_products] INFO: Scraped: Maille středně ostrá jemně kořeněná hořčice krémov | EAN=8722700135470 | kcal=290.0
2026-03-17 20:39:45 [kaufland_products] INFO: Scraped: Thomy Delikatess středně ostrá hořčice klasika ve  | EAN=4251753781715 | kcal=119.0
2026-03-17 20:39:48 [kaufland_products] INFO: Scraped: Grashoff Zelená hořčičná omáčka z fíků pro sýrové  | EAN=4006375002607 | kcal=0.0
2026-03-17 20:39:51 [kaufland_products] INFO: Scraped: Thomy Delikatess hořčice středně ostrá pikantní tu | EAN=4251753712665 | kcal=119.0
2026-03-17 20:39:53 [kaufland_products] INFO: Scraped: Heinz Mild Yellow Mustard Hořčice s jemnou pikantn | EAN=8410066147854 | kcal=0.0
2026-03-17 20:39:56 [kaufland_products] INFO: Scraped: Hořčice Löwensenf extra pálivá v balení po 6 kusec | EAN=4251753728222 | kcal=173.0
2026-03-17 20:39:59 [kaufland_products] INFO: Scraped: vidaXL Dávkovač omáčky z nerezové oceli 2 x 3,5 l | EAN=8719883914275 | kcal=0.0
2026-03-17 20:39:59 [kaufland_products] WARNING: No nutrition data for: vidaXL Dávkovač omáčky z nerezové oceli 2 x 3,5 l
2026-03-17 20:40:01 [kaufland_products] INFO: Scraped: Citronová majonéza - demeter tuba 185ml | EAN=4024297021599 | kcal=724.0
2026-03-17 20:40:03 [kaufland_products] INFO: Scraped: Homann Majonéza Zeleninová majonéza stlačovací láh | EAN=4030800079643 | kcal=0.0
2026-03-17 20:40:05 [kaufland_products] INFO: Scraped: ORION Ruční mačkadlo na máslo Mačkadlo na majonézu | EAN=8592381115326 | kcal=0.0
2026-03-17 20:40:05 [kaufland_products] WARNING: No nutrition data for: ORION Ruční mačkadlo na máslo Mačkadlo na majonézu
2026-03-17 20:40:07 [kaufland_products] INFO: Scraped: Mayo - veganské 250ml | EAN=4018462158159 | kcal=478.0
2026-03-17 20:40:10 [kaufland_products] INFO: Scraped: Kondom - Penis předměty 7ks. | EAN=9556807418438 | kcal=0.0
2026-03-17 20:40:10 [kaufland_products] WARNING: No nutrition data for: Kondom - Penis předměty 7ks.
2026-03-17 20:40:13 [kaufland_products] INFO: Scraped: Ruční šlehač ORION 26 cm | EAN=8592381102272 | kcal=0.0
2026-03-17 20:40:13 [kaufland_products] WARNING: No nutrition data for: Ruční šlehač ORION 26 cm
2026-03-17 20:40:16 [kaufland_products] INFO: Scraped: AMORFICKÁ DIATOMITOVÁ ZEMINA (DIATOMIT FOOD) 1 kg  | EAN=5906395603121 | kcal=0.0
2026-03-17 20:40:16 [kaufland_products] WARNING: No nutrition data for: AMORFICKÁ DIATOMITOVÁ ZEMINA (DIATOMIT FOOD) 1 kg - PERMA-GUARD
2026-03-17 20:40:18 [kaufland_products] INFO: Scraped: relaxdays stiskací láhev 1000 ml sada 4 kusů | EAN=4052025286439 | kcal=0.0
2026-03-17 20:40:18 [kaufland_products] WARNING: No nutrition data for: relaxdays stiskací láhev 1000 ml sada 4 kusů
2026-03-17 20:40:21 [kaufland_products] INFO: Scraped: relaxdays 24 x stlačovací láhev 1000 ml | EAN=4052025382223 | kcal=0.0
2026-03-17 20:40:21 [kaufland_products] WARNING: No nutrition data for: relaxdays 24 x stlačovací láhev 1000 ml
2026-03-17 20:40:23 [kaufland_products] INFO: Scraped: Heinz Česneková omáčka řeckého typu s příchutí čer | EAN=8715700411187 | kcal=0.0
2026-03-17 20:40:23 [kaufland_products] WARNING: No nutrition data for: Heinz Česneková omáčka řeckého typu s příchutí čerstvého česneku 220ml
2026-03-17 20:40:26 [kaufland_products] INFO: Scraped: Kraft kečup s kořením v kbelíku bez zvýrazňovače c | EAN=8715700201696 | kcal=117.0
2026-03-17 20:40:29 [kaufland_products] INFO: Scraped: Heinz Frites omáčka dávkovací sáček světlá krémová | EAN=8715700418650 | kcal=277.0
2026-03-17 20:40:31 [kaufland_products] INFO: Scraped: Hela Currywurst Sauce mírně pikantní kořenící omáč | EAN=4251753763582 | kcal=103.0
2026-03-17 20:40:33 [kaufland_products] INFO: Scraped: CateringLine - Kbelík na rajčatový kečup 5kg | EAN=4018462157404 | kcal=111.0
2026-03-17 20:40:34 [scrapy.extensions.logstats] INFO: Crawled 1033 pages (at 25 pages/min), scraped 959 items (at 25 items/min)
2026-03-17 20:40:35 [kaufland_products] INFO: Scraped: Koncentrát hovězího vývaru CHEF je ideální do polé | EAN=7613035910805 | kcal=60.0
2026-03-17 20:40:38 [kaufland_products] INFO: Scraped: Develey hořčice středně ostrá jemně pikantní krémo | EAN=4006824009195 | kcal=109.0
2026-03-17 20:40:40 [kaufland_products] INFO: Scraped: Kuehne hořčice pikantní kořeněná aromatická v hrnc | EAN=4012200020104 | kcal=92.0
2026-03-17 20:40:42 [kaufland_products] INFO: Scraped: Kühne jalapeño chilli pálivá hořčice ohnivě pálivá | EAN=4012200201404 | kcal=0.0
2026-03-17 20:40:45 [kaufland_products] INFO: Scraped: Hořčice Löwensen extra horká z tuby, připravená k  | EAN=4041131001104 | kcal=173.0
2026-03-17 20:40:47 [kaufland_products] INFO: Scraped: Hořčice Löwensenf středně jemná v balení po 6 kuse | EAN=4251753728239 | kcal=137.0
2026-03-17 20:40:50 [kaufland_products] INFO: Scraped: Kuehne Bavorská sladká hořčice sladká jemná podáva | EAN=40122366 | kcal=256.0
2026-03-17 20:40:52 [kaufland_products] INFO: Scraped: Thomy hořčice pálivá extra pikantní klasická v tub | EAN=40056074 0000040056074 | kcal=0.0
2026-03-17 20:40:54 [kaufland_products] INFO: Scraped: Bavorská sladká domácí hořčice Händlmaier's Qualit | EAN=41047231 | kcal=225.0
2026-03-17 20:40:56 [kaufland_products] INFO: Scraped: Clovis Dijonská hořčice bílá ostrá silná jemně lad | EAN=3077315864266 | kcal=158.0
2026-03-17 20:40:58 [kaufland_products] INFO: Scraped: Händlmaier klobásová hořčice středně pálivá aromat | EAN=4251753767719 | kcal=90.0
2026-03-17 20:41:01 [kaufland_products] INFO: Scraped: Hořčice - jemná 160 ml | EAN=4019736006428 | kcal=100.0
2026-03-17 20:41:04 [kaufland_products] INFO: Scraped: Händlmaierova pepřovo-hořčičná omáčka s vybranými  | EAN=4104720014098 | kcal=171.0
2026-03-17 20:41:07 [kaufland_products] INFO: Scraped: Grashoffova hořčičná omáčka z červených fíků na sý | EAN=4006375002591 | kcal=0.0
2026-03-17 20:41:09 [kaufland_products] INFO: Scraped: Hořčice - bylinky 160ml | EAN=4019736006442 | kcal=0.0
2026-03-17 20:41:09 [kaufland_products] WARNING: No nutrition data for: Hořčice - bylinky 160ml
2026-03-17 20:41:12 [kaufland_products] INFO: Scraped: Veganské Aioli - demeter tuba 190ml | EAN=4024297019930 | kcal=593.0
2026-03-17 20:41:14 [kaufland_products] INFO: Scraped: Kuehne remuláda s bylinkami krémová jemná v balení | EAN=4251753722008 | kcal=484.0
2026-03-17 20:41:16 [kaufland_products] INFO: Scraped: Thomy Gourmet Remoulade pikantní bylinky a okurka  | EAN=40056258 | kcal=544.0
2026-03-17 20:41:19 [kaufland_products] INFO: Scraped: Letní lanýžová majonéza, 80 g | EAN=8025386001931 | kcal=0.0
2026-03-17 20:41:21 [kaufland_products] INFO: Scraped: Homannova remuláda s řepkovým olejem a nasekanou p | EAN=4030800077779 | kcal=601.0
2026-03-17 20:41:23 [kaufland_products] INFO: Scraped: Lukull Bešamelová omáčka krémová jemná jako základ | EAN=8712100494352 | kcal=150.0
2026-03-17 20:41:25 [kaufland_products] INFO: Scraped: Dánský remuládový dresink Original s kousky zeleni | EAN=4002385309002 | kcal=312.0
2026-03-17 20:41:28 [kaufland_products] INFO: Scraped: Thomy Delikatess Remoulade krémová s příchutí byli | EAN=40056142 | kcal=719.0
2026-03-17 20:41:30 [kaufland_products] INFO: Scraped: Develey Gourmet Remoulade 50% 875ml | EAN=4006824007573 | kcal=447.0
2026-03-17 20:41:32 [kaufland_products] INFO: Scraped: Kuehne Remoulade s bylinkami krémová jemná z hrnce | EAN=40122847 | kcal=484.0
2026-03-17 20:41:34 [scrapy.extensions.logstats] INFO: Crawled 1058 pages (at 25 pages/min), scraped 984 items (at 25 items/min)
2026-03-17 20:41:35 [kaufland_products] INFO: Scraped: Heinz Pikantní paprika a chilli pikantní majonéza  | EAN=5000157140708 | kcal=456.0
2026-03-17 20:41:37 [kaufland_products] INFO: Scraped: balení 2 kusů - Kewpie Japanese Cult Mayonnaise Or | EAN=4255700700514 | kcal=694.0
2026-03-17 20:41:40 [kaufland_products] INFO: Scraped: Heinz Americká hořčice Mírná hořčice amerického ty | EAN=87157697 0000087157697 | kcal=120.0
2026-03-17 20:41:43 [kaufland_products] INFO: Scraped: Hellmann's Professional Salatmayonnaise cremiger G | EAN=8720182850928 | kcal=0.0
2026-03-17 20:41:45 [kaufland_products] INFO: Scraped: Hellmann's Real Mayonnaise s bohatou krémovou konz | EAN=8720182759054 | kcal=0.0
2026-03-17 20:41:48 [kaufland_products] INFO: Scraped: Hellmann's veganská majonéza veganská alternativa  | EAN=8720182790637 | kcal=0.0
2026-03-17 20:41:51 [kaufland_products] INFO: Scraped: Hellmann's Vegan Mayo 2,4L | EAN=8720182362087 | kcal=619.0
2026-03-17 20:41:53 [kaufland_products] INFO: Scraped: Heinz Majonéza Vegan veganská salátová majonéza st | EAN=8410066135998 | kcal=686.0
2026-03-17 20:41:55 [kaufland_products] INFO: Scraped: Heinz Majonéza Originální krémová čerstvá majonéza | EAN=87157857 0000087157857 | kcal=644.0
2026-03-17 20:41:58 [kaufland_products] INFO: Scraped: Majonéza - lahůdková láhev 300 ml | EAN=4018462158654 | kcal=0.0
2026-03-17 20:41:58 [kaufland_products] WARNING: No nutrition data for: Majonéza - lahůdková láhev 300 ml
2026-03-17 20:42:00 [kaufland_products] INFO: Scraped: Hamker rajčatový kečup na hranolky, steaky a grilo | EAN=4251753779439 | kcal=99.0
2026-03-17 20:42:02 [kaufland_products] INFO: Scraped: DEVELEY Rajčatový kečup, balení po 4 kusech (4 x 8 | EAN=4006824009102 | kcal=143.0
2026-03-17 20:42:05 [kaufland_products] INFO: Scraped: Stokes Chipotle kečup z pravých italských rajčat 2 | EAN=5060092694674 | kcal=139.0
2026-03-17 20:42:07 [kaufland_products] INFO: Scraped: Roleski Sicilský kečup Premium 465 g | EAN=5901044023947 | kcal=120.0
2026-03-17 20:42:09 [kaufland_products] INFO: Scraped: Hela kečup s kořením na šašlik se speciálním kořen | EAN=4251753751053 | kcal=141.0
2026-03-17 20:42:11 [kaufland_products] INFO: Scraped: Hela kečup s kari kořením extra pálivá příchuť 800 | EAN=4251753727119 | kcal=137.0
2026-03-17 20:42:13 [kaufland_products] INFO: Scraped: Heinz Curry Ketchup jemně vyladěná kari příchuť vr | EAN=8715700209241 | kcal=0.0
2026-03-17 20:42:16 [kaufland_products] INFO: Scraped: Curtice Brothers Original Ketchup přírodní příchuť | EAN=9120092672655 | kcal=0.0
2026-03-17 20:42:18 [kaufland_products] INFO: Scraped: Heinz rajčatový kečup sladká hustá rajčatová omáčk | EAN=8715700016023 | kcal=102.0
2026-03-17 20:42:21 [kaufland_products] INFO: Scraped: Heinz Hot Chilli kečup s kajenským pepřem v 500ml  | EAN=8715700209272 | kcal=449.0
2026-03-17 20:42:23 [kaufland_products] INFO: Scraped: Hela Kečup Mayo Mix Česnek s veganskou majonézou 3 | EAN=4027400218893 | kcal=0.0
2026-03-17 20:42:25 [kaufland_products] INFO: Scraped: Homann Currygewuerzketchup ovocný kořeněný jemně o | EAN=4030800046416 | kcal=164.0
2026-03-17 20:42:28 [kaufland_products] INFO: Scraped: Heinz Rajčatový kečup Rajčatová omáčka v dávkovací | EAN=8715700534459 | kcal=102.0
2026-03-17 20:42:31 [kaufland_products] INFO: Scraped: Hela koření kečup kari extra pálivý jemná příchuť  | EAN=4027400148473 | kcal=0.0
2026-03-17 20:42:33 [kaufland_products] INFO: Scraped: Hela koření kečup šašlik pikantní příchuť láhev 30 | EAN=4027400148503 | kcal=0.0
2026-03-17 20:42:34 [scrapy.extensions.logstats] INFO: Crawled 1083 pages (at 25 pages/min), scraped 1009 items (at 25 items/min)
2026-03-17 20:42:36 [kaufland_products] INFO: Scraped: Hela kečup s kari kořením extra pálivá příchuť 800 | EAN=4251753727102 | kcal=137.0
2026-03-17 20:42:38 [kaufland_products] INFO: Scraped: Hela Currywurst Sauce mírně pikantní kořenící omáč | EAN=4251753763599 | kcal=104.0
2026-03-17 20:42:41 [kaufland_products] INFO: Scraped: Hela kečup s kořením šašlik originál s pikantní př | EAN=4027400568615 | kcal=141.0
2026-03-17 20:42:43 [kaufland_products] INFO: Scraped: Heinz Barbecue Dip Pot Sauce sweet smoky spicy hot | EAN=5413226550146 | kcal=136.0
2026-03-17 20:42:46 [kaufland_products] INFO: Scraped: Hela koření kečup kari mírně pálivý originální koř | EAN=4251753727041 | kcal=136.0
2026-03-17 20:42:48 [kaufland_products] INFO: Scraped: Stokes bohatý a pikantní kečup Chilli Tomato 249ml | EAN=5060092690508 | kcal=187.0
2026-03-17 20:42:50 [kaufland_products] INFO: Scraped: TUPPERWARE Hitparáda ledniček 630 ml tmavě modrá ( | EAN=4251898909791 | kcal=0.0
2026-03-17 20:42:50 [kaufland_products] WARNING: No nutrition data for: TUPPERWARE Hitparáda ledniček 630 ml tmavě modrá (3) + UTĚRKA
2026-03-17 20:42:53 [kaufland_products] INFO: Scraped: Puzzle Pizza v originální krabici 500 ks | EAN=4260348479050 | kcal=0.0
2026-03-17 20:42:53 [kaufland_products] WARNING: No nutrition data for: Puzzle Pizza v originální krabici 500 ks
2026-03-17 20:42:55 [kaufland_products] INFO: Scraped: Ovčí střívka 24/26 15 m na pásu | EAN=5903240581061 | kcal=0.0
2026-03-17 20:42:55 [kaufland_products] WARNING: No nutrition data for: Ovčí střívka 24/26 15 m na pásu
2026-03-17 20:42:57 [kaufland_products] INFO: Scraped: Händlmaiers lahůdková omáčka s medovou hořčicí ve  | EAN=4104720014111 | kcal=278.0
2026-03-17 20:43:00 [kaufland_products] INFO: Scraped: ByodoBezlepková hořčice s hořčičnými semínky (125m | EAN=4018462161302 | kcal=161.0
2026-03-17 20:43:02 [kaufland_products] INFO: Scraped: Händlmaier Koprová hořčičná omáčka Vegan Mild Spic | EAN=4251753731383 | kcal=192.0
2026-03-17 20:43:05 [kaufland_products] INFO: Scraped: Hořčičný prášek Colman | EAN=5000147020003 | kcal=560.0
2026-03-17 20:43:08 [kaufland_products] INFO: Scraped: Händlmaier středně ostrá hořčice Kvalita ve skleni | EAN=42045809 | kcal=0.0
2026-03-17 20:43:08 [kaufland_products] WARNING: No nutrition data for: Händlmaier středně ostrá hořčice Kvalita ve sklenici Veganský obsah 250ml
2026-03-17 20:43:10 [kaufland_products] INFO: Scraped: Středně ostrá hořčice Händlmaier ve stlačovací lah | EAN=4104720020297 | kcal=0.0
2026-03-17 20:43:10 [kaufland_products] WARNING: No nutrition data for: Středně ostrá hořčice Händlmaier ve stlačovací lahvičce Vegan 400 ml
2026-03-17 20:43:13 [kaufland_products] INFO: Scraped: Händlmaier Der Pikant Sladká hořčice středně ostrá | EAN=4104720020563 | kcal=151.0
2026-03-17 20:43:16 [kaufland_products] INFO: Scraped: Händlmaier Dijonská hořčice s chilli, super pálivá | EAN=4251753767757 | kcal=167.0
2026-03-17 20:43:19 [kaufland_products] INFO: Scraped: Händlmaiers domácí hořčice bavorská sladká v kbelí | EAN=4104720000015 | kcal=0.0
2026-03-17 20:43:19 [kaufland_products] WARNING: No nutrition data for: Händlmaiers domácí hořčice bavorská sladká v kbelíku bez lepku 1000g
2026-03-17 20:43:21 [kaufland_products] INFO: Scraped: Händlmaier Stará bavorská hořčice připravená s jem | EAN=4260065316713 | kcal=0.0
2026-03-17 20:43:23 [kaufland_products] INFO: Scraped: Händlmaier grilovací hořčice pikantní a pálivá v t | EAN=4104720004860 | kcal=125.0
2026-03-17 20:43:26 [kaufland_products] INFO: Scraped: Händlmaier Koprová hořčičná omáčka Vegan Mild Spic | EAN=4104720014104 | kcal=192.0
2026-03-17 20:43:29 [kaufland_products] INFO: Scraped: Hořčice - celozrnná 160 ml | EAN=4019736006466 | kcal=147.0
2026-03-17 20:43:31 [kaufland_products] INFO: Scraped: Středně ostrá hořčice Kuehne v porcích ideálních p | EAN=4012200722367 | kcal=104.0
2026-03-17 20:43:34 [kaufland_products] INFO: Scraped: Kuehne Hot Dog Mustard mild ready to serve ve skle | EAN=4012200221808 | kcal=131.0
2026-03-17 20:43:34 [scrapy.extensions.logstats] INFO: Crawled 1107 pages (at 24 pages/min), scraped 1033 items (at 24 items/min)
2026-03-17 20:43:36 [kaufland_products] INFO: Scraped: Metten Křupavé vídeňské párky 690g | EAN=4008401620052 | kcal=248.0
2026-03-17 20:43:39 [kaufland_products] INFO: Scraped: Kuehne středně ostrá hořčice klasická krémová v tu | EAN=4012200223406 | kcal=110.0
2026-03-17 20:43:41 [kaufland_products] INFO: Scraped: Žlutá hořčice Mississippi Barbecue na grilování a  | EAN=0743639100528 743639100528 | kcal=77.0
2026-03-17 20:43:44 [kaufland_products] INFO: Scraped: Maille Dijonská hořčice Original jedinečná silná c | EAN=3036810201280 | kcal=150.0
2026-03-17 20:43:46 [kaufland_products] INFO: Scraped: Hořčice Maille podle staré receptury s bílým vínem | EAN=3036810207589 | kcal=176.0
2026-03-17 20:43:49 [kaufland_products] INFO: Scraped: Heinz Hořčice středně ostrá sáček 100x17ml 1700g | EAN=5000157108203 | kcal=103.0
2026-03-17 20:43:52 [kaufland_products] INFO: Scraped: Hořčice Kühne středně ostrá Squeeze | EAN=4012200222102 | kcal=110.0
2026-03-17 20:43:54 [kaufland_products] INFO: Scraped: Hellmanns žlutá hořčice středně horká uzavíratelná | EAN=8720182446169 | kcal=94.0
2026-03-17 20:43:57 [kaufland_products] INFO: Scraped: Hořčice Bautzen středně pálivá krémová pikantní vy | EAN=4012860003196 | kcal=108.0
2026-03-17 20:44:00 [kaufland_products] INFO: Scraped: Hořčice Bautzen středně ostrá klasická v modrém hr | EAN=4012860003110 | kcal=108.0
2026-03-17 20:44:02 [kaufland_products] INFO: Scraped: Thomy Delikatess hořčice středně ostrá pikantní Tu | EAN=40056043 | kcal=119.0
2026-03-17 20:44:04 [kaufland_products] INFO: Scraped: Domácí hořčice Händlmaiers sladká ve stlačovací la | EAN=4104720020273 | kcal=225.0
2026-03-17 20:44:07 [kaufland_products] INFO: Scraped: Kečup a majonéza Thomy Red and White Double Deligh | EAN=4251753712351 | kcal=434.0
2026-03-17 20:44:09 [kaufland_products] INFO: Scraped: Delikatesní majonéza Thomy s krémovou, pikantní ch | EAN=4005500087083 | kcal=706.0
2026-03-17 20:44:12 [kaufland_products] INFO: Scraped: Homann Salátová majonéza 50 % klasika s jemnou chu | EAN=4030800606030 | kcal=496.0
2026-03-17 20:44:15 [kaufland_products] INFO: Scraped: Thomy Delikatess Remoulade krémová s příchutí byli | EAN=4251753750445 | kcal=703.0
2026-03-17 20:44:17 [kaufland_products] INFO: Scraped: Homann Premium Remoulade bylinná pikantní s kousky | EAN=4030800606016 | kcal=470.0
2026-03-17 20:44:20 [kaufland_products] INFO: Scraped: Remuláda klasika z Dánska Original Danish Remoulad | EAN=4001812021203 | kcal=277.0
2026-03-17 20:44:22 [kaufland_products] INFO: Scraped: Heinz omáčka na hranolky sáčky světle krémová 100  | EAN=5000157104816 | kcal=276.0
2026-03-17 20:44:25 [kaufland_products] INFO: Scraped: Heinz lanýžová majonéza s kousky lanýžů stlačiteln | EAN=8715700120768 | kcal=648.0
2026-03-17 20:44:28 [kaufland_products] INFO: Scraped: Homann Delikatess Remoulade krémová pikantní s řep | EAN=4030800606085 | kcal=700.0
2026-03-17 20:44:31 [kaufland_products] INFO: Scraped: Appel Delikatess Remoulade s hodnotným řepkovým ol | EAN=4020500930283 | kcal=638.0
2026-03-17 20:44:33 [kaufland_products] INFO: Scraped: Winiary - Majonez - Majonéza s 80% řepkového oleje | EAN=5900085011012 | kcal=704.0
2026-03-17 20:44:34 [scrapy.extensions.logstats] INFO: Crawled 1130 pages (at 23 pages/min), scraped 1056 items (at 23 items/min)
2026-03-17 20:44:35 [kaufland_products] INFO: Scraped: Flying Goose Chilli majonézová omáčka cremig pikan | EAN=8853662056661 | kcal=259.0
2026-03-17 20:44:38 [kaufland_products] INFO: Scraped: Delikatesní majonéza Thomy s krémovou, pikantní ch | EAN=40056012 | kcal=721.0
2026-03-17 20:44:40 [kaufland_products] INFO: Scraped: Hamker Salátová majonéza krémová jemně pikantní s  | EAN=4251753711156 | kcal=488.0
2026-03-17 20:44:41 [kaufland_products] INFO: Scraped: Le Picant salátová majonéza Požitek pro všestranno | EAN=4013521100186 | kcal=482.0
2026-03-17 20:44:44 [kaufland_products] INFO: Scraped: Heinz Light Salad Mayonnaise 100 sáčků po 15g 1500 | EAN=5000157104861 | kcal=551.0
2026-03-17 20:44:47 [kaufland_products] INFO: Scraped: Hamker Deli majonéza 80 % krémová jemné chuti 875  | EAN=4003035017261 | kcal=716.0
2026-03-17 20:44:49 [kaufland_products] INFO: Scraped: Hellmanns Real majonéza na omáčky a dipy porcované | EAN=8710522996416 | kcal=709.0
2026-03-17 20:44:50 [kaufland_products] INFO: Scraped: Nadler Salátová majonéza krémová jemná klasická la | EAN=4021900110657 | kcal=477.0
2026-03-17 20:44:52 [kaufland_products] INFO: Scraped: Homann salátová majonéza s 50 % rostlinného oleje  | EAN=4030800434145 | kcal=497.0
2026-03-17 20:44:54 [kaufland_products] INFO: Scraped: Hellmanns Real Mayonnaise na namáčení Originál na  | EAN=8712100839139 | kcal=684.0
2026-03-17 20:44:57 [kaufland_products] INFO: Scraped: Thomy Salátová majonéza krémová s čistým slunečnic | EAN=4005500087076 | kcal=503.0
2026-03-17 20:44:58 [kaufland_products] INFO: Scraped: Heinz majonéza středně hustá sladká krémová pikant | EAN=8715700423630 | kcal=668.0
2026-03-17 20:45:01 [kaufland_products] INFO: Scraped: Nadler Majonéza krémová, plná, klasická, jemná, la | EAN=4021900112354 | kcal=716.0
2026-03-17 20:45:03 [kaufland_products] INFO: Scraped: Homann Vegan Salat-Mayonnaise o.K 875ml | EAN=4030800020119 | kcal=476.0
2026-03-17 20:45:06 [kaufland_products] INFO: Scraped: Hellmann's Vegan Mayo alternativa majonézy Láhev 4 | EAN=8720182902085 | kcal=0.0
2026-03-17 20:45:08 [kaufland_products] INFO: Scraped: Miracel Whip Classic Mayo krémová jemná klasická l | EAN=7622202029776 | kcal=618.0
2026-03-17 20:45:11 [kaufland_products] INFO: Scraped: Appel Delikatess majonéza krémová s hodnotným řepk | EAN=4020500930177 | kcal=754.0
2026-03-17 20:45:14 [kaufland_products] INFO: Scraped: Kewpie Japonská kultovní majonéza Original 355ml / | EAN=8719189240177 | kcal=694.0
2026-03-17 20:45:16 [kaufland_products] INFO: Scraped: Homann Salátová majonéza jemná krémová a jemná 500 | EAN=4030800364596 | kcal=506.0
2026-03-17 20:45:19 [kaufland_products] INFO: Scraped: Thomy Salátová majonéza krémová s čistým slunečnic | EAN=4005500087052 | kcal=509.0
2026-03-17 20:45:21 [kaufland_products] INFO: Scraped: Hela koření kečup kari mírně pálivý s originálním  | EAN=4027400168044 | kcal=136.0
2026-03-17 20:45:23 [kaufland_products] INFO: Scraped: Hela kečup s kari kořením jemný sladce pikantní ná | EAN=4251753727058 | kcal=135.0
2026-03-17 20:45:25 [kaufland_products] INFO: Scraped: Homann Rajčatový kečup 875ml | EAN=4030800046447 | kcal=108.0
2026-03-17 20:45:28 [kaufland_products] INFO: Scraped: Kečup - Dětský s jablečným sladidlem 500ml | EAN=4019736006169 | kcal=82.0
2026-03-17 20:45:31 [kaufland_products] INFO: Scraped: Heinz Rajčatový kečup Stlačovací láhev bez cukru a | EAN=8715700423944 | kcal=64.0
2026-03-17 20:45:33 [kaufland_products] INFO: Scraped: Hela Kečup Mayo Mix Kari s veganskou majonézou bal | EAN=4027400218749 | kcal=0.0
2026-03-17 20:45:34 [scrapy.extensions.logstats] INFO: Crawled 1156 pages (at 26 pages/min), scraped 1082 items (at 26 items/min)
2026-03-17 20:45:36 [kaufland_products] INFO: Scraped: Hela kečup s kari kořením extra pálivý pro všechny | EAN=4027400468076 | kcal=137.0
2026-03-17 20:45:38 [kaufland_products] INFO: Scraped: Kraft Rajčatový kečup originál bez zvýrazňovače ch | EAN=8715700201733 | kcal=97.0
2026-03-17 20:45:40 [kaufland_products] INFO: Scraped: Hela Gewürz Kečup Curry delikat Original s menším  | EAN=4027400171099 | kcal=105.0
2026-03-17 20:45:43 [kaufland_products] INFO: Scraped: Mutti Italský rajčatový kečup, dobré složení, 300  | EAN=8005110004674 | kcal=26.0
2026-03-17 20:45:45 [kaufland_products] INFO: Scraped: Hela rajčatový kečup s přirozeně ovocnou příchutí  | EAN=4251753727072 | kcal=103.0
2026-03-17 20:45:48 [kaufland_products] INFO: Scraped: Barilla Omáčka na těstoviny Arrabbiata Italienisch | EAN=8076809513388 | kcal=245.0
2026-03-17 20:45:50 [kaufland_products] INFO: Scraped: Hela kečup s rajčatovým kořením a jemně pikantní c | EAN=4027400170979 | kcal=126.0
2026-03-17 20:45:52 [kaufland_products] INFO: Scraped: Originální australský kečup s chilli pro dospělé 3 | EAN=0034027111494 34027111494 | kcal=140.0
2026-03-17 20:45:55 [kaufland_products] INFO: Scraped: Roleski Ketchup Premium Łagodny 465 g | EAN=5901044022872 | kcal=123.0
2026-03-17 20:45:58 [kaufland_products] INFO: Scraped: Hela Rajčatový kečup ovocný originál z vyzrálých r | EAN=4027400172805 | kcal=103.0
2026-03-17 20:46:00 [kaufland_products] INFO: Scraped: Hela kečup s kari kořením jemný sladce pikantní ná | EAN=4027400168105 | kcal=135.0
2026-03-17 20:46:02 [kaufland_products] INFO: Scraped: Hela rajčatový kečup s přirozeně ovocnou, lahodnou | EAN=4027400172836 | kcal=103.0
2026-03-17 20:46:04 [kaufland_products] INFO: Scraped: Heinz Kečup rajčatový rajčatovo-ovocný klasický lá | EAN=8715700017006 | kcal=102.0
2026-03-17 20:46:06 [kaufland_products] INFO: Scraped: Hela Gewürz Kečup Curry delikat Original s menším  | EAN=4027400171068 | kcal=105.0
2026-03-17 20:46:09 [kaufland_products] INFO: Scraped: Hela Originální rajčatový kečup bez přidaného cukr | EAN=4027400102116 | kcal=0.0
2026-03-17 20:46:10 [kaufland_products] INFO: Scraped: Rajčatový kečup Hamker na hranolky, steaky a grilo | EAN=4030800078516 | kcal=99.0
2026-03-17 20:46:12 [kaufland_products] INFO: Scraped: Heinz Rajčatový kečup CUBE Sáček ovocný pikantní 1 | EAN=5000157104885 | kcal=102.0
2026-03-17 20:46:15 [kaufland_products] INFO: Scraped: Kečup Hellmanns s ovocnou a rajčatovou příchutí 43 | EAN=8712100839023 | kcal=94.0
2026-03-17 20:46:18 [kaufland_products] INFO: Scraped: Esperanza EKM017W Kráječ elektrický nerezový, bílý | EAN=5901299930410 | kcal=0.0
2026-03-17 20:46:18 [kaufland_products] WARNING: No nutrition data for: Esperanza EKM017W Kráječ elektrický nerezový, bílý plast, nerezová ocel 150 W
2026-03-17 20:46:21 [kaufland_products] INFO: Scraped: Esperanza EKM018K Kráječ elektrický nerezový chrom | EAN=5901299930434 | kcal=0.0
2026-03-17 20:46:21 [kaufland_products] WARNING: No nutrition data for: Esperanza EKM018K Kráječ elektrický nerezový chrom, kov 150 W
2026-03-17 20:46:23 [kaufland_products] INFO: Scraped: Gilotina, ruční - Gilotina na klobásy | EAN=8719481352301 | kcal=0.0
2026-03-17 20:46:23 [kaufland_products] WARNING: No nutrition data for: Gilotina, ruční - Gilotina na klobásy
2026-03-17 20:46:26 [kaufland_products] INFO: Scraped: sada 3 talířů na pizzu Olivová, salámová a oblíben | EAN=4250857296293 | kcal=0.0
2026-03-17 20:46:26 [kaufland_products] WARNING: No nutrition data for: sada 3 talířů na pizzu Olivová, salámová a oblíbená pizza Ø 33,3 cm talíř XL talíř
2026-03-17 20:46:29 [kaufland_products] INFO: Scraped: Orion Box UH na svačinu MONKEY ASS 127307 | EAN=8693395016156 | kcal=0.0
2026-03-17 20:46:29 [kaufland_products] WARNING: No nutrition data for: Orion Box UH na svačinu MONKEY ASS 127307
2026-03-17 20:46:31 [kaufland_products] INFO: Scraped: Mepal Lunchbox Campus Pink | EAN=8711269946993 | kcal=0.0
2026-03-17 20:46:31 [kaufland_products] WARNING: No nutrition data for: Mepal Lunchbox Campus Pink
2026-03-17 20:46:34 [kaufland_products] INFO: Scraped: Dětská kuchyňská linka ze dřeva + příslušenství Hr | EAN=5900291114156 | kcal=0.0
2026-03-17 20:46:34 [kaufland_products] WARNING: No nutrition data for: Dětská kuchyňská linka ze dřeva + příslušenství Hračky do kuchyně
2026-03-17 20:46:34 [scrapy.extensions.logstats] INFO: Crawled 1181 pages (at 25 pages/min), scraped 1107 items (at 25 items/min)
2026-03-17 20:46:37 [kaufland_products] INFO: Scraped: Mepal break set Campus (láhev na pití + krabička n | EAN=8711269987873 | kcal=0.0
2026-03-17 20:46:37 [kaufland_products] WARNING: No nutrition data for: Mepal break set Campus (láhev na pití + krabička na oběd) - Dino
2026-03-17 20:46:39 [kaufland_products] INFO: Scraped: sada 6 talířů na pizzu Olivová, salámová a oblíben | EAN=4250857296262 | kcal=0.0
2026-03-17 20:46:39 [kaufland_products] WARNING: No nutrition data for: sada 6 talířů na pizzu Olivová, salámová a oblíbená pizza Ø 31 cm talíř XL talíř
2026-03-17 20:46:42 [kaufland_products] INFO: Scraped: Sada na pizzu Příslušenství ze dřeva pro dětskou k | EAN=5900779934900 | kcal=0.0
2026-03-17 20:46:42 [kaufland_products] WARNING: No nutrition data for: Sada na pizzu Příslušenství ze dřeva pro dětskou kuchyňku a obchod Včetně prkénka a kráječe na pizzu 27 kusů 9354
2026-03-17 20:46:47 [kaufland_products] INFO: Scraped: sada 6 talířů na pizzu Olivová, salámová a oblíben | EAN=4250857296279 | kcal=0.0
2026-03-17 20:46:47 [kaufland_products] WARNING: No nutrition data for: sada 6 talířů na pizzu Olivová, salámová a oblíbená pizza Ø 33,3 cm talíř XL talíř
2026-03-17 20:46:53 [kaufland_products] INFO: Scraped: Dřevěná sada na pizzu příslušenství pro dětskou ku | EAN=5900779946040 | kcal=0.0
2026-03-17 20:46:53 [kaufland_products] WARNING: No nutrition data for: Dřevěná sada na pizzu příslušenství pro dětskou kuchyňku a obchod Včetně prkénka a kráječe na pizzu 27 kusů 22471
2026-03-17 20:46:57 [kaufland_products] INFO: Scraped: Salumificio Rossi - Salame Felino IGP - Celé - 0,7 | EAN=8033462251873 | kcal=0.0
2026-03-17 20:46:57 [kaufland_products] WARNING: No nutrition data for: Salumificio Rossi - Salame Felino IGP - Celé - 0,75/0,95 Kg
2026-03-17 20:47:04 [kaufland_products] INFO: Scraped: Pikantní roztíratelný vepřový salám (‘nduja di Spi | EAN=8050043440365 | kcal=0.0
2026-03-17 20:47:09 [kaufland_products] INFO: Scraped: Delizie Calabria Nduja italská klobása salám 135 g | EAN=8007548011279 | kcal=604.0
2026-03-17 20:47:15 [kaufland_products] INFO: Scraped: Bifi Carazza Pizza Snack plněná pizzovou omáčkou P | EAN=4251097400259 | kcal=374.0
2026-03-17 20:47:20 [kaufland_products] INFO: Scraped: Bifi Mini Salám Original bez umělých aromat a barv | EAN=4251097400792 | kcal=0.0
2026-03-17 20:47:25 [kaufland_products] INFO: Scraped: Cantaluppi Tavernerio - Salame Mantovano - celé -  | EAN=7427266699336 | kcal=0.0
2026-03-17 20:47:25 [kaufland_products] WARNING: No nutrition data for: Cantaluppi Tavernerio - Salame Mantovano - celé - 0,8/1,3 Kg
2026-03-17 20:47:31 [kaufland_products] INFO: [sůl] page 1: found 30 product links
2026-03-17 20:47:34 [scrapy.extensions.logstats] INFO: Crawled 1193 pages (at 12 pages/min), scraped 1118 items (at 11 items/min)
2026-03-17 20:47:36 [kaufland_products] INFO: [čaj] page 1: found 28 product links
2026-03-17 20:47:43 [scrapy-playwright] WARNING: Closing page due to failed request: <GET https://www.kaufland.cz/s/?search_value=cukr> exc_type=<class 'playwright._impl._errors.TimeoutError'> exc_msg=Page.wait_for_selector: Timeout 15000ms exceeded.
Call log:
  - waiting for locator("a[href*='/product/']") to be visible
Traceback (most recent call last):
  File "/home/krokviak/.local/lib/python3.12/site-packages/scrapy_playwright/handler.py", line 480, in _download_request_with_retry
    return await self._download_request_with_page(request, page, spider)
           ^^^^^^^^^^^^^^^^^^^^^^^^^^^^^^^^^^^^^^^^^^^^^^^^^^^^^^^^^^^^^
  File "/home/krokviak/.local/lib/python3.12/site-packages/scrapy_playwright/handler.py", line 528, in _download_request_with_page
    await self._apply_page_methods(page, request, spider)
  File "/home/krokviak/.local/lib/python3.12/site-packages/scrapy_playwright/handler.py", line 678, in _apply_page_methods
    pm.result = await _maybe_await(method(*pm.args, **pm.kwargs))
                ^^^^^^^^^^^^^^^^^^^^^^^^^^^^^^^^^^^^^^^^^^^^^^^^^
  File "/home/krokviak/.local/lib/python3.12/site-packages/scrapy_playwright/_utils.py", line 23, in _maybe_await
    return await obj
           ^^^^^^^^^
  File "/home/krokviak/.local/lib/python3.12/site-packages/playwright/async_api/_generated.py", line 8234, in wait_for_selector
    await self._impl_obj.wait_for_selector(
  File "/home/krokviak/.local/lib/python3.12/site-packages/playwright/_impl/_page.py", line 419, in wait_for_selector
    return await self._main_frame.wait_for_selector(**locals_to_params(locals()))
           ^^^^^^^^^^^^^^^^^^^^^^^^^^^^^^^^^^^^^^^^^^^^^^^^^^^^^^^^^^^^^^^^^^^^^^
  File "/home/krokviak/.local/lib/python3.12/site-packages/playwright/_impl/_frame.py", line 369, in wait_for_selector
    await self._channel.send(
  File "/home/krokviak/.local/lib/python3.12/site-packages/playwright/_impl/_connection.py", line 69, in send
    return await self._connection.wrap_api_call(
           ^^^^^^^^^^^^^^^^^^^^^^^^^^^^^^^^^^^^^
  File "/home/krokviak/.local/lib/python3.12/site-packages/playwright/_impl/_connection.py", line 559, in wrap_api_call
    raise rewrite_error(error, f"{parsed_st['apiName']}: {error}") from None
playwright._impl._errors.TimeoutError: Page.wait_for_selector: Timeout 15000ms exceeded.
Call log:
  - waiting for locator("a[href*='/product/']") to be visible

2026-03-17 20:47:43 [kaufland_products] WARNING: Request failed: https://www.kaufland.cz/s/?search_value=cukr: Page.wait_for_selector: Timeout 15000ms exceeded.
Call log:
  - waiting for locator("a[href*='/product/']") to be visible

2026-03-17 20:47:44 [kaufland_products] INFO: [čaj] page 2: found 28 product links
2026-03-17 20:47:48 [scrapy-playwright] WARNING: Closing page due to failed request: <GET https://www.kaufland.cz/s/?search_value=ko%C5%99en%C3%AD> exc_type=<class 'playwright._impl._errors.TimeoutError'> exc_msg=Page.wait_for_selector: Timeout 15000ms exceeded.
Call log:
  - waiting for locator("a[href*='/product/']") to be visible
Traceback (most recent call last):
  File "/home/krokviak/.local/lib/python3.12/site-packages/scrapy_playwright/handler.py", line 480, in _download_request_with_retry
    return await self._download_request_with_page(request, page, spider)
           ^^^^^^^^^^^^^^^^^^^^^^^^^^^^^^^^^^^^^^^^^^^^^^^^^^^^^^^^^^^^^
  File "/home/krokviak/.local/lib/python3.12/site-packages/scrapy_playwright/handler.py", line 528, in _download_request_with_page
    await self._apply_page_methods(page, request, spider)
  File "/home/krokviak/.local/lib/python3.12/site-packages/scrapy_playwright/handler.py", line 678, in _apply_page_methods
    pm.result = await _maybe_await(method(*pm.args, **pm.kwargs))
                ^^^^^^^^^^^^^^^^^^^^^^^^^^^^^^^^^^^^^^^^^^^^^^^^^
  File "/home/krokviak/.local/lib/python3.12/site-packages/scrapy_playwright/_utils.py", line 23, in _maybe_await
    return await obj
           ^^^^^^^^^
  File "/home/krokviak/.local/lib/python3.12/site-packages/playwright/async_api/_generated.py", line 8234, in wait_for_selector
    await self._impl_obj.wait_for_selector(
  File "/home/krokviak/.local/lib/python3.12/site-packages/playwright/_impl/_page.py", line 419, in wait_for_selector
    return await self._main_frame.wait_for_selector(**locals_to_params(locals()))
           ^^^^^^^^^^^^^^^^^^^^^^^^^^^^^^^^^^^^^^^^^^^^^^^^^^^^^^^^^^^^^^^^^^^^^^
  File "/home/krokviak/.local/lib/python3.12/site-packages/playwright/_impl/_frame.py", line 369, in wait_for_selector
    await self._channel.send(
  File "/home/krokviak/.local/lib/python3.12/site-packages/playwright/_impl/_connection.py", line 69, in send
    return await self._connection.wrap_api_call(
           ^^^^^^^^^^^^^^^^^^^^^^^^^^^^^^^^^^^^^
  File "/home/krokviak/.local/lib/python3.12/site-packages/playwright/_impl/_connection.py", line 559, in wrap_api_call
    raise rewrite_error(error, f"{parsed_st['apiName']}: {error}") from None
playwright._impl._errors.TimeoutError: Page.wait_for_selector: Timeout 15000ms exceeded.
Call log:
  - waiting for locator("a[href*='/product/']") to be visible

2026-03-17 20:47:48 [kaufland_products] WARNING: Request failed: https://www.kaufland.cz/s/?search_value=ko%C5%99en%C3%AD: Page.wait_for_selector: Timeout 15000ms exceeded.
Call log:
  - waiting for locator("a[href*='/product/']") to be visible

2026-03-17 20:47:48 [kaufland_products] INFO: [čaj] page 3: found 23 product links
2026-03-17 20:47:52 [scrapy-playwright] WARNING: Closing page due to failed request: <GET https://www.kaufland.cz/s/?search_value=s%C5%AFl&page=2> exc_type=<class 'playwright._impl._errors.TimeoutError'> exc_msg=Page.wait_for_selector: Timeout 15000ms exceeded.
Call log:
  - waiting for locator("a[href*='/product/']") to be visible
Traceback (most recent call last):
  File "/home/krokviak/.local/lib/python3.12/site-packages/scrapy_playwright/handler.py", line 480, in _download_request_with_retry
    return await self._download_request_with_page(request, page, spider)
           ^^^^^^^^^^^^^^^^^^^^^^^^^^^^^^^^^^^^^^^^^^^^^^^^^^^^^^^^^^^^^
  File "/home/krokviak/.local/lib/python3.12/site-packages/scrapy_playwright/handler.py", line 528, in _download_request_with_page
    await self._apply_page_methods(page, request, spider)
  File "/home/krokviak/.local/lib/python3.12/site-packages/scrapy_playwright/handler.py", line 678, in _apply_page_methods
    pm.result = await _maybe_await(method(*pm.args, **pm.kwargs))
                ^^^^^^^^^^^^^^^^^^^^^^^^^^^^^^^^^^^^^^^^^^^^^^^^^
  File "/home/krokviak/.local/lib/python3.12/site-packages/scrapy_playwright/_utils.py", line 23, in _maybe_await
    return await obj
           ^^^^^^^^^
  File "/home/krokviak/.local/lib/python3.12/site-packages/playwright/async_api/_generated.py", line 8234, in wait_for_selector
    await self._impl_obj.wait_for_selector(
  File "/home/krokviak/.local/lib/python3.12/site-packages/playwright/_impl/_page.py", line 419, in wait_for_selector
    return await self._main_frame.wait_for_selector(**locals_to_params(locals()))
           ^^^^^^^^^^^^^^^^^^^^^^^^^^^^^^^^^^^^^^^^^^^^^^^^^^^^^^^^^^^^^^^^^^^^^^
  File "/home/krokviak/.local/lib/python3.12/site-packages/playwright/_impl/_frame.py", line 369, in wait_for_selector
    await self._channel.send(
  File "/home/krokviak/.local/lib/python3.12/site-packages/playwright/_impl/_connection.py", line 69, in send
    return await self._connection.wrap_api_call(
           ^^^^^^^^^^^^^^^^^^^^^^^^^^^^^^^^^^^^^
  File "/home/krokviak/.local/lib/python3.12/site-packages/playwright/_impl/_connection.py", line 559, in wrap_api_call
    raise rewrite_error(error, f"{parsed_st['apiName']}: {error}") from None
playwright._impl._errors.TimeoutError: Page.wait_for_selector: Timeout 15000ms exceeded.
Call log:
  - waiting for locator("a[href*='/product/']") to be visible

2026-03-17 20:47:53 [kaufland_products] WARNING: Request failed: https://www.kaufland.cz/s/?search_value=s%C5%AFl&page=2: Page.wait_for_selector: Timeout 15000ms exceeded.
Call log:
  - waiting for locator("a[href*='/product/']") to be visible

2026-03-17 20:47:53 [kaufland_products] INFO: Scraped: Čajová konvice Středozemní broskev sladká a ovocná | EAN=4009300014164 | kcal=0.0
2026-03-17 20:47:59 [kaufland_products] INFO: Scraped: Konvice na čaj Italská limetka | EAN=4009300014492 | kcal=8.0
2026-03-17 20:48:05 [kaufland_products] INFO: Scraped: Ahmad Tea - Mango & Lychee 30g, 20 sáčků | EAN=54881017862 0054881017862 | kcal=0.0
2026-03-17 20:48:05 [kaufland_products] WARNING: No nutrition data for: Ahmad Tea - Mango & Lychee 30g, 20 sáčků
2026-03-17 20:48:09 [scrapy-playwright] WARNING: Closing page due to failed request: <GET https://www.kaufland.cz/s/?search_value=%C4%8Daj&page=4> exc_type=<class 'playwright._impl._errors.TimeoutError'> exc_msg=Page.wait_for_selector: Timeout 15000ms exceeded.
Call log:
  - waiting for locator("a[href*='/product/']") to be visible
Traceback (most recent call last):
  File "/home/krokviak/.local/lib/python3.12/site-packages/scrapy_playwright/handler.py", line 480, in _download_request_with_retry
    return await self._download_request_with_page(request, page, spider)
           ^^^^^^^^^^^^^^^^^^^^^^^^^^^^^^^^^^^^^^^^^^^^^^^^^^^^^^^^^^^^^
  File "/home/krokviak/.local/lib/python3.12/site-packages/scrapy_playwright/handler.py", line 528, in _download_request_with_page
    await self._apply_page_methods(page, request, spider)
  File "/home/krokviak/.local/lib/python3.12/site-packages/scrapy_playwright/handler.py", line 678, in _apply_page_methods
    pm.result = await _maybe_await(method(*pm.args, **pm.kwargs))
                ^^^^^^^^^^^^^^^^^^^^^^^^^^^^^^^^^^^^^^^^^^^^^^^^^
  File "/home/krokviak/.local/lib/python3.12/site-packages/scrapy_playwright/_utils.py", line 23, in _maybe_await
    return await obj
           ^^^^^^^^^
  File "/home/krokviak/.local/lib/python3.12/site-packages/playwright/async_api/_generated.py", line 8234, in wait_for_selector
    await self._impl_obj.wait_for_selector(
  File "/home/krokviak/.local/lib/python3.12/site-packages/playwright/_impl/_page.py", line 419, in wait_for_selector
    return await self._main_frame.wait_for_selector(**locals_to_params(locals()))
           ^^^^^^^^^^^^^^^^^^^^^^^^^^^^^^^^^^^^^^^^^^^^^^^^^^^^^^^^^^^^^^^^^^^^^^
  File "/home/krokviak/.local/lib/python3.12/site-packages/playwright/_impl/_frame.py", line 369, in wait_for_selector
    await self._channel.send(
  File "/home/krokviak/.local/lib/python3.12/site-packages/playwright/_impl/_connection.py", line 69, in send
    return await self._connection.wrap_api_call(
           ^^^^^^^^^^^^^^^^^^^^^^^^^^^^^^^^^^^^^
  File "/home/krokviak/.local/lib/python3.12/site-packages/playwright/_impl/_connection.py", line 559, in wrap_api_call
    raise rewrite_error(error, f"{parsed_st['apiName']}: {error}") from None
playwright._impl._errors.TimeoutError: Page.wait_for_selector: Timeout 15000ms exceeded.
Call log:
  - waiting for locator("a[href*='/product/']") to be visible

2026-03-17 20:48:09 [kaufland_products] WARNING: Request failed: https://www.kaufland.cz/s/?search_value=%C4%8Daj&page=4: Page.wait_for_selector: Timeout 15000ms exceeded.
Call log:
  - waiting for locator("a[href*='/product/']") to be visible

2026-03-17 20:48:12 [kaufland_products] INFO: Scraped: Čajová konvice Chinese Sencha Mild Green Tea Apple | EAN=4009300011040 | kcal=1.0
2026-03-17 20:48:17 [kaufland_products] INFO: Scraped: Čajová konvice Blueberry Muffin Unique Sladký arom | EAN=4009300013372 | kcal=2.0
2026-03-17 20:48:22 [kaufland_products] INFO: Scraped: TEEKANNE 7240 Teekanne Strawb. CC 18 Btl | EAN=4009300013792 | kcal=2.0
2026-03-17 20:48:27 [kaufland_products] INFO: Scraped: Čajová konvice ovocný a aromatický ovocný čaj z le | EAN=4009300011750 | kcal=2.0
2026-03-17 20:48:31 [kaufland_products] INFO: Scraped: Čajová konvice Caramel Apple Pie jedinečný sladký  | EAN=4009300012559 | kcal=2.0
2026-03-17 20:48:34 [scrapy.extensions.logstats] INFO: Crawled 1204 pages (at 11 pages/min), scraped 1126 items (at 8 items/min)
2026-03-17 20:48:38 [kaufland_products] INFO: Scraped: Čajová konvice kopřivová směs kořeněný aromatický  | EAN=4009300016922 | kcal=0.0
2026-03-17 20:48:38 [kaufland_products] WARNING: No nutrition data for: Čajová konvice kopřivová směs kořeněný aromatický bylinný čaj 40g
2026-03-17 20:48:44 [kaufland_products] INFO: Scraped: Čajová konvice Zázvor Pomeranč Bylinný čaj ovocná  | EAN=4009300014720 | kcal=0.0
2026-03-17 20:48:48 [kaufland_products] INFO: Scraped: Čajová konvice šípková růže individuálně zahalená  | EAN=4009300005834 | kcal=2.0
2026-03-17 20:48:55 [kaufland_products] INFO: Scraped: Čajová konvice heřmánek 20 balených dvoukomorových | EAN=4009300005841 | kcal=1.0
2026-03-17 20:48:59 [kaufland_products] INFO: Scraped: Konvice Glühfix | EAN=4009300016045 | kcal=0.0
2026-03-17 20:48:59 [kaufland_products] WARNING: No nutrition data for: Konvice Glühfix
2026-03-17 20:49:05 [kaufland_products] INFO: Scraped: Čajová konvice Little Sin Ovocný čaj s příchutí bo | EAN=4009300006510 | kcal=0.0
2026-03-17 20:49:13 [kaufland_products] INFO: Scraped: LOVARÉ Bergamot Assorted coll. 64g (32 sáčků, kole | EAN=4820198879822 | kcal=104.0
2026-03-17 20:49:17 [kaufland_products] INFO: Scraped: Ovocný čaj Lipton Grapefruit & Orange, balení po 2 | EAN=8720608014248 | kcal=0.0
2026-03-17 20:49:17 [kaufland_products] WARNING: No nutrition data for: Ovocný čaj Lipton Grapefruit & Orange, balení po 20 kusech
2026-03-17 20:49:22 [kaufland_products] INFO: Scraped: EALDWIN Jasmine & Apricot 40g (20 sáčků, zelený ča | EAN=4792055031202 | kcal=0.0
2026-03-17 20:49:22 [kaufland_products] WARNING: No nutrition data for: EALDWIN Jasmine & Apricot 40g (20 sáčků, zelený čaj)
2026-03-17 20:49:27 [kaufland_products] INFO: Scraped: LOVARÉ Berry Jam 36g (24 sáčků, bylinný čaj) | EAN=4820198872748 | kcal=1.0
2026-03-17 20:49:32 [kaufland_products] INFO: Scraped: Čajová konvice Japonský festival třešňových květů  | EAN=4009300013075 | kcal=2.0
2026-03-17 20:49:34 [scrapy.extensions.logstats] INFO: Crawled 1215 pages (at 11 pages/min), scraped 1137 items (at 11 items/min)
2026-03-17 20:49:39 [kaufland_products] INFO: Scraped: Konvička Hot Love s jemnou malinovou a krémovou va | EAN=4009300005223 | kcal=0.0
2026-03-17 20:49:39 [kaufland_products] WARNING: No nutrition data for: Konvička Hot Love s jemnou malinovou a krémovou vanilkovou příchutí 45g
2026-03-17 20:49:44 [kaufland_products] INFO: Scraped: Čajová konvice frio peach passion fruit 18 čajovýc | EAN=4009300012078 | kcal=0.0
2026-03-17 20:49:44 [kaufland_products] WARNING: No nutrition data for: Čajová konvice frio peach passion fruit 18 čajových sáčků pro studený nálev 45g
2026-03-17 20:49:50 [kaufland_products] INFO: Scraped: Meßmer Směs 6 bylinek pikantní aromatický 25 čajov | EAN=4001257160000 | kcal=1.0
2026-03-17 20:49:56 [kaufland_products] INFO: Scraped: Čajová konvice Švédský borůvkový ovocný sladký ovo | EAN=4009300016946 | kcal=0.0
2026-03-17 20:50:00 [kaufland_products] INFO: Scraped: SELEN Původní turecký jablečný čaj | EAN=4260261750625 | kcal=0.0
2026-03-17 20:50:00 [kaufland_products] WARNING: No nutrition data for: SELEN Původní turecký jablečný čaj
2026-03-17 20:50:06 [kaufland_products] INFO: Scraped: Čajová konvice pikantní slézový ibiškový čaj cenné | EAN=4009300005858 | kcal=1.0
2026-03-17 20:50:08 [kaufland_products] INFO: Scraped: Čajová konvice Rooibos s příchutí vanilky 35g | EAN=4009300012719 | kcal=0.0
2026-03-17 20:50:08 [kaufland_products] WARNING: No nutrition data for: Čajová konvice Rooibos s příchutí vanilky 35g
2026-03-17 20:50:10 [kaufland_products] INFO: Scraped: Lipton bylinný čaj meduňka s třešní, balení po 20  | EAN=8720608010431 | kcal=0.0
2026-03-17 20:50:10 [kaufland_products] WARNING: No nutrition data for: Lipton bylinný čaj meduňka s třešní, balení po 20 kusech
2026-03-17 20:50:13 [kaufland_products] INFO: Scraped: Meßmer Himmelszauber ovocný čaj s příchutí meruňky | EAN=4002221016200 | kcal=0.0
2026-03-17 20:50:13 [kaufland_products] WARNING: No nutrition data for: Meßmer Himmelszauber ovocný čaj s příchutí meruňky a mandlí 55g
2026-03-17 20:50:15 [kaufland_products] INFO: Scraped: Yogi Tea®Ajurvédský čaj Pumpkin Chai (17ks), 10034 | EAN=4012824405462 | kcal=0.0
2026-03-17 20:50:15 [kaufland_products] WARNING: No nutrition data for: Yogi Tea®Ajurvédský čaj Pumpkin Chai (17ks), 100347
2026-03-17 20:50:19 [kaufland_products] INFO: Scraped: Čajová konvice Italský sladký ovocný čaj s třešněm | EAN=4009300016953 | kcal=2.0
2026-03-17 20:50:22 [kaufland_products] INFO: Scraped: Čajový dům ostružinový malinový ovocný čaj ovocný  | EAN=4009300004806 | kcal=0.0
2026-03-17 20:50:22 [kaufland_products] WARNING: No nutrition data for: Čajový dům ostružinový malinový ovocný čaj ovocný čerstvý s příchutí 90g
2026-03-17 20:50:25 [kaufland_products] INFO: Scraped: Čajová konvice Princess Lillifee Jahoda malina ovo | EAN=4009300009894 | kcal=0.0
2026-03-17 20:50:25 [kaufland_products] WARNING: No nutrition data for: Čajová konvice Princess Lillifee Jahoda malina ovocný čaj 55g
2026-03-17 20:50:27 [kaufland_products] INFO: Scraped: Herba Peppermint osvěžující mátový čaj 25 sáčků 37 | EAN=4009300018186 | kcal=0.0
2026-03-17 20:50:27 [kaufland_products] WARNING: No nutrition data for: Herba Peppermint osvěžující mátový čaj 25 sáčků 37g
2026-03-17 20:50:30 [kaufland_products] INFO: Scraped: LOVARÉ Berry Jam 30g (15 pyramid, bylinný čaj) | EAN=4820198874643 | kcal=0.0
2026-03-17 20:50:30 [kaufland_products] WARNING: No nutrition data for: LOVARÉ Berry Jam 30g (15 pyramid, bylinný čaj)
2026-03-17 20:50:33 [kaufland_products] INFO: Scraped: Tea house broskvový mučenkový exotický sladký ovoc | EAN=4009300016625 | kcal=0.0
2026-03-17 20:50:33 [kaufland_products] WARNING: No nutrition data for: Tea house broskvový mučenkový exotický sladký ovocný čaj 38 sáčků 76g
2026-03-17 20:50:34 [scrapy.extensions.logstats] INFO: Crawled 1231 pages (at 16 pages/min), scraped 1153 items (at 16 items/min)
2026-03-17 20:50:39 [kaufland_products] INFO: Scraped: Černý čaj, jahoda, 20x 1,5 g, DILMAH | EAN=9312631142228 | kcal=0.0
2026-03-17 20:50:39 [kaufland_products] WARNING: No nutrition data for: Černý čaj, jahoda, 20x 1,5 g, DILMAH
2026-03-17 20:50:40 [kaufland_products] INFO: Scraped: Meßmer zimní punč ovocný čaj s příchutí svařeného  | EAN=4002221041530 | kcal=0.0
2026-03-17 20:50:40 [kaufland_products] WARNING: No nutrition data for: Meßmer zimní punč ovocný čaj s příchutí svařeného vína 20 sáčků 50g
2026-03-17 20:50:43 [kaufland_products] INFO: Scraped: Bünting Tea Winter Warmth sypaný 200g | EAN=4008837226033 | kcal=0.0
2026-03-17 20:50:43 [kaufland_products] WARNING: No nutrition data for: Bünting Tea Winter Warmth sypaný 200g
2026-03-17 20:50:45 [kaufland_products] INFO: Scraped: Teekanne Premium Selection assortment box bylinné  | EAN=9001475472676 | kcal=0.0
2026-03-17 20:50:45 [kaufland_products] WARNING: No nutrition data for: Teekanne Premium Selection assortment box bylinné a ovocné čaje 363g
2026-03-17 20:50:48 [kaufland_products] INFO: Scraped: Yogi Tea®Ajurvédský čaj Christmas Tea (17ks), 5573 | EAN=4012824404229 | kcal=0.0
2026-03-17 20:50:48 [kaufland_products] WARNING: No nutrition data for: Yogi Tea®Ajurvédský čaj Christmas Tea (17ks), 55738
2026-03-17 20:50:53 [kaufland_products] INFO: Scraped: Meßmer Jablečný závin sladkokyselý ovocný čaj 18 č | EAN=4002221029057 | kcal=0.0
2026-03-17 20:50:53 [kaufland_products] WARNING: No nutrition data for: Meßmer Jablečný závin sladkokyselý ovocný čaj 18 čajových sáčků 40g
2026-03-17 20:50:55 [kaufland_products] INFO: Scraped: LOVARÉ Sapphire Bergamot 48g (24 sáčků, černý čaj) | EAN=4823115404763 | kcal=0.0
2026-03-17 20:50:55 [kaufland_products] WARNING: No nutrition data for: LOVARÉ Sapphire Bergamot 48g (24 sáčků, černý čaj)
2026-03-17 20:50:59 [kaufland_products] INFO: Scraped: Meßmer zelený čaj s příchutí vanilky 25 čajových s | EAN=4001257000122 | kcal=1.0
2026-03-17 20:51:02 [kaufland_products] INFO: Scraped: LOVARÉ Flower Tea Assorted coll. 48g (32 sáčků, ko | EAN=4820198879686 | kcal=115.0
2026-03-17 20:51:04 [kaufland_products] INFO: Scraped: PEUGEOT Mlýnek na pepř Paris Olive Wood 22cm | EAN=4006950038175 | kcal=0.0
2026-03-17 20:51:04 [kaufland_products] WARNING: No nutrition data for: PEUGEOT Mlýnek na pepř Paris Olive Wood 22cm
2026-03-17 20:51:07 [kaufland_products] INFO: Scraped: Himálajská kamenná sůl - jemná 1 kg | EAN=4016512062296 | kcal=0.0
2026-03-17 20:51:07 [kaufland_products] WARNING: No nutrition data for: Himálajská kamenná sůl - jemná 1 kg
2026-03-17 20:51:11 [kaufland_products] INFO: Scraped: esco Streusalz 09450621 125kg | EAN=4003885428002 | kcal=0.0
2026-03-17 20:51:11 [kaufland_products] WARNING: No nutrition data for: esco Streusalz 09450621 125kg
2026-03-17 20:51:14 [kaufland_products] INFO: Scraped: Atlantická mořská sůl - hrubá 500g | EAN=4024297013006 | kcal=0.0
2026-03-17 20:51:14 [kaufland_products] WARNING: No nutrition data for: Atlantická mořská sůl - hrubá 500g
2026-03-17 20:51:17 [kaufland_products] INFO: Scraped: Posypová sůl 25 kg | EAN=8595697005541 | kcal=0.0
2026-03-17 20:51:17 [kaufland_products] WARNING: No nutrition data for: Posypová sůl 25 kg
2026-03-17 20:51:19 [kaufland_products] INFO: Scraped: Bad Reichenhaller značková jodová sůl čistá alpská | EAN=4001475102097 | kcal=0.0
2026-03-17 20:51:19 [kaufland_products] WARNING: No nutrition data for: Bad Reichenhaller značková jodová sůl čistá alpská sůl přírodní solanka 15000g
2026-03-17 20:51:22 [kaufland_products] INFO: Scraped: Sonnentor 465205, 150 g, 0,5 mm, 1 mm, Krabice | EAN=9004145007147 | kcal=0.0
2026-03-17 20:51:22 [kaufland_products] WARNING: No nutrition data for: Sonnentor 465205, 150 g, 0,5 mm, 1 mm, Krabice
2026-03-17 20:51:25 [kaufland_products] INFO: Scraped: Gros Sel de Guerande hrubá šedá mořská sůl v plátě | EAN=3445850053023 | kcal=0.0
2026-03-17 20:51:25 [kaufland_products] WARNING: No nutrition data for: Gros Sel de Guerande hrubá šedá mořská sůl v plátěném sáčku 750g
2026-03-17 20:51:28 [kaufland_products] INFO: Scraped: Bad Reichenhaller jodidovaná sůl+fluorid 500g | EAN=4001475105609 | kcal=0.0
2026-03-17 20:51:28 [kaufland_products] WARNING: No nutrition data for: Bad Reichenhaller jodidovaná sůl+fluorid 500g
2026-03-17 20:51:30 [kaufland_products] INFO: Scraped: Atlantik Meersalz - Fein 1Kg | EAN=3431590000021 | kcal=0.0
2026-03-17 20:51:30 [kaufland_products] WARNING: No nutrition data for: Atlantik Meersalz - Fein 1Kg
2026-03-17 20:51:34 [scrapy.extensions.logstats] INFO: Crawled 1250 pages (at 19 pages/min), scraped 1172 items (at 19 items/min)
2026-03-17 20:51:35 [kaufland_products] INFO: Scraped: Aquasale mořská sůl jemná 500g | EAN=4001475211621 | kcal=0.0
2026-03-17 20:51:35 [kaufland_products] WARNING: No nutrition data for: Aquasale mořská sůl jemná 500g
2026-03-17 20:51:38 [kaufland_products] INFO: Scraped: Prvotní sůl 1kg | EAN=4016512062142 | kcal=0.0
2026-03-17 20:51:38 [kaufland_products] WARNING: No nutrition data for: Prvotní sůl 1kg
2026-03-17 20:51:40 [kaufland_products] INFO: Scraped: Bad Reichenhaller AlpenJodSalz plechovka 500g | EAN=4001475102677 | kcal=0.0
2026-03-17 20:51:43 [kaufland_products] INFO: Scraped: Jodizovaná sůl značky Bad Reichenhaller v mini por | EAN=4003148484226 | kcal=0.0
2026-03-17 20:51:43 [kaufland_products] WARNING: No nutrition data for: Jodizovaná sůl značky Bad Reichenhaller v mini porcovaných baleních 2000 kusů
2026-03-17 20:51:46 [kaufland_products] INFO: Scraped: Hellma Solné tyčinky 750 porcí Formát tyčinek Porc | EAN=4003148484301 | kcal=0.0
2026-03-17 20:51:46 [kaufland_products] WARNING: No nutrition data for: Hellma Solné tyčinky 750 porcí Formát tyčinek Porcovaná sůl 750g
2026-03-17 20:51:51 [kaufland_products] INFO: Scraped: Aquasale hrubozrnná mořská sůl 1000g | EAN=4001475112638 | kcal=0.0
2026-03-17 20:51:51 [kaufland_products] WARNING: No nutrition data for: Aquasale hrubozrnná mořská sůl 1000g
2026-03-17 20:51:53 [kaufland_products] INFO: Scraped: Ursalz - šejkr 400g | EAN=4016512062104 | kcal=0.0
2026-03-17 20:51:53 [kaufland_products] WARNING: No nutrition data for: Ursalz - šejkr 400g
2026-03-17 20:51:55 [kaufland_products] INFO: Scraped: Bad Reichenhall bylinná jodizovaná sůl 300g | EAN=4001475116773 | kcal=1.08
2026-03-17 20:51:59 [kaufland_products] INFO: Scraped: Prvotní sůl - kbelík 12 kg | EAN=4016512062180 | kcal=0.0
2026-03-17 20:51:59 [kaufland_products] WARNING: No nutrition data for: Prvotní sůl - kbelík 12 kg
2026-03-17 20:52:02 [kaufland_products] INFO: Scraped: Murray River Salt nedotčená jemná solanka bohatá n | EAN=9332191000011 | kcal=0.0
2026-03-17 20:52:02 [kaufland_products] WARNING: No nutrition data for: Murray River Salt nedotčená jemná solanka bohatá na minerály 250g
2026-03-17 20:52:05 [kaufland_products] INFO: Scraped: Maldon Sea Salt Flakes přírodní jemná mořská sůl v | EAN=5011428100048 | kcal=0.0
2026-03-17 20:52:05 [kaufland_products] WARNING: No nutrition data for: Maldon Sea Salt Flakes přírodní jemná mořská sůl vločky koření 250g
2026-03-17 20:52:07 [kaufland_products] INFO: Scraped: Kala Namak - ájurvédská černá sůl 150g | EAN=4038507010709 | kcal=0.0
2026-03-17 20:52:07 [kaufland_products] WARNING: No nutrition data for: Kala Namak - ájurvédská černá sůl 150g
2026-03-17 20:52:10 [kaufland_products] INFO: Scraped: Vločková mořská sůl z Kypru, 70 g | EAN=8000571082322 | kcal=0.0
2026-03-17 20:52:10 [kaufland_products] WARNING: No nutrition data for: Vločková mořská sůl z Kypru, 70 g
2026-03-17 20:52:12 [kaufland_products] INFO: Scraped: Piranske Soline Solni cvet (Fleur de Sel) Přírodní | EAN=3831087754244 | kcal=0.0
2026-03-17 20:52:12 [kaufland_products] WARNING: No nutrition data for: Piranske Soline Solni cvet (Fleur de Sel) Přírodní, ručně sbíraná, nerafinovaná mořská sůl 250 g kartonová plechovka
2026-03-17 20:52:17 [kaufland_products] INFO: Scraped: Bad Reichenhall Alpská jodizovaná sůl 500g | EAN=4001475102608 | kcal=0.0
2026-03-17 20:52:17 [kaufland_products] WARNING: No nutrition data for: Bad Reichenhall Alpská jodizovaná sůl 500g
2026-03-17 20:52:20 [kaufland_products] INFO: [káva] page 1: found 32 product links
2026-03-17 20:52:22 [kaufland_products] INFO: [pivo] page 1: found 20 product links
2026-03-17 20:52:25 [kaufland_products] INFO: [víno] page 1: found 26 product links
2026-03-17 20:52:28 [kaufland_products] INFO: [káva] page 2: found 30 product links
2026-03-17 20:52:31 [kaufland_products] INFO: [pivo] page 2: found 21 product links
2026-03-17 20:52:34 [kaufland_products] INFO: [víno] page 2: found 25 product links
2026-03-17 20:52:34 [scrapy.extensions.logstats] INFO: Crawled 1271 pages (at 21 pages/min), scraped 1187 items (at 15 items/min)
2026-03-17 20:52:39 [kaufland_products] INFO: [pivo] page 3: found 18 product links
2026-03-17 20:52:41 [scrapy-playwright] WARNING: Closing page due to failed request: <GET https://www.kaufland.cz/s/?search_value=d%C5%BEus> exc_type=<class 'playwright._impl._errors.TimeoutError'> exc_msg=Page.wait_for_selector: Timeout 15000ms exceeded.
Call log:
  - waiting for locator("a[href*='/product/']") to be visible
Traceback (most recent call last):
  File "/home/krokviak/.local/lib/python3.12/site-packages/scrapy_playwright/handler.py", line 480, in _download_request_with_retry
    return await self._download_request_with_page(request, page, spider)
           ^^^^^^^^^^^^^^^^^^^^^^^^^^^^^^^^^^^^^^^^^^^^^^^^^^^^^^^^^^^^^
  File "/home/krokviak/.local/lib/python3.12/site-packages/scrapy_playwright/handler.py", line 528, in _download_request_with_page
    await self._apply_page_methods(page, request, spider)
  File "/home/krokviak/.local/lib/python3.12/site-packages/scrapy_playwright/handler.py", line 678, in _apply_page_methods
    pm.result = await _maybe_await(method(*pm.args, **pm.kwargs))
                ^^^^^^^^^^^^^^^^^^^^^^^^^^^^^^^^^^^^^^^^^^^^^^^^^
  File "/home/krokviak/.local/lib/python3.12/site-packages/scrapy_playwright/_utils.py", line 23, in _maybe_await
    return await obj
           ^^^^^^^^^
  File "/home/krokviak/.local/lib/python3.12/site-packages/playwright/async_api/_generated.py", line 8234, in wait_for_selector
    await self._impl_obj.wait_for_selector(
  File "/home/krokviak/.local/lib/python3.12/site-packages/playwright/_impl/_page.py", line 419, in wait_for_selector
    return await self._main_frame.wait_for_selector(**locals_to_params(locals()))
           ^^^^^^^^^^^^^^^^^^^^^^^^^^^^^^^^^^^^^^^^^^^^^^^^^^^^^^^^^^^^^^^^^^^^^^
  File "/home/krokviak/.local/lib/python3.12/site-packages/playwright/_impl/_frame.py", line 369, in wait_for_selector
    await self._channel.send(
  File "/home/krokviak/.local/lib/python3.12/site-packages/playwright/_impl/_connection.py", line 69, in send
    return await self._connection.wrap_api_call(
           ^^^^^^^^^^^^^^^^^^^^^^^^^^^^^^^^^^^^^
  File "/home/krokviak/.local/lib/python3.12/site-packages/playwright/_impl/_connection.py", line 559, in wrap_api_call
    raise rewrite_error(error, f"{parsed_st['apiName']}: {error}") from None
playwright._impl._errors.TimeoutError: Page.wait_for_selector: Timeout 15000ms exceeded.
Call log:
  - waiting for locator("a[href*='/product/']") to be visible

2026-03-17 20:52:41 [kaufland_products] INFO: [víno] page 3: found 24 product links
2026-03-17 20:52:41 [kaufland_products] WARNING: Request failed: https://www.kaufland.cz/s/?search_value=d%C5%BEus: Page.wait_for_selector: Timeout 15000ms exceeded.
Call log:
  - waiting for locator("a[href*='/product/']") to be visible

2026-03-17 20:52:44 [kaufland_products] INFO: [pivo] page 4: found 8 product links
2026-03-17 20:52:47 [kaufland_products] INFO: [víno] page 4: found 22 product links
2026-03-17 20:52:48 [kaufland_products] INFO: Scraped: Doppio Passo Riserva Primitivo italienischer trock | EAN=4002859121123 | kcal=0.0
2026-03-17 20:52:48 [kaufland_products] WARNING: No nutrition data for: Doppio Passo Riserva Primitivo italienischer trockener Rotwein 750ml
2026-03-17 20:52:51 [scrapy-playwright] WARNING: Closing page due to failed request: <GET https://www.kaufland.cz/s/?search_value=k%C3%A1va&page=3> exc_type=<class 'playwright._impl._errors.TimeoutError'> exc_msg=Page.wait_for_selector: Timeout 15000ms exceeded.
Call log:
  - waiting for locator("a[href*='/product/']") to be visible
Traceback (most recent call last):
  File "/home/krokviak/.local/lib/python3.12/site-packages/scrapy_playwright/handler.py", line 480, in _download_request_with_retry
    return await self._download_request_with_page(request, page, spider)
           ^^^^^^^^^^^^^^^^^^^^^^^^^^^^^^^^^^^^^^^^^^^^^^^^^^^^^^^^^^^^^
  File "/home/krokviak/.local/lib/python3.12/site-packages/scrapy_playwright/handler.py", line 528, in _download_request_with_page
    await self._apply_page_methods(page, request, spider)
  File "/home/krokviak/.local/lib/python3.12/site-packages/scrapy_playwright/handler.py", line 678, in _apply_page_methods
    pm.result = await _maybe_await(method(*pm.args, **pm.kwargs))
                ^^^^^^^^^^^^^^^^^^^^^^^^^^^^^^^^^^^^^^^^^^^^^^^^^
  File "/home/krokviak/.local/lib/python3.12/site-packages/scrapy_playwright/_utils.py", line 23, in _maybe_await
    return await obj
           ^^^^^^^^^
  File "/home/krokviak/.local/lib/python3.12/site-packages/playwright/async_api/_generated.py", line 8234, in wait_for_selector
    await self._impl_obj.wait_for_selector(
  File "/home/krokviak/.local/lib/python3.12/site-packages/playwright/_impl/_page.py", line 419, in wait_for_selector
    return await self._main_frame.wait_for_selector(**locals_to_params(locals()))
           ^^^^^^^^^^^^^^^^^^^^^^^^^^^^^^^^^^^^^^^^^^^^^^^^^^^^^^^^^^^^^^^^^^^^^^
  File "/home/krokviak/.local/lib/python3.12/site-packages/playwright/_impl/_frame.py", line 369, in wait_for_selector
    await self._channel.send(
  File "/home/krokviak/.local/lib/python3.12/site-packages/playwright/_impl/_connection.py", line 69, in send
    return await self._connection.wrap_api_call(
           ^^^^^^^^^^^^^^^^^^^^^^^^^^^^^^^^^^^^^
  File "/home/krokviak/.local/lib/python3.12/site-packages/playwright/_impl/_connection.py", line 559, in wrap_api_call
    raise rewrite_error(error, f"{parsed_st['apiName']}: {error}") from None
playwright._impl._errors.TimeoutError: Page.wait_for_selector: Timeout 15000ms exceeded.
Call log:
  - waiting for locator("a[href*='/product/']") to be visible

2026-03-17 20:52:51 [kaufland_products] WARNING: Request failed: https://www.kaufland.cz/s/?search_value=k%C3%A1va&page=3: Page.wait_for_selector: Timeout 15000ms exceeded.
Call log:
  - waiting for locator("a[href*='/product/']") to be visible

2026-03-17 20:52:54 [kaufland_products] INFO: [víno] page 5: found 19 product links
2026-03-17 20:52:57 [kaufland_products] INFO: Scraped: Chandon Garden Spritz Orange Aperitiv z Argentiny  | EAN=7790975197456 | kcal=0.0
2026-03-17 20:52:57 [kaufland_products] WARNING: No nutrition data for: Chandon Garden Spritz Orange Aperitiv z Argentiny 750ml
2026-03-17 20:52:59 [kaufland_products] INFO: Scraped: Dřevěný sud, vinotéka v retro stylu, dřevěný stoja | EAN=5903766967233 | kcal=0.0
2026-03-17 20:52:59 [kaufland_products] WARNING: No nutrition data for: Dřevěný sud, vinotéka v retro stylu, dřevěný stojan na víno, výška 80 cm, elegantní dekorace do obývacího pokoje, stolek na víno a stojan na víno (wenge)
2026-03-17 20:53:01 [kaufland_products] INFO: Scraped: Gallo Family Vineyards Merlot Kalifornské červené  | EAN=0085000009840 85000009840 | kcal=0.0
2026-03-17 20:53:01 [kaufland_products] WARNING: No nutrition data for: Gallo Family Vineyards Merlot Kalifornské červené víno polosuché 750ml
2026-03-17 20:53:04 [kaufland_products] INFO: Scraped: Musso Merlot červené víno s bobulemi ze Španělska  | EAN=4008077270360 | kcal=0.0
2026-03-17 20:53:04 [kaufland_products] WARNING: No nutrition data for: Musso Merlot červené víno s bobulemi ze Španělska 750ml
2026-03-17 20:53:06 [scrapy-playwright] WARNING: Closing page due to failed request: <GET https://www.kaufland.cz/s/?search_value=pivo&page=5> exc_type=<class 'playwright._impl._errors.TimeoutError'> exc_msg=Page.wait_for_selector: Timeout 15000ms exceeded.
Call log:
  - waiting for locator("a[href*='/product/']") to be visible
Traceback (most recent call last):
  File "/home/krokviak/.local/lib/python3.12/site-packages/scrapy_playwright/handler.py", line 480, in _download_request_with_retry
    return await self._download_request_with_page(request, page, spider)
           ^^^^^^^^^^^^^^^^^^^^^^^^^^^^^^^^^^^^^^^^^^^^^^^^^^^^^^^^^^^^^
  File "/home/krokviak/.local/lib/python3.12/site-packages/scrapy_playwright/handler.py", line 528, in _download_request_with_page
    await self._apply_page_methods(page, request, spider)
  File "/home/krokviak/.local/lib/python3.12/site-packages/scrapy_playwright/handler.py", line 678, in _apply_page_methods
    pm.result = await _maybe_await(method(*pm.args, **pm.kwargs))
                ^^^^^^^^^^^^^^^^^^^^^^^^^^^^^^^^^^^^^^^^^^^^^^^^^
  File "/home/krokviak/.local/lib/python3.12/site-packages/scrapy_playwright/_utils.py", line 23, in _maybe_await
    return await obj
           ^^^^^^^^^
  File "/home/krokviak/.local/lib/python3.12/site-packages/playwright/async_api/_generated.py", line 8234, in wait_for_selector
    await self._impl_obj.wait_for_selector(
  File "/home/krokviak/.local/lib/python3.12/site-packages/playwright/_impl/_page.py", line 419, in wait_for_selector
    return await self._main_frame.wait_for_selector(**locals_to_params(locals()))
           ^^^^^^^^^^^^^^^^^^^^^^^^^^^^^^^^^^^^^^^^^^^^^^^^^^^^^^^^^^^^^^^^^^^^^^
  File "/home/krokviak/.local/lib/python3.12/site-packages/playwright/_impl/_frame.py", line 369, in wait_for_selector
    await self._channel.send(
  File "/home/krokviak/.local/lib/python3.12/site-packages/playwright/_impl/_connection.py", line 69, in send
    return await self._connection.wrap_api_call(
           ^^^^^^^^^^^^^^^^^^^^^^^^^^^^^^^^^^^^^
  File "/home/krokviak/.local/lib/python3.12/site-packages/playwright/_impl/_connection.py", line 559, in wrap_api_call
    raise rewrite_error(error, f"{parsed_st['apiName']}: {error}") from None
playwright._impl._errors.TimeoutError: Page.wait_for_selector: Timeout 15000ms exceeded.
Call log:
  - waiting for locator("a[href*='/product/']") to be visible

2026-03-17 20:53:06 [kaufland_products] WARNING: Request failed: https://www.kaufland.cz/s/?search_value=pivo&page=5: Page.wait_for_selector: Timeout 15000ms exceeded.
Call log:
  - waiting for locator("a[href*='/product/']") to be visible

2026-03-17 20:53:08 [kaufland_products] INFO: Scraped: červené víno Musso Tempranillo s lesními plody ze  | EAN=4008077270087 | kcal=0.0
2026-03-17 20:53:08 [kaufland_products] WARNING: No nutrition data for: červené víno Musso Tempranillo s lesními plody ze Španělska 750ml
2026-03-17 20:53:11 [kaufland_products] INFO: Scraped: Koonunga Hill Shiraz Cabernet 750ml | EAN=9310297010905 | kcal=0.0
2026-03-17 20:53:11 [kaufland_products] WARNING: No nutrition data for: Koonunga Hill Shiraz Cabernet 750ml
2026-03-17 20:53:12 [kaufland_products] INFO: Scraped: Baron Philippe de Rothschild Cadet d Oc Merlot suc | EAN=3262151054753 | kcal=0.0
2026-03-17 20:53:12 [kaufland_products] WARNING: No nutrition data for: Baron Philippe de Rothschild Cadet d Oc Merlot suché červené víno 750ml
2026-03-17 20:53:16 [kaufland_products] INFO: Scraped: Banda Azul Crianza Rioja červené víno suché ovocné | EAN=8410026047545 | kcal=0.0
2026-03-17 20:53:16 [kaufland_products] WARNING: No nutrition data for: Banda Azul Crianza Rioja červené víno suché ovocné květinové 750ml
2026-03-17 20:53:19 [kaufland_products] INFO: Scraped: Víno Indio Montepulciano d'Abruzzo se hodí k masov | EAN=8004291000178 | kcal=0.0
2026-03-17 20:53:19 [kaufland_products] WARNING: No nutrition data for: Víno Indio Montepulciano d'Abruzzo se hodí k masovým pokrmům 750ml
2026-03-17 20:53:23 [kaufland_products] INFO: Scraped: Epicuro oamaro Puglia IGP jemné ovocné z Itálie 75 | EAN=4008077284367 | kcal=0.0
2026-03-17 20:53:23 [kaufland_products] WARNING: No nutrition data for: Epicuro oamaro Puglia IGP jemné ovocné z Itálie 750ml
2026-03-17 20:53:26 [kaufland_products] INFO: Scraped: Matsu El Picaro červené víno ze Španělska Ovocná p | EAN=8437008695822 | kcal=0.0
2026-03-17 20:53:26 [kaufland_products] WARNING: No nutrition data for: Matsu El Picaro červené víno ze Španělska Ovocná příchuť z bobulí 750ml
2026-03-17 20:53:28 [kaufland_products] INFO: Scraped: Peter Lehmann Barossa Shiraz Barossa Valley červen | EAN=9311910102212 | kcal=0.0
2026-03-17 20:53:28 [kaufland_products] WARNING: No nutrition data for: Peter Lehmann Barossa Shiraz Barossa Valley červené víno suché 750ml
2026-03-17 20:53:30 [kaufland_products] INFO: Scraped: Balíček vín Kindzmarauli od Georgian Production sl | EAN=4260645990258 | kcal=0.0
2026-03-17 20:53:30 [kaufland_products] WARNING: No nutrition data for: Balíček vín Kindzmarauli od Georgian Production sladká červená vína
2026-03-17 20:53:34 [scrapy.extensions.logstats] INFO: Crawled 1290 pages (at 19 pages/min), scraped 1201 items (at 14 items/min)
2026-03-17 20:53:36 [kaufland_products] INFO: Scraped: Lambrusco Grasparossa di Castelvetro | EAN=4002859518718 | kcal=0.0
2026-03-17 20:53:36 [kaufland_products] WARNING: No nutrition data for: Lambrusco Grasparossa di Castelvetro
2026-03-17 20:53:38 [kaufland_products] INFO: Scraped: S Honigweinem | EAN=4001486920505 | kcal=0.0
2026-03-17 20:53:38 [kaufland_products] WARNING: No nutrition data for: S Honigweinem
2026-03-17 20:53:41 [kaufland_products] INFO: Scraped: Barefoot Cabernet Sauvignon červené polosuché víno | EAN=0018341751017 18341751017 | kcal=0.0
2026-03-17 20:53:41 [kaufland_products] WARNING: No nutrition data for: Barefoot Cabernet Sauvignon červené polosuché víno z Kalifornie 750ml
2026-03-17 20:53:43 [kaufland_products] INFO: Scraped: Bodegas Marqués de Cáceres Rioja Crianza Spanische | EAN=8410406311006 | kcal=0.0
2026-03-17 20:53:43 [kaufland_products] WARNING: No nutrition data for: Bodegas Marqués de Cáceres Rioja Crianza Spanischer Rotwein 750ml
2026-03-17 20:53:46 [kaufland_products] INFO: Scraped: Sella und Mosca Cannonau di Sardegna DOC Riserva R | EAN=8006725100256 | kcal=0.0
2026-03-17 20:53:46 [kaufland_products] WARNING: No nutrition data for: Sella und Mosca Cannonau di Sardegna DOC Riserva Rotwein 750ml
2026-03-17 20:53:49 [kaufland_products] INFO: Scraped: Rotkäppchen Ryzlink rýnský suché bílé víno 750ml | EAN=4014741380013 | kcal=0.0
2026-03-17 20:53:49 [kaufland_products] WARNING: No nutrition data for: Rotkäppchen Ryzlink rýnský suché bílé víno 750ml
2026-03-17 20:53:52 [kaufland_products] INFO: Scraped: Baron Philippe de Rothschild Mouton Cadet Bordeaux | EAN=3262151001757 | kcal=0.0
2026-03-17 20:53:52 [kaufland_products] WARNING: No nutrition data for: Baron Philippe de Rothschild Mouton Cadet Bordeaux Rotwein 750 ml
2026-03-17 20:53:57 [kaufland_products] INFO: Scraped: Veuve Clicquot Rosé Gepa slavné víno z Francie 750 | EAN=3049614003417 | kcal=0.0
2026-03-17 20:53:57 [kaufland_products] WARNING: No nutrition data for: Veuve Clicquot Rosé Gepa slavné víno z Francie 750ml
2026-03-17 20:54:00 [kaufland_products] INFO: Scraped: Heißer Hirsch Glühwein - bílé 750ml 10,0% obj. | EAN=4260166240221 | kcal=0.0
2026-03-17 20:54:00 [kaufland_products] WARNING: No nutrition data for: Heißer Hirsch Glühwein - bílé 750ml 10,0% obj.
2026-03-17 20:54:02 [kaufland_products] INFO: Scraped: Originální červená vikingská medovina Originál ze  | EAN=4004752229562 | kcal=0.0
2026-03-17 20:54:02 [kaufland_products] WARNING: No nutrition data for: Originální červená vikingská medovina Originál ze země Vikingů 750ml
2026-03-17 20:54:04 [kaufland_products] INFO: Scraped: Blanchet Rose de France Dry pro teplé a krásné let | EAN=4001731814993 | kcal=0.0
2026-03-17 20:54:04 [kaufland_products] WARNING: No nutrition data for: Blanchet Rose de France Dry pro teplé a krásné letní dny 750ml
2026-03-17 20:54:06 [kaufland_products] INFO: Scraped: Barefoot White Zinfandel California sladký, svěží  | EAN=0018341751062 18341751062 | kcal=0.0
2026-03-17 20:54:06 [kaufland_products] WARNING: No nutrition data for: Barefoot White Zinfandel California sladký, svěží a ovocný 750ml
2026-03-17 20:54:11 [kaufland_products] INFO: Scraped: Riunite Lambrusco Emilia Rosso IGT sladké s ovocno | EAN=4002547081173 | kcal=0.0
2026-03-17 20:54:11 [kaufland_products] WARNING: No nutrition data for: Riunite Lambrusco Emilia Rosso IGT sladké s ovocnou vůní 750ml
2026-03-17 20:54:14 [kaufland_products] INFO: Scraped: Doppio Passo Grillo Sicilia DOC | EAN=4002859121710 | kcal=0.0
2026-03-17 20:54:14 [kaufland_products] WARNING: No nutrition data for: Doppio Passo Grillo Sicilia DOC
2026-03-17 20:54:16 [kaufland_products] INFO: Scraped: Ernest&Julio Gallo Chardonnay,trocken 750ml | EAN=0085000005033 85000005033 | kcal=0.0
2026-03-17 20:54:16 [kaufland_products] WARNING: No nutrition data for: Ernest&Julio Gallo Chardonnay,trocken 750ml
2026-03-17 20:54:18 [kaufland_products] INFO: Scraped: Faustino I Tinto Gran Reserva Rioja Bodegas červen | EAN=8410441512925 | kcal=0.0
2026-03-17 20:54:18 [kaufland_products] WARNING: No nutrition data for: Faustino I Tinto Gran Reserva Rioja Bodegas červené víno suché 750ml
2026-03-17 20:54:24 [kaufland_products] INFO: Scraped: Sklenice na víno Stölzle Power sada 6 úzkých sklen | EAN=4012632234179 04012632234179 | kcal=0.0
2026-03-17 20:54:24 [kaufland_products] WARNING: No nutrition data for: Sklenice na víno Stölzle Power sada 6 úzkých sklenic 52 cl, které lze mýt v myčce na nádobí, elegantní tenký křišťál
2026-03-17 20:54:26 [kaufland_products] INFO: Scraped: Freixenet Mia Blanco bílé víno sladké ovocné ze Šp | EAN=8410384901268 | kcal=0.0
2026-03-17 20:54:26 [kaufland_products] WARNING: No nutrition data for: Freixenet Mia Blanco bílé víno sladké ovocné ze Španělska 750ml
2026-03-17 20:54:27 [kaufland_products] INFO: Scraped: Eggers and Franke Golden Kaan Shiraz Jihoafrická r | EAN=6002323000747 | kcal=0.0
2026-03-17 20:54:27 [kaufland_products] WARNING: No nutrition data for: Eggers and Franke Golden Kaan Shiraz Jihoafrická republika Červené víno 750ml
2026-03-17 20:54:30 [kaufland_products] INFO: Scraped: Château du Calvaire Saint-Emilion suché červené ví | EAN=3700663500226 | kcal=0.0
2026-03-17 20:54:30 [kaufland_products] WARNING: No nutrition data for: Château du Calvaire Saint-Emilion suché červené víno z Francie 750ml
2026-03-17 20:54:34 [scrapy.extensions.logstats] INFO: Crawled 1310 pages (at 20 pages/min), scraped 1221 items (at 20 items/min)
2026-03-17 20:54:35 [kaufland_products] INFO: Scraped: výčepní zařízení na pivo o objemu 5 litrů - CONTIN | EAN=3701542103798 | kcal=0.0
2026-03-17 20:54:35 [kaufland_products] WARNING: No nutrition data for: výčepní zařízení na pivo o objemu 5 litrů - CONTINENTAL EDISON CEMB5B4 - Černá - 60 W - Kompatibilní s pětilitrovými sudy
2026-03-17 20:54:38 [kaufland_products] INFO: Scraped: Tlakový soudek Brewferm sodovka,nerezová ocel - 19 | EAN=5420069842109 | kcal=0.0
2026-03-17 20:54:38 [kaufland_products] WARNING: No nutrition data for: Tlakový soudek Brewferm sodovka,nerezová ocel - 19L soudek pro hobby sládky - snadné plnění a čištění,19 L
2026-03-17 20:54:41 [kaufland_products] INFO: Scraped: Wëasy PINT568, 5 l, 3 °C, Studené nápoje, Černá, C | EAN=3701335302377 | kcal=0.0
2026-03-17 20:54:41 [kaufland_products] WARNING: No nutrition data for: Wëasy PINT568, 5 l, 3 °C, Studené nápoje, Černá, Chrom, Páčka, 60 W
2026-03-17 20:54:44 [kaufland_products] INFO: Scraped: VEVOR Beer Tapping System Mini Beer Keg Beer Brewe | EAN=0840349921242 840349921242 | kcal=0.0
2026-03-17 20:54:44 [kaufland_products] WARNING: No nutrition data for: VEVOR Beer Tapping System Mini Beer Keg Beer Brewer 4 L, přenosná tlaková souprava Double Layer Stainless Steel Layer Growler System Nastavitelný kohout 27 ℃, Draft Beer Home Brewery Fresh and Carbonated
2026-03-17 20:54:47 [kaufland_products] INFO: Scraped: Pivní výčep Klarstein s chlazením – výčepní zaříze | EAN=4060656533327 | kcal=0.0
2026-03-17 20:54:47 [kaufland_products] WARNING: No nutrition data for: Pivní výčep Klarstein s chlazením – výčepní zařízení na pivo z 5l sudu, UltraFast Cooling, nastavitelná teplota, systém kartuší CO2, LCD displej, černo-zlatá barva
2026-03-17 20:54:48 [kaufland_products] INFO: Scraped: SucceBuy sada kegerátoru s jedním kohoutkem - prém | EAN=08721334070935 8721334070935 | kcal=0.0
2026-03-17 20:54:48 [kaufland_products] WARNING: No nutrition data for: SucceBuy sada kegerátoru s jedním kohoutkem - prémiový pivní servis doma. Tato sada SucceBuy nabízí prémiové řešení pro domácí servírování piva.
2026-03-17 20:54:54 [kaufland_products] INFO: Scraped: Hadicový adaptér,adaptér 3/8" šroubovací na 1/2" z | EAN=4250517514392 | kcal=0.0
2026-03-17 20:54:54 [kaufland_products] WARNING: No nutrition data for: Hadicový adaptér,adaptér 3/8" šroubovací na 1/2" zásuvný - jednoduché a bezpečné připojení,
2026-03-17 20:54:56 [kaufland_products] INFO: Scraped: Württemberger Lemberger suchý silný granátově červ | EAN=4006840435558 | kcal=0.0
2026-03-17 20:54:56 [kaufland_products] WARNING: No nutrition data for: Württemberger Lemberger suchý silný granátově červený láhev 750ml
2026-03-17 20:54:59 [kaufland_products] INFO: Scraped: Maybach Weißer Burgunder, suché, bílé víno ročník  | EAN=4003301055485 | kcal=0.0
2026-03-17 20:54:59 [kaufland_products] WARNING: No nutrition data for: Maybach Weißer Burgunder, suché, bílé víno ročník 2020 alk. 11,5 % obj.
2026-03-17 20:55:01 [kaufland_products] INFO: Scraped: Rasgón de Maria Tempranillo červené tiché víno ze  | EAN=8437003223068 | kcal=0.0
2026-03-17 20:55:01 [kaufland_products] WARNING: No nutrition data for: Rasgón de Maria Tempranillo červené tiché víno ze Španělska 750ml 6 balení
2026-03-17 20:55:04 [kaufland_products] INFO: Scraped: Casal Garcia Sweet Quinta Da Aveleda Trajadura aus | EAN=5601096200319 | kcal=0.0
2026-03-17 20:55:04 [kaufland_products] WARNING: No nutrition data for: Casal Garcia Sweet Quinta Da Aveleda Trajadura aus Portugalsko 750ml
2026-03-17 20:55:07 [kaufland_products] INFO: Scraped: Zonin Bardolino Classico Veneto DOC suché 2018 Itá | EAN=8002235572552 | kcal=0.0
2026-03-17 20:55:07 [kaufland_products] WARNING: No nutrition data for: Zonin Bardolino Classico Veneto DOC suché 2018 Itálie | 12,5 % obj. | 0,75 l
2026-03-17 20:55:10 [kaufland_products] INFO: Scraped: Grand Sud Grenache Rouge sladké červené víno z Fra | EAN=3263286350185 | kcal=0.0
2026-03-17 20:55:10 [kaufland_products] WARNING: No nutrition data for: Grand Sud Grenache Rouge sladké červené víno z Francie 1000ml
2026-03-17 20:55:12 [kaufland_products] INFO: Scraped: DanDiBo Stojan na víno Stojan na láhve Kovový čern | EAN=4029945136717 | kcal=0.0
2026-03-17 20:55:12 [kaufland_products] WARNING: No nutrition data for: DanDiBo Stojan na víno Stojan na láhve Kovový černý Nástěnný Tento 116 cm pro 10 lahví Stojan na láhve Držák na láhve
2026-03-17 20:55:17 [kaufland_products] INFO: Scraped: Casal Garcia Rose Vinho Verde s příchutí jahod a m | EAN=5601096328303 | kcal=0.0
2026-03-17 20:55:17 [kaufland_products] WARNING: No nutrition data for: Casal Garcia Rose Vinho Verde s příchutí jahod a malin 750ml
2026-03-17 20:55:20 [kaufland_products] INFO: Scraped: Alazani Valley červené Georgian Production | EAN=4860114100012 | kcal=0.0
2026-03-17 20:55:20 [kaufland_products] WARNING: No nutrition data for: Alazani Valley červené Georgian Production
2026-03-17 20:55:22 [kaufland_products] INFO: Scraped: Katlenburger Kirschwein 8,5 % | EAN=4001486820102 | kcal=0.0
2026-03-17 20:55:22 [kaufland_products] WARNING: No nutrition data for: Katlenburger Kirschwein 8,5 %
2026-03-17 20:55:25 [kaufland_products] INFO: Scraped: vidaXL Nástěnný stojan na víno pro 20 lahví 2 ks,  | EAN=8719883979052 | kcal=0.0
2026-03-17 20:55:25 [kaufland_products] WARNING: No nutrition data for: vidaXL Nástěnný stojan na víno pro 20 lahví 2 ks, černý kov
2026-03-17 20:55:30 [kaufland_products] INFO: Scraped: Muškát žlutý ocas | EAN=9322214011407 | kcal=0.0
2026-03-17 20:55:30 [kaufland_products] WARNING: No nutrition data for: Muškát žlutý ocas
2026-03-17 20:55:32 [kaufland_products] INFO: Scraped: Campo Viejo Reserva Rioja D.O.Ca. španělské červen | EAN=8410302107697 | kcal=0.0
2026-03-17 20:55:32 [kaufland_products] WARNING: No nutrition data for: Campo Viejo Reserva Rioja D.O.Ca. španělské červené víno suché 750ml
2026-03-17 20:55:34 [scrapy.extensions.logstats] INFO: Crawled 1330 pages (at 20 pages/min), scraped 1241 items (at 20 items/min)
2026-03-17 20:55:34 [kaufland_products] INFO: Scraped: COSTWAY Stojan na víno na stěnu pro 6 lahví vína,  | EAN=0783501341963 783501341963 | kcal=0.0
2026-03-17 20:55:34 [kaufland_products] WARNING: No nutrition data for: COSTWAY Stojan na víno na stěnu pro 6 lahví vína, kovový držák na lahve, průmyslový stojan na lahve, černý úložný stojan
2026-03-17 20:55:36 [kaufland_products] INFO: Scraped: 2022 Conte di Campiano Primitivo di Manduria | EAN=8003295006834 | kcal=0.0
2026-03-17 20:55:36 [kaufland_products] WARNING: No nutrition data for: 2022 Conte di Campiano Primitivo di Manduria
2026-03-17 20:55:42 [kaufland_products] INFO: Scraped: Grand Sud Merlot z Francie na vaření a vychutnáván | EAN=3263286345518 | kcal=0.0
2026-03-17 20:55:42 [kaufland_products] WARNING: No nutrition data for: Grand Sud Merlot z Francie na vaření a vychutnávání 1000ml
2026-03-17 20:55:44 [kaufland_products] INFO: Scraped: COSTWAY Stojan na víno na zeď pro 12 lahví vína, k | EAN=0783501341970 783501341970 | kcal=0.0
2026-03-17 20:55:44 [kaufland_products] WARNING: No nutrition data for: COSTWAY Stojan na víno na zeď pro 12 lahví vína, kovový držák na lahve, průmyslový stojan na lahve, černý úložný stojan
2026-03-17 20:55:46 [kaufland_products] INFO: Scraped: Blanchet Blanc de Blancs stolní bílé víno suché ov | EAN=4001731315995 3263286313685 4001731655794 | kcal=0.0
2026-03-17 20:55:46 [kaufland_products] WARNING: No nutrition data for: Blanchet Blanc de Blancs stolní bílé víno suché ovocné 750ml
2026-03-17 20:55:49 [kaufland_products] INFO: Scraped: Heuchelberg Schwaigerner Trollinger+Lemberger červ | EAN=4010930006719 | kcal=0.0
2026-03-17 20:55:49 [kaufland_products] WARNING: No nutrition data for: Heuchelberg Schwaigerner Trollinger+Lemberger červené víno 750ml
2026-03-17 20:55:52 [kaufland_products] INFO: Scraped: Pivní šachtový kohoutek, pivní kohoutek, široké po | EAN=7906815861191 | kcal=0.0
2026-03-17 20:55:52 [kaufland_products] WARNING: No nutrition data for: Pivní šachtový kohoutek, pivní kohoutek, široké použití, vysoká odolnost pro hotelový bar, domácnost
2026-03-17 20:55:54 [kaufland_products] INFO: Scraped: Sud se širokým hrdlem Sud na krmivo 150litrový sud | EAN=6421937090232 | kcal=0.0
2026-03-17 20:55:54 [kaufland_products] WARNING: No nutrition data for: Sud se širokým hrdlem Sud na krmivo 150litrový sud na siláž Sud na déšť Sud na zavazadla s kohoutkem modrý
2026-03-17 20:55:59 [kaufland_products] INFO: Scraped: VEVOR kegerator tower kit, sada pro konverzi piva  | EAN=0197988386018 197988386018 | kcal=0.0
2026-03-17 20:55:59 [kaufland_products] WARNING: No nutrition data for: VEVOR kegerator tower kit, sada pro konverzi piva s jedním kohoutkem, nerezový kegový věžový výčepní systém s dvojitým měřicím zařízením W21.8 regulátor a spojka kegů systému A, odkapávací tácek na pivo pro domácí párty
2026-03-17 20:56:01 [kaufland_products] INFO: Scraped: SucceBuy 128 oz 4 l mini keg pivní výčepní systém, | EAN=08721334038287 8721334038287 | kcal=0.0
2026-03-17 20:56:01 [kaufland_products] WARNING: No nutrition data for: SucceBuy 128 oz 4 l mini keg pivní výčepní systém, 304 nerezová ocel, pod tlakem s regulátorem CO2, indikátor tlaku, těsnící kroužek pro domácí pivo, řemeslné pivo, čepované pivo
2026-03-17 20:56:03 [kaufland_products] INFO: Scraped: Přenosný výčepní systém pro plechovky a láhve, s k | EAN=8447420000487 | kcal=0.0
2026-03-17 20:56:03 [kaufland_products] WARNING: No nutrition data for: Přenosný výčepní systém pro plechovky a láhve, s kontrolou pěny, snadno se čistí a skladuje.
2026-03-17 20:56:06 [kaufland_products] INFO: Scraped: VEVOR kegerator tower kit, sada pro přestavbu piva | EAN=0197988202127 197988202127 | kcal=0.0
2026-03-17 20:56:06 [kaufland_products] WARNING: No nutrition data for: VEVOR kegerator tower kit, sada pro přestavbu piva se dvěma výčepními kohoutky, výčepní zařízení z nerezové oceli s dvojitým měřícím zařízením W21.8 regulátorem a spojkou na keg A-systém, odkapávací miska na pivo pro domácí párty
2026-03-17 20:56:11 [kaufland_products] INFO: Scraped: SucceBuy Sada Kegerator Tower Kit - Přestavba na p | EAN=8721334070966 | kcal=0.0
2026-03-17 20:56:11 [kaufland_products] WARNING: No nutrition data for: SucceBuy Sada Kegerator Tower Kit - Přestavba na pivo s jedním kohoutem z nerezové oceli pro domácí párty. Tato sada SucceBuy je ideální pro přenesení barového zážitku domů.
2026-03-17 20:56:14 [kaufland_products] INFO: Scraped: Klarstein Big Spender, lednice na pivní sudy, sudy | EAN=4260509685412 | kcal=0.0
2026-03-17 20:56:14 [kaufland_products] WARNING: No nutrition data for: Klarstein Big Spender, lednice na pivní sudy, sudy do 50 l, grafitová šedá
2026-03-17 20:56:16 [kaufland_products] INFO: Scraped: Výdejní kolona 3,0 l s kohoutkem - Pivní kolona Ná | EAN=4260700652084 | kcal=0.0
2026-03-17 20:56:16 [kaufland_products] WARNING: No nutrition data for: Výdejní kolona 3,0 l s kohoutkem - Pivní kolona Nápojová kolona XXL Biertower
2026-03-17 20:56:20 [kaufland_products] INFO: Scraped: SucceBuy Kegerator Tower Kit - Dokonalé řešení pro | EAN=8721334070973 | kcal=0.0
2026-03-17 20:56:20 [kaufland_products] WARNING: No nutrition data for: SucceBuy Kegerator Tower Kit - Dokonalé řešení pro domácí podávání piva. Tato souprava SucceBuy Kegerator Tower Kit je navržena tak, abyste si mohli vychutnat zážitek z baru doma.
2026-03-17 20:56:21 [kaufland_products] INFO: Scraped: SucceBuy sada pivních věží se dvěma výčepními koho | EAN=08721334070997 8721334070997 | kcal=0.0
2026-03-17 20:56:21 [kaufland_products] WARNING: No nutrition data for: SucceBuy sada pivních věží se dvěma výčepními kohoutky - bezkonkurenční systém výdeje piva. Tato sada SucceBuy nově definuje domácí výčep piva. Pivní věž se dvěma výčepními kohouty z nerezové oceli 304
2026-03-17 20:56:26 [kaufland_products] INFO: Scraped: 10 L Beer Cleaning Barrel Čištění sudu Tři hlavy z | EAN=794304809772 0794304809772 | kcal=0.0
2026-03-17 20:56:26 [kaufland_products] WARNING: No nutrition data for: 10 L Beer Cleaning Barrel Čištění sudu Tři hlavy z nerezové oceli Pivní čisticí plechovka pro domácí pivovarský systém
2026-03-17 20:56:28 [kaufland_products] INFO: Scraped: Dávkovač chladicích nápojů Freer InnovaGoods | EAN=8435527821326 | kcal=0.0
2026-03-17 20:56:28 [kaufland_products] WARNING: No nutrition data for: Dávkovač chladicích nápojů Freer InnovaGoods
2026-03-17 20:56:31 [kaufland_products] INFO: Scraped: balení 10 náhradních ventilů kompatibilních s lahv | EAN=9396846042191 | kcal=0.0
2026-03-17 20:56:31 [kaufland_products] WARNING: No nutrition data for: balení 10 náhradních ventilů kompatibilních s lahvemi na pití Gatorade. Silikonové náhradní příslušenství k ventilům, kompatibilní s lahvemi Gatorade GX 30oz a Squeeze Bottle 32oz. Odolné proti úniku a neobsahují BPA.
2026-03-17 20:56:34 [kaufland_products] INFO: Scraped: Antinori Tignanello Toscana IGT intensiver Duft he | EAN=8001935124504 | kcal=0.0
2026-03-17 20:56:34 [kaufland_products] WARNING: No nutrition data for: Antinori Tignanello Toscana IGT intensiver Duft hervorragende Intensität 750ml
2026-03-17 20:56:34 [scrapy.extensions.logstats] INFO: Crawled 1351 pages (at 21 pages/min), scraped 1262 items (at 21 items/min)
2026-03-17 20:56:37 [kaufland_products] INFO: Scraped: Wine Box Tempranillo Castilla trocken | EAN=4006542012064 | kcal=0.0
2026-03-17 20:56:37 [kaufland_products] WARNING: No nutrition data for: Wine Box Tempranillo Castilla trocken
2026-03-17 20:56:41 [kaufland_products] INFO: Scraped: Ànima a AN/2 Baleáry suché 2018 Španělsko | 13,5 % | EAN=8437007450255 | kcal=0.0
2026-03-17 20:56:41 [kaufland_products] WARNING: No nutrition data for: Ànima a AN/2 Baleáry suché 2018 Španělsko | 13,5 % obj. | 0,75 l
2026-03-17 20:56:44 [kaufland_products] INFO: Scraped: allure Pinot Grigio polosuché | EAN=4006542073430 | kcal=0.0
2026-03-17 20:56:44 [kaufland_products] WARNING: No nutrition data for: allure Pinot Grigio polosuché
2026-03-17 20:56:47 [kaufland_products] INFO: Scraped: Katlenburger Bowle To Go Waldmeister s čistou ovoc | EAN=4001486955019 | kcal=0.0
2026-03-17 20:56:47 [kaufland_products] WARNING: No nutrition data for: Katlenburger Bowle To Go Waldmeister s čistou ovocnou šťávou 330ml
2026-03-17 20:56:49 [kaufland_products] INFO: Scraped: Dřevěný barový pult 80x55 cm – Masivní dřevěný bar | EAN=5906765142854 | kcal=0.0
2026-03-17 20:56:49 [kaufland_products] WARNING: No nutrition data for: Dřevěný barový pult 80x55 cm – Masivní dřevěný barový pult na alkohol, víno a whisky se skleněnými držáky | Ručně vyrobeno v EU | Prémiový barový nábytek Loft & Rustikal
2026-03-17 20:56:52 [kaufland_products] INFO: Scraped: Grand Sud Merlot z Francie na vaření a vychutnáván | EAN=3263286349226 | kcal=0.0
2026-03-17 20:56:52 [kaufland_products] WARNING: No nutrition data for: Grand Sud Merlot z Francie na vaření a vychutnávání 250ml
2026-03-17 20:56:55 [kaufland_products] INFO: Scraped: allure Merlot Rose polosuchý | EAN=4006542073423 | kcal=0.0
2026-03-17 20:56:55 [kaufland_products] WARNING: No nutrition data for: allure Merlot Rose polosuchý
2026-03-17 20:56:58 [kaufland_products] INFO: Scraped: Casillero del Diablo Cabernet Sauvignon Concha y T | EAN=7804320303178 | kcal=0.0
2026-03-17 20:56:58 [kaufland_products] WARNING: No nutrition data for: Casillero del Diablo Cabernet Sauvignon Concha y Toro Trocken 750ml
2026-03-17 20:57:02 [kaufland_products] INFO: Scraped: Domkellerstolz bílé EG víno 9,5 % 1000ml | EAN=4003301007774 | kcal=0.0
2026-03-17 20:57:02 [kaufland_products] WARNING: No nutrition data for: Domkellerstolz bílé EG víno 9,5 % 1000ml
2026-03-17 20:57:04 [kaufland_products] INFO: Scraped: COSTWAY Stojan na víno na zeď pro 9 lahví vína, ko | EAN=0783501364016 783501364016 | kcal=0.0
2026-03-17 20:57:04 [kaufland_products] WARNING: No nutrition data for: COSTWAY Stojan na víno na zeď pro 9 lahví vína, kovový držák na lahve, průmyslový stojan na lahve, černý úložný stojan
2026-03-17 20:57:07 [kaufland_products] INFO: Scraped: Casillero Del Diablo Carmenere Reserva trocken Rub | EAN=7804320087016 | kcal=0.0
2026-03-17 20:57:07 [kaufland_products] WARNING: No nutrition data for: Casillero Del Diablo Carmenere Reserva trocken Rubinrot 750ml
2026-03-17 20:57:09 [kaufland_products] INFO: Scraped: Tauro Salice Salentino Riserva | EAN=4002859513515 | kcal=0.0
2026-03-17 20:57:09 [kaufland_products] WARNING: No nutrition data for: Tauro Salice Salentino Riserva
2026-03-17 20:57:14 [kaufland_products] INFO: Scraped: Sklenice na víno Leonardo XL, Dobrý den!, Špatný d | EAN=4260445497971 | kcal=0.0
2026-03-17 20:57:14 [kaufland_products] WARNING: No nutrition data for: Sklenice na víno Leonardo XL, Dobrý den!, Špatný den!, Neptejte se!, Dárková sklenice s vtipným gravírováním, Sklenice na víno s náladou, 610 ml
2026-03-17 20:57:17 [kaufland_products] INFO: Scraped: Württemberger Trollinger Rose Rosé víno 750ml | EAN=4006840194554 | kcal=0.0
2026-03-17 20:57:17 [kaufland_products] WARNING: No nutrition data for: Württemberger Trollinger Rose Rosé víno 750ml
2026-03-17 20:57:19 [kaufland_products] INFO: Scraped: Peter Mertes Bree Chardonnay působivá hra ovoce 75 | EAN=4003301038143 4003301048753 4003301047572 | kcal=0.0
2026-03-17 20:57:19 [kaufland_products] WARNING: No nutrition data for: Peter Mertes Bree Chardonnay působivá hra ovoce 750ml
2026-03-17 20:57:21 [kaufland_products] INFO: Scraped: Villa Antinori Chianti Rosso Italien Toscana IGT t | EAN=8001935221401 8001935221425 | kcal=0.0
2026-03-17 20:57:21 [kaufland_products] WARNING: No nutrition data for: Villa Antinori Chianti Rosso Italien Toscana IGT trocken 750ml
2026-03-17 20:57:25 [kaufland_products] INFO: Scraped: Freixenet Mia Tinto Ovocné červené víno s plnými ú | EAN=8410384901275 | kcal=0.0
2026-03-17 20:57:25 [kaufland_products] WARNING: No nutrition data for: Freixenet Mia Tinto Ovocné červené víno s plnými ústy ze Španělska 750ml
2026-03-17 20:57:27 [kaufland_products] INFO: Scraped: COSTWAY Globe bar s kolečky, stojan na víno, serví | EAN=6952938300933 | kcal=0.0
2026-03-17 20:57:27 [kaufland_products] WARNING: No nutrition data for: COSTWAY Globe bar s kolečky, stojan na víno, servírovací vozík, globe bar, barový vozík dřevo hnědé
2026-03-17 20:57:31 [kaufland_products] INFO: Scraped: Adaptér na pivní sud,výčepní zařízení pro 5litrové | EAN=5420069820169 | kcal=0.0
2026-03-17 20:57:31 [kaufland_products] WARNING: No nutrition data for: Adaptér na pivní sud,výčepní zařízení pro 5litrové sudy CO2 - Party Star Deluxe,
2026-03-17 20:57:34 [kaufland_products] INFO: Scraped: VEVOR výčepní pivní věž, sada na přestavbu piva se | EAN=0197988203339 197988203339 | kcal=0.0
2026-03-17 20:57:34 [kaufland_products] WARNING: No nutrition data for: VEVOR výčepní pivní věž, sada na přestavbu piva se dvěma kohoutky, výčepní pivní věž z nerezové oceli s dvojitým měřícím zařízením W21.8 regulátorem a spojkou na sudy S-System pro párty, doma atd.
2026-03-17 20:57:34 [scrapy.extensions.logstats] INFO: Crawled 1371 pages (at 20 pages/min), scraped 1282 items (at 20 items/min)
2026-03-17 20:57:36 [kaufland_products] INFO: Scraped: Čisticí nádoba Micro Matic Čisticí buben plastový  | EAN=745202847427 0745202847427 | kcal=0.0
2026-03-17 20:57:36 [kaufland_products] WARNING: No nutrition data for: Čisticí nádoba Micro Matic Čisticí buben plastový 5 litrů typ A plochý
2026-03-17 20:57:41 [kaufland_products] INFO: Scraped: Klarstein Skal, univerzální systém čepování piva s | EAN=4260457489865 | kcal=0.0
2026-03-17 20:57:41 [kaufland_products] WARNING: No nutrition data for: Klarstein Skal, univerzální systém čepování piva s chlazením, 2–12 °C, 5 l
2026-03-17 20:57:44 [kaufland_products] INFO: Scraped: Ohřívač piva Westmark se stojanem | EAN=4004094632860 | kcal=0.0
2026-03-17 20:57:44 [kaufland_products] WARNING: No nutrition data for: Ohřívač piva Westmark se stojanem
2026-03-17 20:57:47 [kaufland_products] INFO: Scraped: Pivní věž Výčepní pivní věž Výdejní sloupec Nápojo | EAN=0723508096367 723508096367 | kcal=0.0
2026-03-17 20:57:47 [kaufland_products] WARNING: No nutrition data for: Pivní věž Výčepní pivní věž Výdejní sloupec Nápojový sloupec Pivní výčep z nerezové oceli Pivní sloupec Pivní výčepní zařízení pro domácí hospodu (1 kohoutek)
2026-03-17 20:57:49 [kaufland_products] INFO: Scraped: Hisense HBD5A, 5 l, Černá, Pivo, Heineken, 3 °C, 2 | EAN=3838782606304 | kcal=0.0
2026-03-17 20:57:49 [kaufland_products] WARNING: No nutrition data for: Hisense HBD5A, 5 l, Černá, Pivo, Heineken, 3 °C, 270 mm
2026-03-17 20:57:52 [kaufland_products] INFO: Scraped: 10l čisticí sud s víkem Pivní čisticí plechovka Ne | EAN=723509048709 0723509048709 | kcal=0.0
2026-03-17 20:57:52 [kaufland_products] WARNING: No nutrition data for: 10l čisticí sud s víkem Pivní čisticí plechovka Nerezová čisticí nádoba s 3 hlavami Pivní džbán pro systém čepování piva pro domácí pivovarnictví Hotelový bar Hospoda
2026-03-17 20:57:55 [kaufland_products] INFO: Scraped: VEVOR kegerator tower kit, sada pro přestavbu piva | EAN=0197988201397 197988201397 | kcal=0.0
2026-03-17 20:57:55 [kaufland_products] WARNING: No nutrition data for: VEVOR kegerator tower kit, sada pro přestavbu piva se 2 pivními kohoutky, nerezový věžový výčepní zařízení s dvojitým měřícím zařízením W21.8 regulátor a spojka kegů S-System, odkapávací tácek na pivo pro domácí párty
2026-03-17 20:57:58 [kaufland_products] INFO: Scraped: VEVOR kegerator tower kit, sada pro přestavbu piva | EAN=0197988201038 197988201038 | kcal=0.0
2026-03-17 20:57:58 [kaufland_products] WARNING: No nutrition data for: VEVOR kegerator tower kit, sada pro přestavbu piva se dvěma výčepními kohoutky, výčepní zařízení z nerezové oceli s dvojitým měřícím zařízením W21.8 regulátorem a spojkou na keg A-systém, odkapávací miska na pivo pro domácí párty
2026-03-17 20:58:00 [kaufland_products] INFO: Scraped: relaxdays 4 litrový pivní sloupec se 3 kohoutky | EAN=4052025431570 | kcal=0.0
2026-03-17 20:58:00 [kaufland_products] WARNING: No nutrition data for: relaxdays 4 litrový pivní sloupec se 3 kohoutky
2026-03-17 20:58:04 [kaufland_products] INFO: Scraped: VEVOR pivní věž se 3 kohoutky, věž na pivo z nerez | EAN=0197988386131 197988386131 | kcal=0.0
2026-03-17 20:58:04 [kaufland_products] WARNING: No nutrition data for: VEVOR pivní věž se 3 kohoutky, věž na pivo z nerezové oceli, sada kegerátorů s předem smontovanými hadicemi a samouzavíracími kohoutky pro strany, bary, hospody a restaurace
2026-03-17 20:58:09 [kaufland_products] INFO: Scraped: VEVOR kegerator tower kit, sada pro konverzi piva  | EAN=0197988203216 197988203216 | kcal=0.0
2026-03-17 20:58:09 [kaufland_products] WARNING: No nutrition data for: VEVOR kegerator tower kit, sada pro konverzi piva s jedním kohoutkem, nerezový kegový věžový výčepní systém s dvojitým měřicím zařízením W21.8 regulátor a spojka kegů systému A, odkapávací tácek na pivo pro domácí párty
2026-03-17 20:58:11 [kaufland_products] INFO: Scraped: Klarstein Skal, univerzální systém čepování piva s | EAN=4260509688406 | kcal=0.0
2026-03-17 20:58:11 [kaufland_products] WARNING: No nutrition data for: Klarstein Skal, univerzální systém čepování piva s chlazením, 2–12 °C, černý
2026-03-17 20:58:13 [kaufland_products] INFO: Scraped: Pivní věž VEVOR se dvěma kohoutky, věž na pivo z n | EAN=0197988384076 197988384076 | kcal=0.0
2026-03-17 20:58:13 [kaufland_products] WARNING: No nutrition data for: Pivní věž VEVOR se dvěma kohoutky, věž na pivo z nerezové oceli, sada kegerátorů s předem smontovanými hadicemi a samouzavíracími kohoutky pro strany, bary, hospody a restaurace atd.
2026-03-17 20:58:16 [kaufland_products] INFO: Scraped: Taška na lahve Nosič na pivo Nosič na lahve Plstěn | EAN=4029811462292 | kcal=0.0
2026-03-17 20:58:16 [kaufland_products] WARNING: No nutrition data for: Taška na lahve Nosič na pivo Nosič na lahve Plstěný přepravní koš na 6 lahví "Feierabendtasche"
2026-03-17 20:58:20 [kaufland_products] INFO: Scraped: Višòový likér Soplica Wiœniowa 500 ml | EAN=5900471006523 | kcal=0.0
2026-03-17 20:58:20 [kaufland_products] WARNING: No nutrition data for: Višòový likér Soplica Wiœniowa 500 ml
2026-03-17 20:58:23 [kaufland_products] INFO: Scraped: IDEE Káva jemná aromatická mletá bez kofeinu 500g | EAN=4006581000800 4006581800103 | kcal=0.0
2026-03-17 20:58:26 [kaufland_products] INFO: Scraped: EILLES KAFFEE Gourmet, 500g mletá | EAN=4006581020006 4023400019454 | kcal=194.0
2026-03-17 20:58:27 [kaufland_products] INFO: Scraped: Nescafé Classic instantní zrnková káva středně tma | EAN=4005500005780 4005500005827 | kcal=0.0
2026-03-17 20:58:27 [kaufland_products] WARNING: No nutrition data for: Nescafé Classic instantní zrnková káva středně tmavě pražená 200g
2026-03-17 20:58:32 [kaufland_products] INFO: Scraped: Beetle V305015 Beetle Caffe Crema | EAN=4037014004508 | kcal=0.0
2026-03-17 20:58:32 [kaufland_products] WARNING: No nutrition data for: Beetle V305015 Beetle Caffe Crema
2026-03-17 20:58:33 [kaufland_products] INFO: Scraped: Mövenpick Espresso | celozrnné | 1000g | EAN=4006581506272 4006581801018 | kcal=194.0
2026-03-17 20:58:34 [scrapy.extensions.logstats] INFO: Crawled 1391 pages (at 20 pages/min), scraped 1302 items (at 20 items/min)
2026-03-17 20:58:39 [kaufland_products] INFO: Scraped: Illy kawa ziarnista espresso 250 g | EAN=8003753900520 | kcal=0.0
2026-03-17 20:58:39 [kaufland_products] WARNING: No nutrition data for: Illy kawa ziarnista espresso 250 g
2026-03-17 20:58:40 [kaufland_products] INFO: Scraped: Lavazza Caffè Crema Classico | celozrnná | 1000g | EAN=8000070127418 8000070128996 | kcal=0.0
2026-03-17 20:58:40 [kaufland_products] WARNING: No nutrition data for: Lavazza Caffè Crema Classico | celozrnná | 1000g
2026-03-17 20:58:43 [kaufland_products] INFO: Scraped: Tchibo Feine Milde Bohne 10002354 500g | EAN=4006067085024 | kcal=0.0
2026-03-17 20:58:43 [kaufland_products] WARNING: No nutrition data for: Tchibo Feine Milde Bohne 10002354 500g
2026-03-17 20:58:45 [kaufland_products] INFO: Scraped: Dallmayr Espresso d Oro celozrnná káva silné chuti | EAN=4008167154679 4008167154600 | kcal=0.0
2026-03-17 20:58:45 [kaufland_products] WARNING: No nutrition data for: Dallmayr Espresso d Oro celozrnná káva silné chuti 1000g
2026-03-17 20:58:50 [kaufland_products] INFO: Scraped: Mövenpick Schumli Arabica beans Swiss-style indulg | EAN=4006581170060 | kcal=194.0
2026-03-17 20:58:53 [kaufland_products] INFO: Scraped: Illy Intenso Arabica mletá káva, intenzivní, tmavě | EAN=8003753950921 | kcal=3.0
2026-03-17 20:58:55 [kaufland_products] INFO: Scraped: Mövenpick DER HIMMLISCHE, 1000g fazole | EAN=4006581205007 | kcal=0.0
2026-03-17 20:58:55 [kaufland_products] WARNING: No nutrition data for: Mövenpick DER HIMMLISCHE, 1000g fazole
2026-03-17 20:58:58 [kaufland_products] INFO: Scraped: Pellini Top 1kg, 1 kg, Americano (slabšíˌ větší ob | EAN=8001685092702 | kcal=0.0
2026-03-17 20:58:58 [kaufland_products] WARNING: No nutrition data for: Pellini Top 1kg, 1 kg, Americano (slabšíˌ větší objem), Cappuccino, Káva, Espresso, 1 kusů
2026-03-17 20:59:01 [kaufland_products] INFO: Scraped: Nescafe Gold Espresso Intense Aroma rozpustná káva | EAN=7613036600996 | kcal=0.0
2026-03-17 20:59:01 [kaufland_products] WARNING: No nutrition data for: Nescafe Gold Espresso Intense Aroma rozpustná káva Arabica 100g
2026-03-17 20:59:04 [kaufland_products] INFO: Scraped: Káva - Plantážní mletá 250g | EAN=4012346045818 | kcal=0.0
2026-03-17 20:59:04 [kaufland_products] WARNING: No nutrition data for: Káva - Plantážní mletá 250g
2026-03-17 20:59:06 [kaufland_products] INFO: Scraped: Lavazza Gran Crema káva zrnková 1000g | EAN=8000070024854 | kcal=0.0
2026-03-17 20:59:06 [kaufland_products] WARNING: No nutrition data for: Lavazza Gran Crema káva zrnková 1000g
2026-03-17 20:59:11 [kaufland_products] INFO: Scraped: Jacobs Krönung Original filtrovaná káva Mletá káva | EAN=4000508076688 | kcal=0.0
2026-03-17 20:59:11 [kaufland_products] WARNING: No nutrition data for: Jacobs Krönung Original filtrovaná káva Mletá káva Premium 500g
2026-03-17 20:59:14 [kaufland_products] INFO: Scraped: Niederegger marcipánová příchuť cappuccino 10 sáčk | EAN=4000161850236 | kcal=0.0
2026-03-17 20:59:17 [kaufland_products] INFO: Scraped: Illy mletá káva espresso 250 g | EAN=8003753900438 8003753148373 | kcal=3.0
2026-03-17 20:59:19 [kaufland_products] INFO: Scraped: Dallmayr Prodomo mletá káva z nejlepších zrn Arabi | EAN=4008167103714 | kcal=0.0
2026-03-17 20:59:19 [kaufland_products] WARNING: No nutrition data for: Dallmayr Prodomo mletá káva z nejlepších zrn Arabiky 500g
2026-03-17 20:59:23 [kaufland_products] INFO: Scraped: Instantní cappuccino - rodinná dávka 400g | EAN=4000799100031 | kcal=399.0
2026-03-17 20:59:25 [kaufland_products] INFO: Scraped: Lavazza Káva GUSTO PIENO 4338 celozrnná 1kg | EAN=8000070043381 | kcal=0.0
2026-03-17 20:59:25 [kaufland_products] WARNING: No nutrition data for: Lavazza Káva GUSTO PIENO 4338 celozrnná 1kg
2026-03-17 20:59:29 [kaufland_products] INFO: Scraped: Segafredo Kaffee Intermezzo 174 gemahlen 250g | EAN=8003410344315 | kcal=0.0
2026-03-17 20:59:29 [kaufland_products] WARNING: No nutrition data for: Segafredo Kaffee Intermezzo 174 gemahlen 250g
2026-03-17 20:59:31 [kaufland_products] INFO: Scraped: Segafredo Kaffee Crema Gustoso 2034 Bohne 1000g | EAN=5900420080116 | kcal=0.0
2026-03-17 20:59:31 [kaufland_products] WARNING: No nutrition data for: Segafredo Kaffee Crema Gustoso 2034 Bohne 1000g
2026-03-17 20:59:34 [kaufland_products] INFO: Scraped: Al Cioccolata Rosso Scavi & Ray Rotwein mit Schoko | EAN=4025127096091 | kcal=0.0
2026-03-17 20:59:34 [kaufland_products] WARNING: No nutrition data for: Al Cioccolata Rosso Scavi & Ray Rotwein mit Schokolade trocken 750ml
2026-03-17 20:59:34 [scrapy.extensions.logstats] INFO: Crawled 1411 pages (at 20 pages/min), scraped 1322 items (at 20 items/min)
2026-03-17 20:59:36 [kaufland_products] INFO: Scraped: Castle Som. nealkoholické bílé víno 750ml | EAN=4003301002403 | kcal=24.0
2026-03-17 20:59:42 [kaufland_products] INFO: Scraped: Grand Sud Chardonnay suché ovocné bílé víno z Fran | EAN=3263286350161 | kcal=0.0
2026-03-17 20:59:42 [kaufland_products] WARNING: No nutrition data for: Grand Sud Chardonnay suché ovocné bílé víno z Francie 1000ml
2026-03-17 20:59:44 [kaufland_products] INFO: Scraped: Katlenburg jahodové víno 8,5 % | EAN=4001486770209 | kcal=0.0
2026-03-17 20:59:44 [kaufland_products] WARNING: No nutrition data for: Katlenburg jahodové víno 8,5 %
2026-03-17 20:59:45 [kaufland_products] INFO: Scraped: Nicolas Napoleon Merlot červené víno suché bobulov | EAN=3030302115024 | kcal=0.0
2026-03-17 20:59:45 [kaufland_products] WARNING: No nutrition data for: Nicolas Napoleon Merlot červené víno suché bobulové jemné plné 750ml
2026-03-17 20:59:50 [kaufland_products] INFO: Scraped: Yellow Tail Cabernet Sauvignon červené víno suché  | EAN=9322214007806 | kcal=0.0
2026-03-17 20:59:50 [kaufland_products] WARNING: No nutrition data for: Yellow Tail Cabernet Sauvignon červené víno suché ovocné 750ml
2026-03-17 20:59:53 [kaufland_products] INFO: Scraped: Feinkost Käfer lehké suché Chardonnay s medovo-van | EAN=4003301002434 | kcal=0.0
2026-03-17 20:59:53 [kaufland_products] WARNING: No nutrition data for: Feinkost Käfer lehké suché Chardonnay s medovo-vanilkovým nádechem 750ml
2026-03-17 20:59:56 [kaufland_products] INFO: Scraped: Brancott Estate Sauvignon Blanc Marlborough Weißwe | EAN=9414024514275 | kcal=0.0
2026-03-17 20:59:56 [kaufland_products] WARNING: No nutrition data for: Brancott Estate Sauvignon Blanc Marlborough Weißwein trocken 750ml
2026-03-17 20:59:59 [kaufland_products] INFO: Scraped: Freixenet Mederano Tinto sweet cuvée červené ze Šp | EAN=8410384004631 | kcal=83.0
2026-03-17 21:00:02 [kaufland_products] INFO: Scraped: Bordeaux Rothschild AOC červené víno z Francie suc | EAN=3262151254757 | kcal=0.0
2026-03-17 21:00:02 [kaufland_products] WARNING: No nutrition data for: Bordeaux Rothschild AOC červené víno z Francie suché 750ml
2026-03-17 21:00:04 [kaufland_products] INFO: Scraped: Rotwild Dornfelder QbA. suché ovoce třešní a ostru | EAN=4003301027468 | kcal=0.0
2026-03-17 21:00:04 [kaufland_products] WARNING: No nutrition data for: Rotwild Dornfelder QbA. suché ovoce třešní a ostružin 750ml
2026-03-17 21:00:06 [kaufland_products] INFO: Scraped: Camino - Lindo 12,7%obj. 0,75l | EAN=8437001679171 | kcal=0.0
2026-03-17 21:00:06 [kaufland_products] WARNING: No nutrition data for: Camino - Lindo 12,7%obj. 0,75l
2026-03-17 21:00:11 [kaufland_products] INFO: Scraped: Liebfraumilch jakostní víno 9,5 % 750ml | EAN=4003301007736 | kcal=0.0
2026-03-17 21:00:11 [kaufland_products] WARNING: No nutrition data for: Liebfraumilch jakostní víno 9,5 % 750ml
2026-03-17 21:00:13 [kaufland_products] INFO: Scraped: Monte Rosso sladké 9,5 % 750ml | EAN=4003301011566 | kcal=0.0
2026-03-17 21:00:13 [kaufland_products] WARNING: No nutrition data for: Monte Rosso sladké 9,5 % 750ml
2026-03-17 21:00:16 [kaufland_products] INFO: Scraped: Balaton červené polosuché Balatonboglari červené v | EAN=5998813113411 | kcal=0.0
2026-03-17 21:00:16 [kaufland_products] WARNING: No nutrition data for: Balaton červené polosuché Balatonboglari červené víno rubínově červené 750ml
2026-03-17 21:00:18 [kaufland_products] INFO: Scraped: Peter Mertes Bree Ryzlink rýnský s trpkou ovocnou  | EAN=4003301058509 4003301058516 | kcal=0.0
2026-03-17 21:00:18 [kaufland_products] WARNING: No nutrition data for: Peter Mertes Bree Ryzlink rýnský s trpkou ovocnou chutí 750ml
2026-03-17 21:00:21 [kaufland_products] INFO: Scraped: Double Step Primitivo | EAN=4002859121116 | kcal=0.0
2026-03-17 21:00:21 [kaufland_products] WARNING: No nutrition data for: Double Step Primitivo
2026-03-17 21:00:25 [kaufland_products] INFO: Scraped: Dětský punč Sněhulák nealkoholický s ovocnou šťávo | EAN=4006452008409 | kcal=0.0
2026-03-17 21:00:28 [kaufland_products] INFO: Scraped: Rotwild Dornfelder sladké kořeněné červené víno Rh | EAN=4003301027505 | kcal=0.0
2026-03-17 21:00:28 [kaufland_products] WARNING: No nutrition data for: Rotwild Dornfelder sladké kořeněné červené víno Rheinhessen 750ml
2026-03-17 21:00:32 [kaufland_products] INFO: Scraped: Doppio Passo Primitivo Puglia červené | EAN=4002859120799 | kcal=0.0
2026-03-17 21:00:32 [kaufland_products] WARNING: No nutrition data for: Doppio Passo Primitivo Puglia červené
2026-03-17 21:00:34 [scrapy.extensions.logstats] INFO: Crawled 1430 pages (at 19 pages/min), scraped 1341 items (at 19 items/min)
2026-03-17 21:00:35 [kaufland_products] INFO: Scraped: La Corrida Tempranillo trocken 13 % 750ml | EAN=4003301012259 | kcal=0.0
2026-03-17 21:00:35 [kaufland_products] WARNING: No nutrition data for: La Corrida Tempranillo trocken 13 % 750ml
2026-03-17 21:00:38 [kaufland_products] INFO: Scraped: Bomann BZ 6029 CB, 5 l, Černá, Nerezová ocel | EAN=4004470660296 | kcal=0.0
2026-03-17 21:00:38 [kaufland_products] WARNING: No nutrition data for: Bomann BZ 6029 CB, 5 l, Černá, Nerezová ocel
2026-03-17 21:00:40 [kaufland_products] INFO: Scraped: Orion pivní sklenice FUSSBALLFÖRMIG sklenice s uch | EAN=8592381157890 | kcal=0.0
2026-03-17 21:00:40 [kaufland_products] WARNING: No nutrition data for: Orion pivní sklenice FUSSBALLFÖRMIG sklenice s uchem 0,35l
2026-03-17 21:00:43 [kaufland_products] INFO: Scraped: Vacu Vin Chladicí rukáv na víno | EAN=8714793385498 | kcal=0.0
2026-03-17 21:00:43 [kaufland_products] WARNING: No nutrition data for: Vacu Vin Chladicí rukáv na víno
2026-03-17 21:00:46 [kaufland_products] INFO: Scraped: Otvírák na láhve - Otevřený pivní pult | EAN=4029811446070 | kcal=0.0
2026-03-17 21:00:46 [kaufland_products] WARNING: No nutrition data for: Otvírák na láhve - Otevřený pivní pult
2026-03-17 21:00:50 [kaufland_products] INFO: Scraped: Philips Beer Draft System PerfectDraft black Schwa | EAN=8720389041402 | kcal=0.0
2026-03-17 21:00:50 [kaufland_products] WARNING: No nutrition data for: Philips Beer Draft System PerfectDraft black Schwarz HD3770 90
2026-03-17 21:00:52 [kaufland_products] INFO: Scraped: Mad Monkey - Zásobník na pivo v plechovkách | EAN=4260513721793 | kcal=0.0
2026-03-17 21:00:52 [kaufland_products] WARNING: No nutrition data for: Mad Monkey - Zásobník na pivo v plechovkách
2026-03-17 21:00:54 [kaufland_products] INFO: Scraped: 10L čisticí nádoba z nerezové oceli čisticí sud s  | EAN=738630184639 0738630184639 | kcal=0.0
2026-03-17 21:00:54 [kaufland_products] WARNING: No nutrition data for: 10L čisticí nádoba z nerezové oceli čisticí sud s víkem systém nalévání piva box na nalévání piva systém nalévání piva
2026-03-17 21:00:58 [kaufland_products] INFO: Scraped: Jerry Fabrics Plážová osuška 70x140 pivní džbán ba | EAN=8592753026496 | kcal=0.0
2026-03-17 21:00:58 [kaufland_products] WARNING: No nutrition data for: Jerry Fabrics Plážová osuška 70x140 pivní džbán bavlna 6496
2026-03-17 21:01:01 [kaufland_products] INFO: Scraped: Philips HD 3720/25 Perfect Draft Bierzapfanlage | EAN=8710103865070 | kcal=0.0
2026-03-17 21:01:01 [kaufland_products] WARNING: No nutrition data for: Philips HD 3720/25 Perfect Draft Bierzapfanlage
2026-03-17 21:01:03 [kaufland_products] INFO: Scraped: Pivní tepláková souprava pro něj a pro ni velikost | EAN=8003558971947 | kcal=0.0
2026-03-17 21:01:03 [kaufland_products] WARNING: No nutrition data for: Pivní tepláková souprava pro něj a pro ni velikosti S až 3XL - Pivní souprava XL - 185-192 cm
2026-03-17 21:01:06 [kaufland_products] INFO: Scraped: InnovaGoods - Kulový chladicí box na pivo, inovati | EAN=4899888115489 | kcal=0.0
2026-03-17 21:01:06 [kaufland_products] WARNING: No nutrition data for: InnovaGoods - Kulový chladicí box na pivo, inovativní design, objem 3,5 litru, bez BPA, snadné použití, univerzální pro večírky, stříbrná, 24x24x42 cm
2026-03-17 21:01:10 [kaufland_products] INFO: Scraped: Španělské pivo - "1906" Reserva - Cerveza (33cl) | EAN=8412598031311 | kcal=0.0
2026-03-17 21:01:10 [kaufland_products] WARNING: No nutrition data for: Španělské pivo - "1906" Reserva - Cerveza (33cl)
2026-03-17 21:01:13 [kaufland_products] INFO: Scraped: H.Koenig BW1778, 5 l, Výčep na čepované pivo, Hein | EAN=3760124954364 | kcal=0.0
2026-03-17 21:01:13 [kaufland_products] WARNING: No nutrition data for: H.Koenig BW1778, 5 l, Výčep na čepované pivo, Heineken, Černá, Nerezová ocel, 30 dny, 65 W
2026-03-17 21:01:17 [kaufland_products] INFO: Scraped: relaxdays Pivní sloupec s výčepem | EAN=4052025209926 | kcal=0.0
2026-03-17 21:01:17 [kaufland_products] WARNING: No nutrition data for: relaxdays Pivní sloupec s výčepem
2026-03-17 21:01:19 [kaufland_products] INFO: Scraped: Klarstein Big Spender, lednice na pivní sudy, sudy | EAN=4260509685429 | kcal=0.0
2026-03-17 21:01:19 [kaufland_products] WARNING: No nutrition data for: Klarstein Big Spender, lednice na pivní sudy, sudy s CO2 do 50 l, šedá
2026-03-17 21:01:21 [kaufland_products] INFO: Scraped: Clatronic BZ 3740, studené nápoje, izolovaný, nere | EAN=4006160639209 | kcal=0.0
2026-03-17 21:01:21 [kaufland_products] WARNING: No nutrition data for: Clatronic BZ 3740, studené nápoje, izolovaný, nerezová ocel, tlačítka, otočný ovladač, LED, 5 l
2026-03-17 21:01:25 [kaufland_products] INFO: Scraped: Segafredo 1071307003 Segafredo Selezione Crema zrn | EAN=9001810011607 | kcal=0.0
2026-03-17 21:01:25 [kaufland_products] WARNING: No nutrition data for: Segafredo 1071307003 Segafredo Selezione Crema zrnková káva Arabica a Robusta jemná 1,0 kg
2026-03-17 21:01:28 [kaufland_products] INFO: Scraped: Dallmayr Coffee Classic silná aromatizovaná káva m | EAN=4008167023906 | kcal=0.0
2026-03-17 21:01:28 [kaufland_products] WARNING: No nutrition data for: Dallmayr Coffee Classic silná aromatizovaná káva mletá 500g
2026-03-17 21:01:31 [kaufland_products] INFO: Scraped: Dallmayr Káva Crema d Oro Celá zrna sametově jemná | EAN=4008167152729 | kcal=0.0
2026-03-17 21:01:31 [kaufland_products] WARNING: No nutrition data for: Dallmayr Káva Crema d Oro Celá zrna sametově jemná crema 1000g
2026-03-17 21:01:34 [kaufland_products] INFO: Scraped: Pellini 1KG NO3 GRAN AROMA Z/6 | EAN=8001685128142 | kcal=0.0
2026-03-17 21:01:34 [kaufland_products] WARNING: No nutrition data for: Pellini 1KG NO3 GRAN AROMA Z/6
2026-03-17 21:01:34 [scrapy.extensions.logstats] INFO: Crawled 1451 pages (at 21 pages/min), scraped 1362 items (at 21 items/min)
2026-03-17 21:01:37 [kaufland_products] INFO: Scraped: Lucaffe Mamma Lucia, 1 kg | EAN=8021103782572 | kcal=0.0
2026-03-17 21:01:37 [kaufland_products] WARNING: No nutrition data for: Lucaffe Mamma Lucia, 1 kg
2026-03-17 21:01:39 [kaufland_products] INFO: Scraped: Dallmayr Crema d'Oro Celozrnná káva | EAN=4016369356555 | kcal=2.0
2026-03-17 21:01:44 [kaufland_products] INFO: Scraped: Dallmayr Prodomo Caffee Crema Celá zrna sametově j | EAN=4008167055105 | kcal=0.0
2026-03-17 21:01:44 [kaufland_products] WARNING: No nutrition data for: Dallmayr Prodomo Caffee Crema Celá zrna sametově jemná 1000g
2026-03-17 21:01:47 [kaufland_products] INFO: Scraped: Zichorie - Original 500g | EAN=5411788026253 | kcal=330.0
2026-03-17 21:01:49 [kaufland_products] INFO: Scraped: Mövenpick El Autentico Káva Crema celá zrna silná  | EAN=4006581012421 | kcal=194.0
2026-03-17 21:01:52 [kaufland_products] INFO: Scraped: Pellini Espresso Bar N° 9 Cremoso 1kg Kaffeebohnen | EAN=8001685122416 | kcal=0.0
2026-03-17 21:01:52 [kaufland_products] WARNING: No nutrition data for: Pellini Espresso Bar N° 9 Cremoso 1kg Kaffeebohnen
2026-03-17 21:01:55 [kaufland_products] INFO: Scraped: Lavazza Espresso Italiano Aromatico | EAN=8000070038677 | kcal=0.0
2026-03-17 21:01:55 [kaufland_products] WARNING: No nutrition data for: Lavazza Espresso Italiano Aromatico
2026-03-17 21:01:58 [kaufland_products] INFO: Scraped: Lucaffé Espresso Bar, zrnková, 1000g | EAN=8021103792090 | kcal=0.0
2026-03-17 21:01:58 [kaufland_products] WARNING: No nutrition data for: Lucaffé Espresso Bar, zrnková, 1000g
2026-03-17 21:02:00 [kaufland_products] INFO: Scraped: Káva zrnková Vergnano Granaroma 1 kg | EAN=8001800000094 | kcal=0.0
2026-03-17 21:02:00 [kaufland_products] WARNING: No nutrition data for: Káva zrnková Vergnano Granaroma 1 kg
2026-03-17 21:02:05 [kaufland_products] INFO: Scraped: Lavazza Espresso Crema e Aroma 1000g, 1 kg, Americ | EAN=8000070024441 | kcal=0.0
2026-03-17 21:02:05 [kaufland_products] WARNING: No nutrition data for: Lavazza Espresso Crema e Aroma 1000g, 1 kg, Americano (slabšíˌ větší objem), Espresso, Středně pražená, Arabica and Robusta, Itálie, 1 kusů
2026-03-17 21:02:08 [kaufland_products] INFO: Scraped: JACOBS Káva Krönung 5908 celozrnná 500g | EAN=4000508059087 | kcal=0.0
2026-03-17 21:02:08 [kaufland_products] WARNING: No nutrition data for: JACOBS Káva Krönung 5908 celozrnná 500g
2026-03-17 21:02:10 [kaufland_products] INFO: Scraped: Kawa ziarnista Tchibo Barista Caffe Crema 1kg | EAN=4046234928808 | kcal=0.0
2026-03-17 21:02:10 [kaufland_products] WARNING: No nutrition data for: Kawa ziarnista Tchibo Barista Caffe Crema 1kg
2026-03-17 21:02:14 [kaufland_products] INFO: Scraped: Mövenpick Gold rozpustná instantní pražená káva Ar | EAN=4006581018126 | kcal=0.0
2026-03-17 21:02:14 [kaufland_products] WARNING: No nutrition data for: Mövenpick Gold rozpustná instantní pražená káva Arabica 100g
2026-03-17 21:02:16 [kaufland_products] INFO: Scraped: Café Intención CLÁSICO káva mega ekonomické balení | EAN=4006581002606 | kcal=0.0
2026-03-17 21:02:16 [kaufland_products] WARNING: No nutrition data for: Café Intención CLÁSICO káva mega ekonomické balení, 12x500g mletá
2026-03-17 21:02:18 [kaufland_products] INFO: Scraped: Melitta Harmonie Mild mletá filtrovaná káva, pro k | EAN=4002720052280 | kcal=0.0
2026-03-17 21:02:18 [kaufland_products] WARNING: No nutrition data for: Melitta Harmonie Mild mletá filtrovaná káva, pro kávovary na filtrovanou kávu, v sadě
2026-03-17 21:02:24 [kaufland_products] INFO: Scraped: Mletá filtrovaná káva Melitta Auslese Mild, pro ká | EAN=4002720052112 | kcal=0.0
2026-03-17 21:02:24 [kaufland_products] WARNING: No nutrition data for: Mletá filtrovaná káva Melitta Auslese Mild, pro kávovary na filtrovanou kávu, v sadě
2026-03-17 21:02:26 [kaufland_products] INFO: Scraped: Lavazza Káva GUSTO FORTE 2868 celozrnná 1kg | EAN=8000070028685 | kcal=0.0
2026-03-17 21:02:26 [kaufland_products] WARNING: No nutrition data for: Lavazza Káva GUSTO FORTE 2868 celozrnná 1kg
2026-03-17 21:02:29 [kaufland_products] INFO: Scraped: Segafredo Káva Intermezzo 663 celozrnná 1kg | EAN=8003410311171 8003410911166 | kcal=275.0
2026-03-17 21:02:31 [kaufland_products] INFO: Scraped: Mövenpick Caffe Crema celá zrnková káva sametově j | EAN=4006581017716 | kcal=194.0
2026-03-17 21:02:34 [kaufland_products] INFO: Scraped: Illy 7189, 250 g, Espresso, 24 měsíc/ů, 1 kusů, 91 | EAN=8003753915050 | kcal=3.0
2026-03-17 21:02:34 [scrapy.extensions.logstats] INFO: Crawled 1471 pages (at 20 pages/min), scraped 1382 items (at 20 items/min)
2026-03-17 21:02:37 [kaufland_products] INFO: Scraped: Starbucks Breakfast Blend káva 450g | EAN=8445290500304 | kcal=0.0
2026-03-17 21:02:37 [kaufland_products] WARNING: No nutrition data for: Starbucks Breakfast Blend káva 450g
2026-03-17 21:02:40 [kaufland_products] INFO: Scraped: Mövenpick der Milde Harmonische Milde Káva Arabica | EAN=4006581017303 4006581803302 | kcal=194.0
2026-03-17 21:02:43 [kaufland_products] INFO: [voda] page 1: found 31 product links
2026-03-17 21:02:46 [kaufland_products] INFO: [chipsy] page 1: found 27 product links
2026-03-17 21:02:49 [kaufland_products] INFO: [zmrzlina] page 1: found 25 product links
2026-03-17 21:02:52 [kaufland_products] INFO: [voda] page 2: found 36 product links
2026-03-17 21:02:57 [kaufland_products] INFO: [zmrzlina] page 2: found 25 product links
2026-03-17 21:03:00 [kaufland_products] INFO: [voda] page 3: found 33 product links
2026-03-17 21:03:02 [scrapy-playwright] WARNING: Closing page due to failed request: <GET https://www.kaufland.cz/s/?search_value=su%C5%A1enky> exc_type=<class 'playwright._impl._errors.TimeoutError'> exc_msg=Page.wait_for_selector: Timeout 15000ms exceeded.
Call log:
  - waiting for locator("a[href*='/product/']") to be visible
Traceback (most recent call last):
  File "/home/krokviak/.local/lib/python3.12/site-packages/scrapy_playwright/handler.py", line 480, in _download_request_with_retry
    return await self._download_request_with_page(request, page, spider)
           ^^^^^^^^^^^^^^^^^^^^^^^^^^^^^^^^^^^^^^^^^^^^^^^^^^^^^^^^^^^^^
  File "/home/krokviak/.local/lib/python3.12/site-packages/scrapy_playwright/handler.py", line 528, in _download_request_with_page
    await self._apply_page_methods(page, request, spider)
  File "/home/krokviak/.local/lib/python3.12/site-packages/scrapy_playwright/handler.py", line 678, in _apply_page_methods
    pm.result = await _maybe_await(method(*pm.args, **pm.kwargs))
                ^^^^^^^^^^^^^^^^^^^^^^^^^^^^^^^^^^^^^^^^^^^^^^^^^
  File "/home/krokviak/.local/lib/python3.12/site-packages/scrapy_playwright/_utils.py", line 23, in _maybe_await
    return await obj
           ^^^^^^^^^
  File "/home/krokviak/.local/lib/python3.12/site-packages/playwright/async_api/_generated.py", line 8234, in wait_for_selector
    await self._impl_obj.wait_for_selector(
  File "/home/krokviak/.local/lib/python3.12/site-packages/playwright/_impl/_page.py", line 419, in wait_for_selector
    return await self._main_frame.wait_for_selector(**locals_to_params(locals()))
           ^^^^^^^^^^^^^^^^^^^^^^^^^^^^^^^^^^^^^^^^^^^^^^^^^^^^^^^^^^^^^^^^^^^^^^
  File "/home/krokviak/.local/lib/python3.12/site-packages/playwright/_impl/_frame.py", line 369, in wait_for_selector
    await self._channel.send(
  File "/home/krokviak/.local/lib/python3.12/site-packages/playwright/_impl/_connection.py", line 69, in send
    return await self._connection.wrap_api_call(
           ^^^^^^^^^^^^^^^^^^^^^^^^^^^^^^^^^^^^^
  File "/home/krokviak/.local/lib/python3.12/site-packages/playwright/_impl/_connection.py", line 559, in wrap_api_call
    raise rewrite_error(error, f"{parsed_st['apiName']}: {error}") from None
playwright._impl._errors.TimeoutError: Page.wait_for_selector: Timeout 15000ms exceeded.
Call log:
  - waiting for locator("a[href*='/product/']") to be visible

2026-03-17 21:03:02 [kaufland_products] INFO: [zmrzlina] page 3: found 1 product links
2026-03-17 21:03:02 [kaufland_products] WARNING: Request failed: https://www.kaufland.cz/s/?search_value=su%C5%A1enky: Page.wait_for_selector: Timeout 15000ms exceeded.
Call log:
  - waiting for locator("a[href*='/product/']") to be visible

2026-03-17 21:03:04 [kaufland_products] INFO: [voda] page 4: found 33 product links
2026-03-17 21:03:06 [kaufland_products] INFO: [zmrzlina] page 4: found 18 product links
2026-03-17 21:03:08 [scrapy-playwright] WARNING: Closing page due to failed request: <GET https://www.kaufland.cz/s/?search_value=chipsy&page=2> exc_type=<class 'playwright._impl._errors.TimeoutError'> exc_msg=Page.wait_for_selector: Timeout 15000ms exceeded.
Call log:
  - waiting for locator("a[href*='/product/']") to be visible
Traceback (most recent call last):
  File "/home/krokviak/.local/lib/python3.12/site-packages/scrapy_playwright/handler.py", line 480, in _download_request_with_retry
    return await self._download_request_with_page(request, page, spider)
           ^^^^^^^^^^^^^^^^^^^^^^^^^^^^^^^^^^^^^^^^^^^^^^^^^^^^^^^^^^^^^
  File "/home/krokviak/.local/lib/python3.12/site-packages/scrapy_playwright/handler.py", line 528, in _download_request_with_page
    await self._apply_page_methods(page, request, spider)
  File "/home/krokviak/.local/lib/python3.12/site-packages/scrapy_playwright/handler.py", line 678, in _apply_page_methods
    pm.result = await _maybe_await(method(*pm.args, **pm.kwargs))
                ^^^^^^^^^^^^^^^^^^^^^^^^^^^^^^^^^^^^^^^^^^^^^^^^^
  File "/home/krokviak/.local/lib/python3.12/site-packages/scrapy_playwright/_utils.py", line 23, in _maybe_await
    return await obj
           ^^^^^^^^^
  File "/home/krokviak/.local/lib/python3.12/site-packages/playwright/async_api/_generated.py", line 8234, in wait_for_selector
    await self._impl_obj.wait_for_selector(
  File "/home/krokviak/.local/lib/python3.12/site-packages/playwright/_impl/_page.py", line 419, in wait_for_selector
    return await self._main_frame.wait_for_selector(**locals_to_params(locals()))
           ^^^^^^^^^^^^^^^^^^^^^^^^^^^^^^^^^^^^^^^^^^^^^^^^^^^^^^^^^^^^^^^^^^^^^^
  File "/home/krokviak/.local/lib/python3.12/site-packages/playwright/_impl/_frame.py", line 369, in wait_for_selector
    await self._channel.send(
  File "/home/krokviak/.local/lib/python3.12/site-packages/playwright/_impl/_connection.py", line 69, in send
    return await self._connection.wrap_api_call(
           ^^^^^^^^^^^^^^^^^^^^^^^^^^^^^^^^^^^^^
  File "/home/krokviak/.local/lib/python3.12/site-packages/playwright/_impl/_connection.py", line 559, in wrap_api_call
    raise rewrite_error(error, f"{parsed_st['apiName']}: {error}") from None
playwright._impl._errors.TimeoutError: Page.wait_for_selector: Timeout 15000ms exceeded.
Call log:
  - waiting for locator("a[href*='/product/']") to be visible

2026-03-17 21:03:09 [kaufland_products] WARNING: Request failed: https://www.kaufland.cz/s/?search_value=chipsy&page=2: Page.wait_for_selector: Timeout 15000ms exceeded.
Call log:
  - waiting for locator("a[href*='/product/']") to be visible

2026-03-17 21:03:12 [kaufland_products] INFO: [voda] page 5: found 21 product links
2026-03-17 21:03:15 [kaufland_products] INFO: [zmrzlina] page 5: found 1 product links
2026-03-17 21:03:17 [kaufland_products] INFO: Scraped: Výrobník zmrzliny 1,5l ICE31GE Green | EAN=3030050152524 | kcal=0.0
2026-03-17 21:03:17 [kaufland_products] WARNING: No nutrition data for: Výrobník zmrzliny 1,5l ICE31GE Green
2026-03-17 21:03:20 [kaufland_products] INFO: Scraped: SucceBuy stroj na výrobu nealkoholické zmrzliny 22 | EAN=8721334038386 | kcal=0.0
2026-03-17 21:03:20 [kaufland_products] WARNING: No nutrition data for: SucceBuy stroj na výrobu nealkoholické zmrzliny 2200 W, komerční, vertikální, 5,3 - 7,4 litrů za hodinu, 3 příchutě, nerezová ocel, pro restaurace, bary, kavárny, pekárny
2026-03-17 21:03:23 [kaufland_products] INFO: Scraped: Láhev na pití Láhev na vodu Sportovní láhev Láhev  | EAN=5900724055889 | kcal=0.0
2026-03-17 21:03:23 [kaufland_products] WARNING: No nutrition data for: Láhev na pití Láhev na vodu Sportovní láhev Láhev na kolo 500 ml černá
2026-03-17 21:03:24 [kaufland_products] INFO: Scraped: Stroj na zmrzlinu Woron na mražené ovoce Zmrzlinov | EAN=4058399055169 | kcal=0.0
2026-03-17 21:03:24 [kaufland_products] WARNING: No nutrition data for: Stroj na zmrzlinu Woron na mražené ovoce Zmrzlinovač na mražené ovoce A-Goods
2026-03-17 21:03:29 [kaufland_products] INFO: Scraped: Blumtal láhev na pití z nerezové oceli, izolovaná  | EAN=4251897507837 | kcal=0.0
2026-03-17 21:03:29 [kaufland_products] WARNING: No nutrition data for: Blumtal láhev na pití z nerezové oceli, izolovaná termoska 1000 ml - Světle modrá - Nepropustná kovová láhev na pití - Termo láhev na pití bez BPA
2026-03-17 21:03:32 [kaufland_products] INFO: Scraped: Blumtal láhev na pití z nerezové oceli, izolovaná  | EAN=4251897507486 | kcal=0.0
2026-03-17 21:03:32 [kaufland_products] WARNING: No nutrition data for: Blumtal láhev na pití z nerezové oceli, izolovaná termoska 350 ml - Tmavě zelená - Nepropustná láhev na pití z kovu - Termo láhev na pití bez BPA
2026-03-17 21:03:34 [scrapy.extensions.logstats] INFO: Crawled 1490 pages (at 19 pages/min), scraped 1390 items (at 8 items/min)
2026-03-17 21:03:35 [kaufland_products] INFO: Scraped: Láhev na pití Blumtal Charles - nepropustná, bez B | EAN=4251897507684 | kcal=0.0
2026-03-17 21:03:35 [kaufland_products] WARNING: No nutrition data for: Láhev na pití Blumtal Charles - nepropustná, bez BPA, hodinová izolace teplé a studené vody - přijatelné
2026-03-17 21:03:37 [kaufland_products] INFO: Scraped: Black + Blum BAM Ocelová láhev na vodu malá 600 ml | EAN=5060089726227 | kcal=0.0
2026-03-17 21:03:37 [kaufland_products] WARNING: No nutrition data for: Black + Blum BAM Ocelová láhev na vodu malá 600 ml Ocean
2026-03-17 21:03:39 [kaufland_products] INFO: Scraped: 2x láhev na pití Kavodrink 1 litr | EAN=601673747003 0601673747003 | kcal=0.0
2026-03-17 21:03:39 [kaufland_products] WARNING: No nutrition data for: 2x láhev na pití Kavodrink 1 litr
2026-03-17 21:03:44 [kaufland_products] INFO: Scraped: Lahev Na Vodu Skleněná 750Ml H2O | EAN=5905386300315 | kcal=0.0
2026-03-17 21:03:44 [kaufland_products] WARNING: No nutrition data for: Lahev Na Vodu Skleněná 750Ml H2O
2026-03-17 21:03:47 [kaufland_products] INFO: Scraped: 3x láhev na pití Kavodrink Classic Sport 0,75 l | EAN=601673747140 0601673747140 | kcal=0.0
2026-03-17 21:03:47 [kaufland_products] WARNING: No nutrition data for: 3x láhev na pití Kavodrink Classic Sport 0,75 l
2026-03-17 21:03:49 [kaufland_products] INFO: Scraped: Peppa Pig - Trinkflasche 400 ml | EAN=8435507858687 | kcal=0.0
2026-03-17 21:03:49 [kaufland_products] WARNING: No nutrition data for: Peppa Pig - Trinkflasche 400 ml
2026-03-17 21:03:51 [kaufland_products] INFO: Scraped: Oxybag Láhev OXY CLiCK 600 ml - OXY Ombre Blue- pi | EAN=8596424172840 | kcal=0.0
2026-03-17 21:03:51 [kaufland_products] WARNING: No nutrition data for: Oxybag Láhev OXY CLiCK 600 ml - OXY Ombre Blue- pink
2026-03-17 21:03:57 [kaufland_products] INFO: Scraped: Dinosauří termo láhev 350 ml | EAN=5400858562012 | kcal=0.0
2026-03-17 21:03:57 [kaufland_products] WARNING: No nutrition data for: Dinosauří termo láhev 350 ml
2026-03-17 21:03:59 [kaufland_products] INFO: Scraped: Casno Tennessee Čirá láhev na pití 750 ml, láhev n | EAN=5907713344801 | kcal=0.0
2026-03-17 21:03:59 [kaufland_products] WARNING: No nutrition data for: Casno Tennessee Čirá láhev na pití 750 ml, láhev na vodu bez BPA, Tritan, láhev do posilovny, sportovní láhev na kolo, outdoor, fitness, lehká, zelená.
2026-03-17 21:04:02 [kaufland_products] INFO: Scraped: Filtrační konvice Dafi Atria + 2 kazety Classic | EAN=5900950926908 | kcal=0.0
2026-03-17 21:04:02 [kaufland_products] WARNING: No nutrition data for: Filtrační konvice Dafi Atria + 2 kazety Classic
2026-03-17 21:04:03 [kaufland_products] INFO: Scraped: Destilovaná voda Velvana (5l) | EAN=8591522317612 | kcal=0.0
2026-03-17 21:04:03 [kaufland_products] WARNING: No nutrition data for: Destilovaná voda Velvana (5l)
2026-03-17 21:04:09 [kaufland_products] INFO: Scraped: Ariete 0643/01, Zmrzlinovač - dóza, 1,5 l, 1 misky | EAN=8003705121294 | kcal=0.0
2026-03-17 21:04:09 [kaufland_products] WARNING: No nutrition data for: Ariete 0643/01, Zmrzlinovač - dóza, 1,5 l, 1 misky/misek, Světle modrá, 30 min, 24 h
2026-03-17 21:04:12 [kaufland_products] INFO: Scraped: ProfiCook PC-ICM 1268, Kompresorový zmrzlinovač, 1 | EAN=4006160012682 | kcal=0.0
2026-03-17 21:04:12 [kaufland_products] WARNING: No nutrition data for: ProfiCook PC-ICM 1268, Kompresorový zmrzlinovač, 1,5 l, Nerezová ocel, 25 min, LED, Nerezová ocel
2026-03-17 21:04:14 [kaufland_products] INFO: Scraped: VEVOR stroj na fritování zmrzlinových rolád, čtver | EAN=0197988198871 197988198871 | kcal=0.0
2026-03-17 21:04:14 [kaufland_products] WARNING: No nutrition data for: VEVOR stroj na fritování zmrzlinových rolád, čtvercová pánev o rozměrech 35,4 x 35,4 cm na fritování zmrzliny, komerční stroj na zmrzlinu z nerezové oceli s kompresorem a 2 škrabkami
2026-03-17 21:04:16 [kaufland_products] INFO: Scraped: Stroj na výrobu zmrzliny Drions / stroj na výrobu  | EAN=4260184615520 | kcal=0.0
2026-03-17 21:04:16 [kaufland_products] WARNING: No nutrition data for: Stroj na výrobu zmrzliny Drions / stroj na výrobu zmrzliny Zmrzlinovač A-grade
2026-03-17 21:04:19 [kaufland_products] INFO: Scraped: Výrobník zmrzliny IcyTreat IC-1010 EU –  CE – Plně | EAN=9345750863125 | kcal=0.0
2026-03-17 21:04:19 [kaufland_products] WARNING: No nutrition data for: Výrobník zmrzliny IcyTreat IC-1010 EU –  CE – Plně automatický, kryt z nerezové oceli – Vybavený 3 nádobami a 12 programy – Stříbrný
2026-03-17 21:04:21 [kaufland_products] INFO: Scraped: Vaničky na zmrzlinu Ninja Creami XSKPNTLID4EUK, 4x | EAN=622356267199 0622356267199 | kcal=0.0
2026-03-17 21:04:21 [kaufland_products] WARNING: No nutrition data for: Vaničky na zmrzlinu Ninja Creami XSKPNTLID4EUK, 4x710 ml, bez BPA, vhodné do myčky, těsně přiléhající, průhledné/vícebarevné
2026-03-17 21:04:27 [kaufland_products] INFO: Scraped: SucceBuy Komerční stroj na výrobu zmrzliny ze sněh | EAN=08721334066839 8721334066839 | kcal=0.0
2026-03-17 21:04:27 [kaufland_products] WARNING: No nutrition data for: SucceBuy Komerční stroj na výrobu zmrzliny ze sněhových vloček - 375 liber/24 hodin, nerezová ocel, rychlé chlazení, ideální pro kavárny a pekárny
2026-03-17 21:04:29 [kaufland_products] INFO: Scraped: WMF 04.1645.0011 WMF Küchenminis Eismaschine | EAN=4211129128452 | kcal=0.0
2026-03-17 21:04:29 [kaufland_products] WARNING: No nutrition data for: WMF 04.1645.0011 WMF Küchenminis Eismaschine
2026-03-17 21:04:32 [kaufland_products] INFO: Scraped: SucceBuy stroj na jemnou zmrzlinu 2200 W, komerční | EAN=08721334038362 8721334038362 | kcal=0.0
2026-03-17 21:04:32 [kaufland_products] WARNING: No nutrition data for: SucceBuy stroj na jemnou zmrzlinu 2200 W, komerční pracovní deska, 5,3 - 7,4 galonů/hod, pro restaurace, bary, kavárny, pekárny
2026-03-17 21:04:34 [scrapy.extensions.logstats] INFO: Crawled 1510 pages (at 20 pages/min), scraped 1410 items (at 20 items/min)
2026-03-17 21:04:35 [kaufland_products] INFO: Scraped: SEVERIN EZ 7407 - 1,2 l - 30 min - 1 Becken - Dreh | EAN=4008146031731 | kcal=0.0
2026-03-17 21:04:35 [kaufland_products] WARNING: No nutrition data for: SEVERIN EZ 7407 - 1,2 l - 30 min - 1 Becken - Drehregler - Schwarz - Edelstahl - 250 mm
2026-03-17 21:04:38 [kaufland_products] INFO: Scraped: VEVOR 320 otáček za minutu Ice Shaver Snow Cone Fr | EAN=0840281572069 840281572069 | kcal=0.0
2026-03-17 21:04:38 [kaufland_products] WARNING: No nutrition data for: VEVOR 320 otáček za minutu Ice Shaver Snow Cone Frozen Slushie Maker Commercial Machine
2026-03-17 21:04:40 [kaufland_products] INFO: Scraped: Severin EZ 7406     2 v 1 zmrzlinovač s funkcí pří | EAN=4008146031748 | kcal=0.0
2026-03-17 21:04:40 [kaufland_products] WARNING: No nutrition data for: Severin EZ 7406     2 v 1 zmrzlinovač s funkcí přípravy jogurtu
2026-03-17 21:04:43 [kaufland_products] INFO: Scraped: Zmrzlinovač Sommertal ICE1500 Výrobník zmrzliny 3  | EAN=4250263742384 | kcal=0.0
2026-03-17 21:04:43 [kaufland_products] WARNING: No nutrition data for: Zmrzlinovač Sommertal ICE1500 Výrobník zmrzliny 3 v 1, mléčná zmrzlina a sorbet, nerezový zmrzlinovač s funkcí udržování chladu, výroba vlastní zmrzliny, 1,5 litru, 150 W s kompresorem
2026-03-17 21:04:47 [kaufland_products] INFO: Scraped: Láhev na pití NHL 1000 ml Vegas Golden Knights | EAN=771249326960 0771249326960 | kcal=0.0
2026-03-17 21:04:47 [kaufland_products] WARNING: No nutrition data for: Láhev na pití NHL 1000 ml Vegas Golden Knights
2026-03-17 21:04:50 [kaufland_products] INFO: Scraped: Láhev na pití Blumtal Charles - nepropustná, bez B | EAN=4251897507929 | kcal=0.0
2026-03-17 21:04:50 [kaufland_products] WARNING: No nutrition data for: Láhev na pití Blumtal Charles - nepropustná, bez BPA, hodinová izolace teplé a studené vody - Velmi dobrá
2026-03-17 21:04:52 [kaufland_products] INFO: Scraped: Stitch Ohana láhev na vodu 600 ml | EAN=3800161843358 | kcal=0.0
2026-03-17 21:04:52 [kaufland_products] WARNING: No nutrition data for: Stitch Ohana láhev na vodu 600 ml
2026-03-17 21:04:55 [kaufland_products] INFO: Scraped: 3x láhev na pití Kavodrink Classic Sport 1 litr če | EAN=601673746624 0601673746624 | kcal=0.0
2026-03-17 21:04:55 [kaufland_products] WARNING: No nutrition data for: 3x láhev na pití Kavodrink Classic Sport 1 litr černá
2026-03-17 21:04:57 [kaufland_products] INFO: Scraped: Láhev na pití Blumtal Charles - nepropustná, bez B | EAN=4251897507882 | kcal=0.0
2026-03-17 21:04:57 [kaufland_products] WARNING: No nutrition data for: Láhev na pití Blumtal Charles - nepropustná, bez BPA, hodiny horké a studené vody - jako nová
2026-03-17 21:05:01 [kaufland_products] INFO: Scraped: Dior J'Adore Parfémovaná Voda, 100ml - vonná voda  | EAN=3348900417878 | kcal=0.0
2026-03-17 21:05:01 [kaufland_products] WARNING: No nutrition data for: Dior J'Adore Parfémovaná Voda, 100ml - vonná voda s elegantním květinovým aroma, vyjádřením ženské elegance a jemnosti. Provedení v objemu 100ml.
2026-03-17 21:05:05 [kaufland_products] INFO: Scraped: Láhev na pití Blumtal Charles - nepropustná, bez B | EAN=4251897507660 | kcal=0.0
2026-03-17 21:05:05 [kaufland_products] WARNING: No nutrition data for: Láhev na pití Blumtal Charles - nepropustná, bez BPA, hodinová izolace teplé a studené vody - přijatelné
2026-03-17 21:05:07 [kaufland_products] INFO: Scraped: Lahev Na Vodu Skleněná 750Ml Water | EAN=5905386300322 | kcal=0.0
2026-03-17 21:05:07 [kaufland_products] WARNING: No nutrition data for: Lahev Na Vodu Skleněná 750Ml Water
2026-03-17 21:05:10 [kaufland_products] INFO: Scraped: 2000 ml sportovní láhev na vodu s brčkem, kempován | EAN=0752897514152 752897514152 | kcal=0.0
2026-03-17 21:05:10 [kaufland_products] WARNING: No nutrition data for: 2000 ml sportovní láhev na vodu s brčkem, kempování, turistika, cvičení, láhev na vodu, outdoorová plastová láhev, velký objem, pitný servis
2026-03-17 21:05:13 [kaufland_products] INFO: Scraped: Víčko pro láhve na limonádu, nepropustné, silikono | EAN=7040398676725 | kcal=0.0
2026-03-17 21:05:13 [kaufland_products] WARNING: No nutrition data for: Víčko pro láhve na limonádu, nepropustné, silikonové, pro sycené nápoje, vzduchová pumpa, víčko, Fizz Keeper, Pump Cap Saver, zátkové víčko
2026-03-17 21:05:15 [kaufland_products] INFO: Scraped: Láhev na vodu 500 ml PP23TT-3024 Paso | EAN=5903162116303 | kcal=0.0
2026-03-17 21:05:15 [kaufland_products] WARNING: No nutrition data for: Láhev na vodu 500 ml PP23TT-3024 Paso
2026-03-17 21:05:20 [kaufland_products] INFO: Scraped: Blumtal láhev na pití z nerezové oceli, izolovaná  | EAN=4251897507530 | kcal=0.0
2026-03-17 21:05:20 [kaufland_products] WARNING: No nutrition data for: Blumtal láhev na pití z nerezové oceli, izolovaná termoska 500 ml - neonově žlutá - nepropustná láhev na pití z kovu - termo láhev na pití bez BPA
2026-03-17 21:05:22 [kaufland_products] INFO: Scraped: Solární kšiltovka s ventilátorem - černá | EAN=5906660860303 | kcal=0.0
2026-03-17 21:05:22 [kaufland_products] WARNING: No nutrition data for: Solární kšiltovka s ventilátorem - černá
2026-03-17 21:05:25 [kaufland_products] INFO: Scraped: Skleněná láhev na vodu Black + Blum 600 ml Orange | EAN=5060089725398 | kcal=0.0
2026-03-17 21:05:25 [kaufland_products] WARNING: No nutrition data for: Skleněná láhev na vodu Black + Blum 600 ml Orange
2026-03-17 21:05:29 [kaufland_products] INFO: Scraped: Láhev na pití Blumtal Charles - nepropustná, bez B | EAN=4251897507387 | kcal=0.0
2026-03-17 21:05:29 [kaufland_products] WARNING: No nutrition data for: Láhev na pití Blumtal Charles - nepropustná, bez BPA, hodinová izolace teplé a studené vody - přijatelné
2026-03-17 21:05:32 [kaufland_products] INFO: Scraped: Láhev na pití Blumtal Charles - nepropustná, bez B | EAN=4251897507561 | kcal=0.0
2026-03-17 21:05:32 [kaufland_products] WARNING: No nutrition data for: Láhev na pití Blumtal Charles - nepropustná, bez BPA, hodinová izolace teplé a studené vody - Velmi dobrá
2026-03-17 21:05:34 [scrapy.extensions.logstats] INFO: Crawled 1530 pages (at 20 pages/min), scraped 1430 items (at 20 items/min)
2026-03-17 21:05:35 [kaufland_products] INFO: Scraped: Blumtal termoska 1L - dvoustěnná láhev na pití z n | EAN=4251897569408 | kcal=0.0
2026-03-17 21:05:35 [kaufland_products] WARNING: No nutrition data for: Blumtal termoska 1L - dvoustěnná láhev na pití z nerezové oceli 1L - vakuová láhev 1L bez BPA Grey Blue & Dark Ocean
2026-03-17 21:05:38 [kaufland_products] INFO: Scraped: Láhev na pití Láhev na vodu Sportovní láhev Láhev  | EAN=5900724050822 | kcal=0.0
2026-03-17 21:05:38 [kaufland_products] WARNING: No nutrition data for: Láhev na pití Láhev na vodu Sportovní láhev Láhev na kolo 650 ml šedá
2026-03-17 21:05:40 [kaufland_products] INFO: Scraped: Wessper Tritanová láhev na vodu 500 ml Láhev na vo | EAN=5902668840941 | kcal=0.0
2026-03-17 21:05:40 [kaufland_products] WARNING: No nutrition data for: Wessper Tritanová láhev na vodu 500 ml Láhev na vodu s označením času bez BPA | netěsnící sportovní láhev na kolo do školy pro děti na túry | láhev na vodu na fitness láhev lze mýt v myčce nádobí - modrá
2026-03-17 21:05:43 [kaufland_products] INFO: Scraped: Klean Kanteen Nerezová obří láhev na pití Wide 190 | EAN=0763332070904 763332070904 | kcal=0.0
2026-03-17 21:05:43 [kaufland_products] WARNING: No nutrition data for: Klean Kanteen Nerezová obří láhev na pití Wide 1900ml se širokým uzávěrem na smyčku
2026-03-17 21:05:47 [kaufland_products] INFO: Scraped: Láhev na pití Láhev na vodu Sportovní láhev Láhev  | EAN=5900724062283 | kcal=0.0
2026-03-17 21:05:47 [kaufland_products] WARNING: No nutrition data for: Láhev na pití Láhev na vodu Sportovní láhev Láhev na kolo 1000 ml černá/zelená
2026-03-17 21:05:49 [kaufland_products] INFO: Scraped: Blumtal láhev na pití z nerezové oceli, izolovaná  | EAN=4251897507608 | kcal=0.0
2026-03-17 21:05:49 [kaufland_products] WARNING: No nutrition data for: Blumtal láhev na pití z nerezové oceli, izolovaná termoska 500 ml - Tmavě modrá - Netěsnící kovová láhev na pití - Termo láhev na pití bez BPA
2026-03-17 21:05:52 [kaufland_products] INFO: Scraped: black+blum GR-WB-M010, 0,6 ml, Denní používání, Ol | EAN=5060089725428 | kcal=0.0
2026-03-17 21:05:52 [kaufland_products] WARNING: No nutrition data for: black+blum GR-WB-M010, 0,6 ml, Denní používání, Olivový, Sklo, Nylon, Polypropylen (PP), Silikon, Nerezová ocel, Slate, Dospělý
2026-03-17 21:05:55 [kaufland_products] INFO: Scraped: Láhev na pití Láhev na vodu Sportovní láhev Láhev  | EAN=5900724050853 | kcal=0.0
2026-03-17 21:05:55 [kaufland_products] WARNING: No nutrition data for: Láhev na pití Láhev na vodu Sportovní láhev Láhev na kolo 1000 ml šedá
2026-03-17 21:05:59 [kaufland_products] INFO: Scraped: Zipro Tritan 1000 ml láhev na pití sportovní láhev | EAN=5902659844637 | kcal=0.0
2026-03-17 21:05:59 [kaufland_products] WARNING: No nutrition data for: Zipro Tritan 1000 ml láhev na pití sportovní láhev na vodu láhev na pití láhev na pití s ovocným vrškem, časový ukazatel
2026-03-17 21:06:02 [kaufland_products] INFO: Scraped: 2000ml sportovní láhev na vodu s brčkem, kempování | EAN=0752897514169 752897514169 | kcal=0.0
2026-03-17 21:06:02 [kaufland_products] WARNING: No nutrition data for: 2000ml sportovní láhev na vodu s brčkem, kempování, turistika, cvičení, láhev na vodu, outdoorová plastová láhev, velký objem, pitná pomůcka
2026-03-17 21:06:04 [kaufland_products] INFO: Scraped: Blumtal termoska 500ml - dvoustěnná láhev na pití  | EAN=4251897569217 | kcal=0.0
2026-03-17 21:06:04 [kaufland_products] WARNING: No nutrition data for: Blumtal termoska 500ml - dvoustěnná láhev na pití z nerezové oceli 500ml - izolovaná láhev 500ml bez BPA Dark Ocean Blue
2026-03-17 21:06:06 [kaufland_products] INFO: Scraped: Mill Clean Demineralizovaná voda, 1,22 l | EAN=5902643003422 | kcal=0.0
2026-03-17 21:06:06 [kaufland_products] WARNING: No nutrition data for: Mill Clean Demineralizovaná voda, 1,22 l
2026-03-17 21:06:09 [kaufland_products] INFO: Scraped: relaxdays 10027638_0 relaxdays   Teebereiter | EAN=4052025276386 | kcal=0.0
2026-03-17 21:06:09 [kaufland_products] WARNING: No nutrition data for: relaxdays 10027638_0 relaxdays   Teebereiter
2026-03-17 21:06:14 [kaufland_products] INFO: Scraped: Sportovní Tritanová Láhev Na Vodu 1,6L | EAN=5905699903555 | kcal=0.0
2026-03-17 21:06:14 [kaufland_products] WARNING: No nutrition data for: Sportovní Tritanová Láhev Na Vodu 1,6L
2026-03-17 21:06:17 [kaufland_products] INFO: Scraped: Láhev na pití Blumtal Charles - nepropustná, bez B | EAN=4251897507578 | kcal=0.0
2026-03-17 21:06:17 [kaufland_products] WARNING: No nutrition data for: Láhev na pití Blumtal Charles - nepropustná, bez BPA, hodiny horké a studené vody - jako nová
2026-03-17 21:06:19 [kaufland_products] INFO: Scraped: Premium generátor vodíkové vody | EAN=8596544005127 | kcal=0.0
2026-03-17 21:06:19 [kaufland_products] WARNING: No nutrition data for: Premium generátor vodíkové vody
2026-03-17 21:06:23 [kaufland_products] INFO: Scraped: Black + Blum Eau Good Glass s pouzdrem Olive | EAN=5060089726005 | kcal=0.0
2026-03-17 21:06:23 [kaufland_products] WARNING: No nutrition data for: Black + Blum Eau Good Glass s pouzdrem Olive
2026-03-17 21:06:26 [kaufland_products] INFO: Scraped: Intirilife láhev na pití láhev na vodu s léčivými  | EAN=4063758340497 | kcal=0.0
2026-03-17 21:06:26 [kaufland_products] WARNING: No nutrition data for: Intirilife láhev na pití láhev na vodu s léčivými kameny s šedým sáčkem - citrín - objem 400 ml - láhev s drahými kameny minerální kameny
2026-03-17 21:06:28 [kaufland_products] INFO: Scraped: 3L izolovaná láhev na vodu s víkem Rukojeť se širo | EAN=0752874312016 | kcal=0.0
2026-03-17 21:06:28 [kaufland_products] WARNING: No nutrition data for: 3L izolovaná láhev na vodu s víkem Rukojeť se širokým hrdlem 316 nerezová ocel Cestovní termální hrnek pro sportovní tělocvičnu Fitness Udržujte studenou 48H horkou 24H černou barvu
2026-03-17 21:06:31 [kaufland_products] INFO: Scraped: Dětská láhev na vodu dinosaurus s brčkem 550 ml lá | EAN=5055071777837 | kcal=0.0
2026-03-17 21:06:31 [kaufland_products] WARNING: No nutrition data for: Dětská láhev na vodu dinosaurus s brčkem 550 ml láhev na pití dino
2026-03-17 21:06:34 [scrapy.extensions.logstats] INFO: Crawled 1550 pages (at 20 pages/min), scraped 1450 items (at 20 items/min)
2026-03-17 21:06:35 [kaufland_products] INFO: Scraped: Láhev na pití Blumtal Charles - nepropustná, bez B | EAN=4251897507592 | kcal=0.0
2026-03-17 21:06:35 [kaufland_products] WARNING: No nutrition data for: Láhev na pití Blumtal Charles - nepropustná, bez BPA, hodinová izolace teplé a studené vody - Velmi dobrá
2026-03-17 21:06:37 [kaufland_products] INFO: Scraped: láhev na vodu o objemu 1 litr, láhev na pití, syce | EAN=4255621801123 | kcal=0.0
2026-03-17 21:06:37 [kaufland_products] WARNING: No nutrition data for: láhev na vodu o objemu 1 litr, láhev na pití, sycená, motivační stupnice, elegantní, nepropustná, udržitelná, robustní (černá s čisticím kartáčkem)
2026-03-17 21:06:40 [kaufland_products] INFO: Scraped: KIK KX4398 Láhev na vodu s denním pitným režimem 1 | EAN=5903039742277 | kcal=0.0
2026-03-17 21:06:40 [kaufland_products] WARNING: No nutrition data for: KIK KX4398 Láhev na vodu s denním pitným režimem 1000 ml růžová
2026-03-17 21:06:43 [kaufland_products] INFO: Scraped: Láhev na pití Blumtal Charles - nepropustná, bez B | EAN=4251897507721 | kcal=0.0
2026-03-17 21:06:43 [kaufland_products] WARNING: No nutrition data for: Láhev na pití Blumtal Charles - nepropustná, bez BPA, hodinová izolace teplé a studené vody - Velmi dobrá
2026-03-17 21:06:46 [kaufland_products] INFO: Scraped: Blumtal termoska 750ml - dvoustěnná láhev na pití  | EAN=4251897569392 | kcal=0.0
2026-03-17 21:06:46 [kaufland_products] WARNING: No nutrition data for: Blumtal termoska 750ml - dvoustěnná láhev na pití z nerezové oceli 750ml - vakuová láhev 750ml bez BPA Grey Blue & Dark Ocean
2026-03-17 21:06:48 [kaufland_products] INFO: Scraped: Vodíkové láhve na vodu 420 ml Přenosná láhev na pi | EAN=743557725704 0743557725704 | kcal=0.0
2026-03-17 21:06:48 [kaufland_products] WARNING: No nutrition data for: Vodíkové láhve na vodu 420 ml Přenosná láhev na pití (růžově červená a čirá)
2026-03-17 21:06:53 [kaufland_products] INFO: Scraped: Láhev na pití Blumtal Charles - nepropustná, bez B | EAN=4251897507844 | kcal=0.0
2026-03-17 21:06:53 [kaufland_products] WARNING: No nutrition data for: Láhev na pití Blumtal Charles - nepropustná, bez BPA, hodinová izolace teplé a studené vody - Velmi dobrá
2026-03-17 21:06:57 [kaufland_products] INFO: Scraped: Blumtal termoska 500ml - dvoustěnná láhev na pití  | EAN=4251897569248 | kcal=0.0
2026-03-17 21:06:57 [kaufland_products] WARNING: No nutrition data for: Blumtal termoska 500ml - dvoustěnná láhev na pití z nerezové oceli 500ml - izolovaná láhev 500ml bez BPA světle modrá
2026-03-17 21:06:59 [kaufland_products] INFO: Scraped: Láhev na pití Blumtal Charles - nepropustná, bez B | EAN=4251897507790 | kcal=0.0
2026-03-17 21:06:59 [kaufland_products] WARNING: No nutrition data for: Láhev na pití Blumtal Charles - nepropustná, bez BPA, hodinová izolace teplé a studené vody - přijatelné
2026-03-17 21:07:00 [kaufland_products] INFO: Scraped: MidOcean - Láhev na vodu "Kolapsi", skládací, 500m | EAN=5063750814865 | kcal=0.0
2026-03-17 21:07:00 [kaufland_products] WARNING: No nutrition data for: MidOcean - Láhev na vodu "Kolapsi", skládací, 500ml MO1679 (jedna velikost) (černá)
2026-03-17 21:07:04 [kaufland_products] INFO: Scraped: Blumtal termoska 750ml - dvoustěnná láhev na pití  | EAN=4251897569170 | kcal=0.0
2026-03-17 21:07:04 [kaufland_products] WARNING: No nutrition data for: Blumtal termoska 750ml - dvoustěnná láhev na pití z nerezové oceli 750ml - izolovaná láhev 750ml bez BPA Hipster Yellow
2026-03-17 21:07:07 [kaufland_products] INFO: Scraped: Gino Gelati H-těsnění 1 pro stroje na výrobu měkké | EAN=4058399925905 | kcal=0.0
2026-03-17 21:07:07 [kaufland_products] WARNING: No nutrition data for: Gino Gelati H-těsnění 1 pro stroje na výrobu měkké zmrzliny - Těsnění pístu s tyčí pro středový píst (15 mm, 21 mm, 24 mm, 30 mm) - Vysoce kvalitní náhradní díl
2026-03-17 21:07:10 [kaufland_products] INFO: Scraped: Gino Gelati H-těsnění 2 pro zmrzlinové stroje - ná | EAN=4058399930565 | kcal=0.0
2026-03-17 21:07:10 [kaufland_products] WARNING: No nutrition data for: Gino Gelati H-těsnění 2 pro zmrzlinové stroje - náhradní díl pro středový píst, přesně pasující, odolný a spolehlivý
2026-03-17 21:07:14 [kaufland_products] INFO: Scraped: Výrobník zmrzliny Limitovaná edice 2022 48897 eds | EAN=4011689488979 | kcal=0.0
2026-03-17 21:07:14 [kaufland_products] WARNING: No nutrition data for: Výrobník zmrzliny Limitovaná edice 2022 48897 eds
2026-03-17 21:07:16 [kaufland_products] INFO: Scraped: Gino Gelati H-těsnění 4 pro zmrzlinové stroje - př | EAN=4058399933726 | kcal=0.0
2026-03-17 21:07:16 [kaufland_products] WARNING: No nutrition data for: Gino Gelati H-těsnění 4 pro zmrzlinové stroje - přesné těsnění pístu, odolné, 27 mm/33 mm - ideální pro catering a zmrzlinárny
2026-03-17 21:07:19 [kaufland_products] INFO: Scraped: Výrobník thajské zmrzliny - domácí sada | EAN=8719481354138 | kcal=0.0
2026-03-17 21:07:19 [kaufland_products] WARNING: No nutrition data for: Výrobník thajské zmrzliny - domácí sada
2026-03-17 21:07:21 [kaufland_products] INFO: Scraped: X1 pro profesionální stroj na výrobu jemné zmrzlin | EAN=4058399933993 | kcal=0.0
2026-03-17 21:07:21 [kaufland_products] WARNING: No nutrition data for: X1 pro profesionální stroj na výrobu jemné zmrzliny a= 20mm b= 31mm c= 47mm
2026-03-17 21:07:26 [kaufland_products] INFO: Scraped: Unold 48865 Jeden zmrzlinovač | EAN=4011689488658 | kcal=0.0
2026-03-17 21:07:26 [kaufland_products] WARNING: No nutrition data for: Unold 48865 Jeden zmrzlinovač
2026-03-17 21:07:28 [kaufland_products] INFO: Scraped: ECG FORZA 9800, Zmrzlinovač na měkkou zmrzlinu, Še | EAN=8592131001145 | kcal=0.0
2026-03-17 21:07:28 [kaufland_products] WARNING: No nutrition data for: ECG FORZA 9800, Zmrzlinovač na měkkou zmrzlinu, Šedá, Stříbrná, LCD, 1 m, Plast, Nerezová ocel, 1,8 l
2026-03-17 21:07:30 [kaufland_products] INFO: Scraped: Princess 282605 Eismaschine - Kompressor Eismaschi | EAN=8713016049438 | kcal=0.0
2026-03-17 21:07:30 [kaufland_products] WARNING: No nutrition data for: Princess 282605 Eismaschine - Kompressor Eismaschine - 1,5 l - 20 min - 1 Becken - LCD - Edelstahl
2026-03-17 21:07:33 [kaufland_products] INFO: Scraped: Unold 48872 Unold 48872 Exklusiv | EAN=4011689488726 | kcal=0.0
2026-03-17 21:07:33 [kaufland_products] WARNING: No nutrition data for: Unold 48872 Unold 48872 Exklusiv
2026-03-17 21:07:34 [scrapy.extensions.logstats] INFO: Crawled 1571 pages (at 21 pages/min), scraped 1471 items (at 21 items/min)
2026-03-17 21:07:38 [kaufland_products] INFO: Scraped: Clatronic ICM 3799 Eismaschine | EAN=4006160639940 | kcal=0.0
2026-03-17 21:07:38 [kaufland_products] WARNING: No nutrition data for: Clatronic ICM 3799 Eismaschine
2026-03-17 21:07:40 [kaufland_products] INFO: Scraped: Domo DO9201I, Kompresorový zmrzlinovač, 2 l, Nerez | EAN=5411397014481 | kcal=0.0
2026-03-17 21:07:40 [kaufland_products] WARNING: No nutrition data for: Domo DO9201I, Kompresorový zmrzlinovač, 2 l, Nerezová ocel, LCD, Nerezová ocel, 180 W
2026-03-17 21:07:43 [kaufland_products] INFO: Scraped: UNOLD EISMASCHINE Gusto 48845 - Kompressor Eismasc | EAN=4011689488450 | kcal=0.0
2026-03-17 21:07:43 [kaufland_products] WARNING: No nutrition data for: UNOLD EISMASCHINE Gusto 48845 - Kompressor Eismaschine - 2 l - 1 Becken - Schwarz - Edelstahl - 60 min - LCD
2026-03-17 21:07:45 [kaufland_products] INFO: Scraped: ROMMELSBACHER IM 12 - Traditionelle Eismaschine -  | EAN=4001797866004 | kcal=0.0
2026-03-17 21:07:45 [kaufland_products] WARNING: No nutrition data for: ROMMELSBACHER IM 12 - Traditionelle Eismaschine - 1,5 l - 40 min - 1 Becken - LCD - Kunststoff - Edelstahl
2026-03-17 21:07:50 [kaufland_products] INFO: Scraped: Komerční zmrzlinovač VEVOR, kapacita 18 l/h, stroj | EAN=0197988198536 197988198536 | kcal=0.0
2026-03-17 21:07:50 [kaufland_products] WARNING: No nutrition data for: Komerční zmrzlinovač VEVOR, kapacita 18 l/h, stroj na tvrdou zmrzlinu s jednou příchutí a kolečky, válec z nerezové oceli o objemu 6 l, LED panel, automatické předchlazení s čištěním, pro restaurační občerstvení
2026-03-17 21:07:51 [kaufland_products] INFO: Scraped: VEVOR Komerční výrobník zmrzliny Snow cone maker,  | EAN=0197988087021 197988087021 | kcal=0.0
2026-03-17 21:07:51 [kaufland_products] WARNING: No nutrition data for: VEVOR Komerční výrobník zmrzliny Snow cone maker, 175 kg / 24 hodin Výrobník zmrzliny Snowflake, elektrický výrobník zmrzliny Ice Shaver
2026-03-17 21:07:56 [kaufland_products] INFO: Scraped: VEVOR Kompresorový zmrzlinovač Zmrzlinovač 2 l, 18 | EAN=0840349982175 840349982175 | kcal=0.0
2026-03-17 21:07:56 [kaufland_products] WARNING: No nutrition data for: VEVOR Kompresorový zmrzlinovač Zmrzlinovač 2 l, 180 W Výrobník mražených jogurtů Zmrzlinovač 3 režimy Výrobník jogurtů pro domácnost, přenosný výrobník zmrzliny Sorbet Gelato Nízká hlučnost Stříbrná elektřina
2026-03-17 21:07:59 [kaufland_products] INFO: Scraped: VEVOR komerční výrobník sněhové vločky Výrobník sn | EAN=0197988087267 197988087267 | kcal=0.0
2026-03-17 21:07:59 [kaufland_products] WARNING: No nutrition data for: VEVOR komerční výrobník sněhové vločky Výrobník sněhové vločky, 170 kg/den Výrobník sněhové vločky, systém chlazení vzduchu pro pekárny a kavárny
2026-03-17 21:08:01 [kaufland_products] INFO: Scraped: VEVOR komerční výrobník zmrzliny, kapacita 10 l/h, | EAN=0197988196358 197988196358 | kcal=0.0
2026-03-17 21:08:01 [kaufland_products] WARNING: No nutrition data for: VEVOR komerční výrobník zmrzliny, kapacita 10 l/h, 900 W, výrobník jemné zmrzliny pro jednu příchuť, na pracovní desce, se zásobníkem 4 l, 1,6 l válcem, LCD displej, předchlazování
2026-03-17 21:08:05 [kaufland_products] INFO: Scraped: Brita Fill & Go Vital, láhev, zelená | EAN=4006387061562 | kcal=0.0
2026-03-17 21:08:05 [kaufland_products] WARNING: No nutrition data for: Brita Fill & Go Vital, láhev, zelená
2026-03-17 21:08:07 [kaufland_products] INFO: Scraped: Láhev na pití Blumtal Charles - nepropustná, bez B | EAN=4251897507905 | kcal=0.0
2026-03-17 21:08:07 [kaufland_products] WARNING: No nutrition data for: Láhev na pití Blumtal Charles - nepropustná, bez BPA, hodinová izolace teplé a studené vody - Velmi dobrá
2026-03-17 21:08:10 [kaufland_products] INFO: Scraped: Spinel Láhev na sodovku 1 l černá Sada 3 kusů přís | EAN=5905701119325 | kcal=0.0
2026-03-17 21:08:10 [kaufland_products] WARNING: No nutrition data for: Spinel Láhev na sodovku 1 l černá Sada 3 kusů příslušenství pro výrobníky sodovky bez BPA
2026-03-17 21:08:14 [kaufland_products] INFO: Scraped: Láhev na pití Blumtal Charles - nepropustná, bez B | EAN=4251897507707 | kcal=0.0
2026-03-17 21:08:14 [kaufland_products] WARNING: No nutrition data for: Láhev na pití Blumtal Charles - nepropustná, bez BPA, hodinová izolace teplé a studené vody - přijatelné
2026-03-17 21:08:17 [kaufland_products] INFO: Scraped: Láhev na pití Blumtal Charles - nepropustná, bez B | EAN=4251897507509 | kcal=0.0
2026-03-17 21:08:17 [kaufland_products] WARNING: No nutrition data for: Láhev na pití Blumtal Charles - nepropustná, bez BPA, hodinová izolace teplé a studené vody - Velmi dobrá
2026-03-17 21:08:19 [kaufland_products] INFO: Scraped: Láhev na pití Blumtal Charles - nepropustná, bez B | EAN=4251897507523 | kcal=0.0
2026-03-17 21:08:19 [kaufland_products] WARNING: No nutrition data for: Láhev na pití Blumtal Charles - nepropustná, bez BPA, hodinová izolace teplé a studené vody - Velmi dobrá
2026-03-17 21:08:22 [kaufland_products] INFO: Scraped: INF Inteligentní láhev na vodu 1300 ml s APP, Trit | EAN=7314281190545 | kcal=0.0
2026-03-17 21:08:22 [kaufland_products] WARNING: No nutrition data for: INF Inteligentní láhev na vodu 1300 ml s APP, Tritan501, černá, 5 kusů
2026-03-17 21:08:24 [kaufland_products] INFO: Scraped: Láhev na pití Blumtal Charles - nepropustná, bez B | EAN=4251897507899 | kcal=0.0
2026-03-17 21:08:24 [kaufland_products] WARNING: No nutrition data for: Láhev na pití Blumtal Charles - nepropustná, bez BPA, hodiny horké a studené vody - jako nová
2026-03-17 21:08:27 [kaufland_products] INFO: Scraped: 420ml láhev na vodík Láhev na pití s technologií e | EAN=733835616152 0733835616152 | kcal=0.0
2026-03-17 21:08:27 [kaufland_products] WARNING: No nutrition data for: 420ml láhev na vodík Láhev na pití s technologií elektrolýzy SPE Rosenrot
2026-03-17 21:08:33 [kaufland_products] INFO: Scraped: TOMSHOO titanová láhev na vodu, 1 litr, lehká spor | EAN=0772924195901 772924195901 | kcal=0.0
2026-03-17 21:08:33 [kaufland_products] WARNING: No nutrition data for: TOMSHOO titanová láhev na vodu, 1 litr, lehká sportovní láhev na vodu pro outdoorové kempování, turistiku, batoh na zádech
2026-03-17 21:08:34 [scrapy.extensions.logstats] INFO: Crawled 1590 pages (at 19 pages/min), scraped 1490 items (at 19 items/min)
2026-03-17 21:08:34 [kaufland_products] INFO: Scraped: Generátor vodíku v láhvi s inhalačním adaptérem, i | EAN=5072071459419 | kcal=0.0
2026-03-17 21:08:34 [kaufland_products] WARNING: No nutrition data for: Generátor vodíku v láhvi s inhalačním adaptérem, ionizátor vody s technologií SPE PEM, 450 ml/1300 PPB, stříbrný
2026-03-17 21:08:38 [kaufland_products] INFO: Scraped: Blumtal Láhev na pití z nerezové oceli s izolací T | EAN=4251897507547 | kcal=0.0
2026-03-17 21:08:38 [kaufland_products] WARNING: No nutrition data for: Blumtal Láhev na pití z nerezové oceli s izolací Termoska 500 ml - šedomodrá - nepropustná láhev na pití Kov - termo láhev na pití bez BPA
2026-03-17 21:08:40 [kaufland_products] INFO: Scraped: Skleněná láhev na vodu Vilde Skleněná láhev se sil | EAN=5904316401108 | kcal=0.0
2026-03-17 21:08:40 [kaufland_products] WARNING: No nutrition data for: Skleněná láhev na vodu Vilde Skleněná láhev se silikonovým obalem 500 ml
2026-03-17 21:08:42 [kaufland_products] INFO: Scraped: Mobilní kempingová sprcha s jedním kliknutím, přen | EAN=3831127582790 | kcal=0.0
2026-03-17 21:08:42 [kaufland_products] WARNING: No nutrition data for: Mobilní kempingová sprcha s jedním kliknutím, přenosná kempingová sprcha s baterií 2200mAh, průtok vody 4-5 l/min - HYDROPORT
2026-03-17 21:08:46 [kaufland_products] INFO: Scraped: Láhev na pití Blumtal Charles - nepropustná, bez B | EAN=4251897507868 | kcal=0.0
2026-03-17 21:08:46 [kaufland_products] WARNING: No nutrition data for: Láhev na pití Blumtal Charles - nepropustná, bez BPA, hodinová izolace teplé a studené vody - přijatelné
2026-03-17 21:08:48 [kaufland_products] INFO: Scraped: Skleněná láhev na vodu Black + Blum 600 ml Ocean | EAN=5060089725411 | kcal=0.0
2026-03-17 21:08:48 [kaufland_products] WARNING: No nutrition data for: Skleněná láhev na vodu Black + Blum 600 ml Ocean
2026-03-17 21:08:54 [kaufland_products] INFO: Scraped: Blumtal láhev na pití z nerezové oceli, izolovaná  | EAN=4251897507820 | kcal=0.0
2026-03-17 21:08:54 [kaufland_products] WARNING: No nutrition data for: Blumtal láhev na pití z nerezové oceli, izolovaná termoska 1000 ml - černá - nepropustná láhev na pití z kovu - termo láhev na pití bez BPA
2026-03-17 21:08:57 [kaufland_products] INFO: Scraped: Motivační láhev na vodu s ukazatelem času a brčkem | EAN=5900779952812 | kcal=0.0
2026-03-17 21:08:57 [kaufland_products] WARNING: No nutrition data for: Motivační láhev na vodu s ukazatelem času a brčkem 1 litrová sportovní láhev do školy do práce do tělocvičny na venkovní aktivity 24497
2026-03-17 21:08:59 [kaufland_products] INFO: Scraped: Lixada 1100 ml titanová láhev na vodu, ultralehká  | EAN=0772924162927 772924162927 | kcal=0.0
2026-03-17 21:08:59 [kaufland_products] WARNING: No nutrition data for: Lixada 1100 ml titanová láhev na vodu, ultralehká konvice na pití s maskovacím sáčkem, outdoorové nádobí pro batohy, turistiku, kempování, cestování
2026-03-17 21:09:02 [kaufland_products] INFO: Scraped: Wessper Tritan Láhev na pití 1L Láhev na vodu s ča | EAN=5902668840897 | kcal=0.0
2026-03-17 21:09:02 [kaufland_products] WARNING: No nutrition data for: Wessper Tritan Láhev na pití 1L Láhev na vodu s časovou značkou Bez BPA | Netěsnící sportovní láhev na kolo Škola Děti Turistika | Láhev na vodu Fitness láhev Bezpečné v myčce nádobí - šedá
2026-03-17 21:09:04 [kaufland_products] INFO: Scraped: Láhev na pití Blumtal Charles - nepropustná, bez B | EAN=4251897507738 | kcal=0.0
2026-03-17 21:09:04 [kaufland_products] WARNING: No nutrition data for: Láhev na pití Blumtal Charles - nepropustná, bez BPA, hodiny horké a studené vody - jako nová
2026-03-17 21:09:07 [kaufland_products] INFO: Scraped: Motivační láhev na vodu s ukazatelem času a brčkem | EAN=5900779952805 | kcal=0.0
2026-03-17 21:09:07 [kaufland_products] WARNING: No nutrition data for: Motivační láhev na vodu s ukazatelem času a brčkem 2litrová sportovní láhev do školy do práce do tělocvičny na venkovní aktivity 24496
2026-03-17 21:09:10 [kaufland_products] INFO: Scraped: SodaStream Fuse 2 x 1 l Tritan láhev | EAN=7290113763548 | kcal=0.0
2026-03-17 21:09:10 [kaufland_products] WARNING: No nutrition data for: SodaStream Fuse 2 x 1 l Tritan láhev
2026-03-17 21:09:12 [kaufland_products] INFO: Scraped: Láhev na pití Blumtal Charles - nepropustná, bez B | EAN=4251897507646 | kcal=0.0
2026-03-17 21:09:12 [kaufland_products] WARNING: No nutrition data for: Láhev na pití Blumtal Charles - nepropustná, bez BPA, hodinová izolace teplé a studené vody - Velmi dobrá
2026-03-17 21:09:17 [kaufland_products] INFO: Scraped: Láhev na pití Blumtal Charles - nepropustná, bez B | EAN=4251897507585 | kcal=0.0
2026-03-17 21:09:17 [kaufland_products] WARNING: No nutrition data for: Láhev na pití Blumtal Charles - nepropustná, bez BPA, hodiny horké a studené vody - jako nová
2026-03-17 21:09:20 [kaufland_products] INFO: Scraped: Wessper Tritan Láhev na pití 1L Láhev na vodu s ča | EAN=5902668840910 | kcal=0.0
2026-03-17 21:09:20 [kaufland_products] WARNING: No nutrition data for: Wessper Tritan Láhev na pití 1L Láhev na vodu s časovou značkou Bez BPA | Netěsnící sportovní láhev na kolo Škola Děti Turistika Sport | Láhev na vodu Fitness láhev Bezpečné v myčce na nádobí - Mint
2026-03-17 21:09:22 [kaufland_products] INFO: Scraped: skládací láhev na pití 600 ml ze silikonu, šedá, s | EAN=3831127567568 | kcal=0.0
2026-03-17 21:09:22 [kaufland_products] WARNING: No nutrition data for: skládací láhev na pití 600 ml ze silikonu, šedá, skládací láhev na vodu pro kempování - FOLDSIP
2026-03-17 21:09:25 [kaufland_products] INFO: Scraped: Zimilo Mini zmrzlinovač 1 l, automatický, DIY měkk | EAN=9331187887605 | kcal=0.0
2026-03-17 21:09:25 [kaufland_products] WARNING: No nutrition data for: Zimilo Mini zmrzlinovač 1 l, automatický, DIY měkká zmrzlina a ovocná zmrzlina, ovládání jedním kliknutím, snadné čištění, 15 W, děti a rodina
2026-03-17 21:09:27 [kaufland_products] INFO: Scraped: ProfiCook PC-ICM 1091 N - Výrobník mraženého jogur | EAN=4006160110913 | kcal=0.0
2026-03-17 21:09:27 [kaufland_products] WARNING: No nutrition data for: ProfiCook PC-ICM 1091 N - Výrobník mraženého jogurtu/zmrzliny/soletu - 1,5 litru - 150 W - nerez/černá barva
2026-03-17 21:09:32 [kaufland_products] INFO: Scraped: VEVOR Komerční výrobník ledu, výrobník ledu, 16-20 | EAN=0840281555987 840281555987 | kcal=0.0
2026-03-17 21:09:32 [kaufland_products] WARNING: No nutrition data for: VEVOR Komerční výrobník ledu, výrobník ledu, 16-20 l/h ledu, 1400 W stroj na tvrdý led, vhodný pro občerstvení, restaurace, stříbro
2026-03-17 21:09:34 [kaufland_products] INFO: Scraped: Fizz Eismaschine SlushPuppie Slusheis 1L blau mit  | EAN=5060960746627 | kcal=0.0
2026-03-17 21:09:34 [kaufland_products] WARNING: No nutrition data for: Fizz Eismaschine SlushPuppie Slusheis 1L blau mit Zapfhahn
2026-03-17 21:09:34 [scrapy.extensions.logstats] INFO: Crawled 1611 pages (at 21 pages/min), scraped 1511 items (at 21 items/min)
2026-03-17 21:09:37 [kaufland_products] INFO: Scraped: VEVOR Komerční stroj na výrobu sněhového ledu, str | EAN=0197988087144 197988087144 | kcal=0.0
2026-03-17 21:09:37 [kaufland_products] WARNING: No nutrition data for: VEVOR Komerční stroj na výrobu sněhového ledu, stroj na výrobu sněhového ledu, stroj na výrobu sněhového ledu 80 kg/24 hodin, stroj na škrábaný led, elektrický stroj na výrobu sněhových kornoutů
2026-03-17 21:09:39 [kaufland_products] INFO: Scraped: VEVOR zmrzlinové stroje Komerční stroj na jemnou z | EAN=0840281544011 840281544011 | kcal=0.0
2026-03-17 21:09:39 [kaufland_products] WARNING: No nutrition data for: VEVOR zmrzlinové stroje Komerční stroj na jemnou zmrzlinu 2350 W 22-30 l/hod 3 příchutě s LCD displejem Zmrzlinový stroj Zmrzlinový stroj
2026-03-17 21:09:44 [kaufland_products] INFO: Scraped: Zmrzlinovač se 2 špachtlemi Tác na výrobu zmrzliny | EAN=5072071579131 | kcal=0.0
2026-03-17 21:09:44 [kaufland_products] WARNING: No nutrition data for: Zmrzlinovač se 2 špachtlemi Tác na výrobu zmrzliny Výrobník točené zmrzliny Stroj na výrobu zmrzlinových rolád a zmrzliny
2026-03-17 21:09:46 [kaufland_products] INFO: Scraped: Komerční zmrzlinovač VEVOR, kapacita 10 l/h, výrob | EAN=0197988197447 197988197447 | kcal=0.0
2026-03-17 21:09:46 [kaufland_products] WARNING: No nutrition data for: Komerční zmrzlinovač VEVOR, kapacita 10 l/h, výrobník jemné zmrzliny s jednou příchutí, pracovní deska, násypka 4 l, válec 1,6 l, dotykový displej, automatické čištění, předchlazování tyčinek na zmrzlinu
2026-03-17 21:09:49 [kaufland_products] INFO: Scraped: UNOLD EISMASCHINE Gelato 48855 - Traditionelle Eis | EAN=4011689488559 | kcal=0.0
2026-03-17 21:09:49 [kaufland_products] WARNING: No nutrition data for: UNOLD EISMASCHINE Gelato 48855 - Traditionelle Eismaschine - 1,5 l - 1 Becken - Schwarz - Edelstahl - 30 min - LCD
2026-03-17 21:09:53 [kaufland_products] INFO: Scraped: Clatronic ICM 3784 bílý Kompresorový výrobník ledu | EAN=4006160639827 | kcal=0.0
2026-03-17 21:09:53 [kaufland_products] WARNING: No nutrition data for: Clatronic ICM 3784 bílý Kompresorový výrobník ledu 1,2 l
2026-03-17 21:09:56 [kaufland_products] INFO: Scraped: Expondo Royal Catering stroj na výrobu ledové tříš | EAN=4250928690555 | kcal=0.0
2026-03-17 21:09:56 [kaufland_products] WARNING: No nutrition data for: Expondo Royal Catering stroj na výrobu ledové tříště – 2 x 8 l – LED – funkce na výrobu zmrzliny –
2026-03-17 21:09:59 [kaufland_products] INFO: Scraped: VEVOR Zmrzlinovač Stojanový komerční výrobník měkk | EAN=0840281555178 840281555178 | kcal=0.0
2026-03-17 21:09:59 [kaufland_products] WARNING: No nutrition data for: VEVOR Zmrzlinovač Stojanový komerční výrobník měkké zmrzliny Výrobník zmrzliny 220V stroj z nerezové oceli se zmrzlinovým gelem
2026-03-17 21:10:01 [kaufland_products] INFO: Scraped: Ninja NC300EU Ninja CREAMI         7-in-1        E | EAN=0622356243391 622356243391 | kcal=0.0
2026-03-17 21:10:01 [kaufland_products] WARNING: No nutrition data for: Ninja NC300EU Ninja CREAMI         7-in-1        Eismaschine     NC300EU
2026-03-17 21:10:04 [kaufland_products] INFO: Scraped: Ninja CREAMI DELUXE 10-in-1+Slushi Eismaschine     | EAN=622356283076 0622356283076 | kcal=0.0
2026-03-17 21:10:04 [kaufland_products] WARNING: No nutrition data for: Ninja CREAMI DELUXE 10-in-1+Slushi Eismaschine     NC501EU
2026-03-17 21:10:07 [kaufland_products] INFO: Scraped: Zmrzlinovač, Stroj na zmrzlinu, Stroj na výrobu zm | EAN=3831127591396 | kcal=0.0
2026-03-17 21:10:07 [kaufland_products] WARNING: No nutrition data for: Zmrzlinovač, Stroj na zmrzlinu, Stroj na výrobu zmrzliny - FROSTMASTER
2026-03-17 21:10:09 [kaufland_products] INFO: Scraped: Mandarinková zmrzlina v prášku 333 g | EAN=4260184631049 | kcal=0.0
2026-03-17 21:10:09 [kaufland_products] WARNING: No nutrition data for: Mandarinková zmrzlina v prášku 333 g
2026-03-17 21:10:14 [kaufland_products] INFO: Scraped: Fizz Creations ! Eismaschine SlushPuppie Slusheis  | EAN=5060960741042 | kcal=0.0
2026-03-17 21:10:14 [kaufland_products] WARNING: No nutrition data for: Fizz Creations ! Eismaschine SlushPuppie Slusheis 1L blau
2026-03-17 21:10:16 [kaufland_products] INFO: Scraped: Tamagotchi Original – Zmrzlina | EAN=3296580429226 | kcal=0.0
2026-03-17 21:10:16 [kaufland_products] WARNING: No nutrition data for: Tamagotchi Original – Zmrzlina
2026-03-17 21:10:18 [kaufland_products] INFO: Scraped: VEVOR Komerční zmrzlinovač Zmrzlinovač 21-31 l/h V | EAN=0197988199625 197988199625 | kcal=0.0
2026-03-17 21:10:18 [kaufland_products] WARNING: No nutrition data for: VEVOR Komerční zmrzlinovač Zmrzlinovač 21-31 l/h Volně stojící výrobník jemné zmrzliny se 3 příchutěmi, 2 x 4,3 l nádoby z nerezové oceli, LED panel, automatické čištění, noční chlazení
2026-03-17 21:10:22 [kaufland_products] INFO: Scraped: Pepper King Habanero tortilla chips extra pálivé a | EAN=4031446869773 | kcal=469.0
2026-03-17 21:10:25 [kaufland_products] INFO: Scraped: CHIPSTASTIX crisp maker pražička na chipsy DIY for | EAN=765588094642 0765588094642 | kcal=0.0
2026-03-17 21:10:25 [kaufland_products] WARNING: No nutrition data for: CHIPSTASTIX crisp maker pražička na chipsy DIY forma na výrobu chipsů pro mikrovlnnou troubu
2026-03-17 21:10:28 [kaufland_products] INFO: Scraped: Pringles Hot & Spicy 40g | EAN=5053990107292 | kcal=206.0
2026-03-17 21:10:33 [kaufland_products] INFO: Scraped: Funny-Frisch - Chipsfrisch maďarský - 12x 40g | EAN=4003586028402 | kcal=0.0
2026-03-17 21:10:34 [scrapy.extensions.logstats] INFO: Crawled 1630 pages (at 19 pages/min), scraped 1530 items (at 19 items/min)
2026-03-17 21:10:35 [kaufland_products] INFO: Scraped: Bramborové lupínky classic - Paprika 125g | EAN=8718781200251 | kcal=504.0
2026-03-17 21:10:38 [kaufland_products] INFO: Scraped: Koikeya chipsy s příchutí teriyaki Original Japane | EAN=4901335006087 | kcal=0.0
2026-03-17 21:10:40 [kaufland_products] INFO: Scraped: Tyrrells Handcooked mature Cheddar und Chive Chips | EAN=5060042641437 | kcal=152.0
2026-03-17 21:10:43 [kaufland_products] INFO: Scraped: Lorenz syrové plátky bramborových lupínků s kamenn | EAN=4018077680588 | kcal=0.0
2026-03-17 21:10:47 [kaufland_products] INFO: Scraped: Pringles Salt Vinegar chipsy s příchutí soli a oct | EAN=5053990127733 | kcal=514.0
2026-03-17 21:10:49 [kaufland_products] INFO: Scraped: Superbon Chips Sel bramborové lupínky se solí křup | EAN=5425033155230 | kcal=515.0
2026-03-17 21:10:54 [kaufland_products] INFO: Scraped: Superbon Chips Piments bramborové lupínky pálivé a | EAN=5425033155278 | kcal=587.0
2026-03-17 21:10:56 [kaufland_products] INFO: Scraped: funny fresh čočkové chipsy Sour Cream Style bezlep | EAN=4003586103970 | kcal=138.0
2026-03-17 21:10:59 [kaufland_products] INFO: Scraped: funny frisch Chipsfrisch maďarský s paprikovým koř | EAN=4003586100313 | kcal=0.0
2026-03-17 21:11:02 [kaufland_products] INFO: Scraped: Funny-Frisch Riffels Natural bramborové lupínkyPol | EAN=4003586100344 | kcal=0.0
2026-03-17 21:11:04 [kaufland_products] INFO: Scraped: Alka Elephant Pečené mačkané preclíky Medová hořči | EAN=5949040202058 | kcal=445.0
2026-03-17 21:11:06 [kaufland_products] INFO: Scraped: funny frisch Kettle Chips Salt and Ocet bezlepkové | EAN=4003586002938 | kcal=151.0
2026-03-17 21:11:12 [kaufland_products] INFO: Scraped: Lorenz Peanut Curls Classic Corn Snack s mletými a | EAN=4018077799303 | kcal=0.0
2026-03-17 21:11:14 [kaufland_products] INFO: Scraped: Funny Fresh Pom Bear Original slané bramborové lup | EAN=4000522064302 | kcal=516.0
2026-03-17 21:11:16 [kaufland_products] INFO: Scraped: Superbon Chips Trufle bramborové lupínky s lanýžem | EAN=5425033155476 | kcal=587.0
2026-03-17 21:11:20 [kaufland_products] INFO: Scraped: XOX Vepřové kůže smažené ve vlastním tuku 100g | EAN=4031446820064 | kcal=0.0
2026-03-17 21:11:20 [kaufland_products] WARNING: No nutrition data for: XOX Vepřové kůže smažené ve vlastním tuku 100g
2026-03-17 21:11:22 [kaufland_products] INFO: Scraped: Wessper AquaMax Crystalline Skleněný filtrační džb | EAN=5902668881067 | kcal=0.0
2026-03-17 21:11:22 [kaufland_products] WARNING: No nutrition data for: Wessper AquaMax Crystalline Skleněný filtrační džbán 3 l v bílé barvě, součástí balení je 1 vodní filtr snižuje tvorbu vodního kamene a chlóru
2026-03-17 21:11:24 [kaufland_products] INFO: Scraped: 6 sklenic na pití 250 ml s barevným lakovaným pods | EAN=4260542965724 | kcal=0.0
2026-03-17 21:11:24 [kaufland_products] WARNING: No nutrition data for: 6 sklenic na pití 250 ml s barevným lakovaným podstavcem sklenice na vodu sklenice na džusy
2026-03-17 21:11:29 [kaufland_products] INFO: Scraped: PROFI COOK PC-WKS 1119 Rychlovarná konvice 1,7 l 2 | EAN=4006160111194 | kcal=0.0
2026-03-17 21:11:29 [kaufland_products] WARNING: No nutrition data for: PROFI COOK PC-WKS 1119 Rychlovarná konvice 1,7 l 2200 W nerezová ocel
2026-03-17 21:11:32 [kaufland_products] INFO: Scraped: Sada 6 sklenic na džus Stölzle Lausitz Weinland | EAN=4012632106834 | kcal=0.0
2026-03-17 21:11:32 [kaufland_products] WARNING: No nutrition data for: Sada 6 sklenic na džus Stölzle Lausitz Weinland
2026-03-17 21:11:34 [scrapy.extensions.logstats] INFO: Crawled 1650 pages (at 20 pages/min), scraped 1550 items (at 20 items/min)
2026-03-17 21:11:35 [kaufland_products] INFO: Scraped: Sendez 6 hrnků s motivy zvířat 230ml sklenice na č | EAN=4260542963485 | kcal=0.0
2026-03-17 21:11:35 [kaufland_products] WARNING: No nutrition data for: Sendez 6 hrnků s motivy zvířat 230ml sklenice na čaj dětské sklenice na pití sklenice na džusy
2026-03-17 21:11:37 [kaufland_products] INFO: Scraped: Leonardo Event stohovatelný hrnek stohovatelný 330 | EAN=4002541108999 | kcal=0.0
2026-03-17 21:11:37 [kaufland_products] WARNING: No nutrition data for: Leonardo Event stohovatelný hrnek stohovatelný 330ml balení 1 kus
2026-03-17 21:11:40 [kaufland_products] INFO: Scraped: Samsung Galaxy SmartTag2 Black | EAN=8806095039893 | kcal=0.0
2026-03-17 21:11:40 [kaufland_products] WARNING: No nutrition data for: Samsung Galaxy SmartTag2 Black
2026-03-17 21:11:43 [kaufland_products] INFO: Scraped: Brita MAXTRA PRO ALL-IN-1 Wasserfilterkartusche 6  | EAN=4006387122041 | kcal=0.0
2026-03-17 21:11:43 [kaufland_products] WARNING: No nutrition data for: Brita MAXTRA PRO ALL-IN-1 Wasserfilterkartusche 6 Stück(e) (122 041)
2026-03-17 21:11:45 [kaufland_products] INFO: Scraped: TP Toys Dřevěný vodotrysk Splash Nature 31x57x92 c | EAN=5021854106057 | kcal=0.0
2026-03-17 21:11:45 [kaufland_products] WARNING: No nutrition data for: TP Toys Dřevěný vodotrysk Splash Nature 31x57x92 cm
2026-03-17 21:11:50 [kaufland_products] INFO: Scraped: Sada 6 vysokých sklenic na nápoje Avant-Garde 540  | EAN=5900345789583 | kcal=0.0
2026-03-17 21:11:50 [kaufland_products] WARNING: No nutrition data for: Sada 6 vysokých sklenic na nápoje Avant-Garde 540 ml
2026-03-17 21:11:53 [kaufland_products] INFO: Scraped: EUROLUB Destilovaná voda 5 litrů | EAN=4025377819051 | kcal=0.0
2026-03-17 21:11:53 [kaufland_products] WARNING: No nutrition data for: EUROLUB Destilovaná voda 5 litrů
2026-03-17 21:11:56 [kaufland_products] INFO: Scraped: Leonardo Ciao Tumbler velká sada 18 kusů, sklenice | EAN=4002541129055 | kcal=0.0
2026-03-17 21:11:56 [kaufland_products] WARNING: No nutrition data for: Leonardo Ciao Tumbler velká sada 18 kusů, sklenice na pití, sklenice na vodu, sklenice na džus, sklo, 300 ml, 17206
2026-03-17 21:11:58 [kaufland_products] INFO: Scraped: Zwilling Wasserkocher Pro, integrierte Waage, 1,5  | EAN=4009839537172 | kcal=0.0
2026-03-17 21:11:58 [kaufland_products] WARNING: No nutrition data for: Zwilling Wasserkocher Pro, integrierte Waage, 1,5 L Enfinigy 7 Programme (53006-002-0)
2026-03-17 21:12:02 [kaufland_products] INFO: Scraped: Bormioli Rocco Water Glasses Line Transparent 290  | EAN=8004360087765 | kcal=0.0
2026-03-17 21:12:02 [kaufland_products] WARNING: No nutrition data for: Bormioli Rocco Water Glasses Line Transparent 290 ml - 6 kusů
2026-03-17 21:12:05 [kaufland_products] INFO: Scraped: Pasabahce Crystal Glass 4 Set Timeless | EAN=8693357394025 | kcal=0.0
2026-03-17 21:12:05 [kaufland_products] WARNING: No nutrition data for: Pasabahce Crystal Glass 4 Set Timeless
2026-03-17 21:12:07 [kaufland_products] INFO: Scraped: Mutto prázdná láhev, nádoba na vodu, galonová láhe | EAN=4270003579674 | kcal=0.0
2026-03-17 21:12:07 [kaufland_products] WARNING: No nutrition data for: Mutto prázdná láhev, nádoba na vodu, galonová láhev na minerální vodu na 19 litrů včetně 2 víček
2026-03-17 21:12:10 [kaufland_products] INFO: Scraped: Sada 6 nízkých sklenic Avant-Garde 430 ml | EAN=5900345789453 | kcal=0.0
2026-03-17 21:12:10 [kaufland_products] WARNING: No nutrition data for: Sada 6 nízkých sklenic Avant-Garde 430 ml
2026-03-17 21:12:12 [kaufland_products] INFO: Scraped: Car Scents Coronado Cherry - Višeň/Třešeň | EAN=7638900850390 | kcal=0.0
2026-03-17 21:12:12 [kaufland_products] WARNING: No nutrition data for: Car Scents Coronado Cherry - Višeň/Třešeň
2026-03-17 21:12:17 [kaufland_products] INFO: Scraped: EUROLUB Destilovaná voda 25 litrů | EAN=4025377819259 | kcal=0.0
2026-03-17 21:12:17 [kaufland_products] WARNING: No nutrition data for: EUROLUB Destilovaná voda 25 litrů
2026-03-17 21:12:20 [kaufland_products] INFO: Scraped: Robbyrob Destilovaná voda 1037000000 5l kanystr | EAN=4001068701867 | kcal=0.0
2026-03-17 21:12:20 [kaufland_products] WARNING: No nutrition data for: Robbyrob Destilovaná voda 1037000000 5l kanystr
2026-03-17 21:12:23 [kaufland_products] INFO: Scraped: EUROLUB Destilovaná voda 2 litry | EAN=4025377819020 | kcal=0.0
2026-03-17 21:12:23 [kaufland_products] WARNING: No nutrition data for: EUROLUB Destilovaná voda 2 litry
2026-03-17 21:12:26 [kaufland_products] INFO: Scraped: Dobré a levné 2214853009 Destilovaná voda 2L | EAN=4311501418048 | kcal=0.0
2026-03-17 21:12:26 [kaufland_products] WARNING: No nutrition data for: Dobré a levné 2214853009 Destilovaná voda 2L
2026-03-17 21:12:28 [kaufland_products] INFO: Scraped: KLAX® 289741 KLAX® Destilliertes Wasser 5 l | EAN=4002832001053 | kcal=0.0
2026-03-17 21:12:28 [kaufland_products] WARNING: No nutrition data for: KLAX® 289741 KLAX® Destilliertes Wasser 5 l
2026-03-17 21:12:32 [kaufland_products] INFO: Scraped: Filtrační patrony Sillar - 24 kusů | náhradní filt | EAN=5902668078368 | kcal=0.0
2026-03-17 21:12:32 [kaufland_products] WARNING: No nutrition data for: Filtrační patrony Sillar - 24 kusů | náhradní filtrační patrony pro Dafi Unimax Aquaphor A5 Brita Maxtra+ Philips AWP212/10
2026-03-17 21:12:34 [scrapy.extensions.logstats] INFO: Crawled 1670 pages (at 20 pages/min), scraped 1570 items (at 20 items/min)
2026-03-17 21:12:35 [kaufland_products] INFO: Scraped: Filtrační patrony Sillar - 15 kusů | náhradní filt | EAN=5902668078344 | kcal=0.0
2026-03-17 21:12:35 [kaufland_products] WARNING: No nutrition data for: Filtrační patrony Sillar - 15 kusů | náhradní filtrační patrony pro Dafi Unimax Aquaphor A5 Brita Maxtra+ Philips AWP212/10
2026-03-17 21:12:38 [kaufland_products] INFO: Scraped: Filtrační patrony Sillar - 12 kusů | náhradní filt | EAN=5902668078337 | kcal=0.0
2026-03-17 21:12:38 [kaufland_products] WARNING: No nutrition data for: Filtrační patrony Sillar - 12 kusů | náhradní filtrační patrony pro Dafi Unimax Aquaphor A5 Brita Maxtra+ Philips AWP212/10
2026-03-17 21:12:40 [kaufland_products] INFO: [pizza] page 1: found 24 product links
2026-03-17 21:12:43 [kaufland_products] INFO: [konzerva tuňák] page 1: found 21 product links
2026-03-17 21:12:46 [kaufland_products] INFO: [fazole] page 1: found 24 product links
2026-03-17 21:12:50 [kaufland_products] INFO: [pizza] page 2: found 18 product links
2026-03-17 21:12:51 [kaufland_products] INFO: [konzerva tuňák] page 2: found 4 product links
2026-03-17 21:12:54 [kaufland_products] INFO: [fazole] page 2: found 10 product links
2026-03-17 21:13:00 [kaufland_products] INFO: [konzerva tuňák] page 3: found 13 product links
2026-03-17 21:13:02 [scrapy-playwright] WARNING: Closing page due to failed request: <GET https://www.kaufland.cz/s/?search_value=hr%C3%A1%C5%A1ek> exc_type=<class 'playwright._impl._errors.TimeoutError'> exc_msg=Page.wait_for_selector: Timeout 15000ms exceeded.
Call log:
  - waiting for locator("a[href*='/product/']") to be visible
Traceback (most recent call last):
  File "/home/krokviak/.local/lib/python3.12/site-packages/scrapy_playwright/handler.py", line 480, in _download_request_with_retry
    return await self._download_request_with_page(request, page, spider)
           ^^^^^^^^^^^^^^^^^^^^^^^^^^^^^^^^^^^^^^^^^^^^^^^^^^^^^^^^^^^^^
  File "/home/krokviak/.local/lib/python3.12/site-packages/scrapy_playwright/handler.py", line 528, in _download_request_with_page
    await self._apply_page_methods(page, request, spider)
  File "/home/krokviak/.local/lib/python3.12/site-packages/scrapy_playwright/handler.py", line 678, in _apply_page_methods
    pm.result = await _maybe_await(method(*pm.args, **pm.kwargs))
                ^^^^^^^^^^^^^^^^^^^^^^^^^^^^^^^^^^^^^^^^^^^^^^^^^
  File "/home/krokviak/.local/lib/python3.12/site-packages/scrapy_playwright/_utils.py", line 23, in _maybe_await
    return await obj
           ^^^^^^^^^
  File "/home/krokviak/.local/lib/python3.12/site-packages/playwright/async_api/_generated.py", line 8234, in wait_for_selector
    await self._impl_obj.wait_for_selector(
  File "/home/krokviak/.local/lib/python3.12/site-packages/playwright/_impl/_page.py", line 419, in wait_for_selector
    return await self._main_frame.wait_for_selector(**locals_to_params(locals()))
           ^^^^^^^^^^^^^^^^^^^^^^^^^^^^^^^^^^^^^^^^^^^^^^^^^^^^^^^^^^^^^^^^^^^^^^
  File "/home/krokviak/.local/lib/python3.12/site-packages/playwright/_impl/_frame.py", line 369, in wait_for_selector
    await self._channel.send(
  File "/home/krokviak/.local/lib/python3.12/site-packages/playwright/_impl/_connection.py", line 69, in send
    return await self._connection.wrap_api_call(
           ^^^^^^^^^^^^^^^^^^^^^^^^^^^^^^^^^^^^^
  File "/home/krokviak/.local/lib/python3.12/site-packages/playwright/_impl/_connection.py", line 559, in wrap_api_call
    raise rewrite_error(error, f"{parsed_st['apiName']}: {error}") from None
playwright._impl._errors.TimeoutError: Page.wait_for_selector: Timeout 15000ms exceeded.
Call log:
  - waiting for locator("a[href*='/product/']") to be visible

2026-03-17 21:13:03 [kaufland_products] WARNING: Request failed: https://www.kaufland.cz/s/?search_value=hr%C3%A1%C5%A1ek: Page.wait_for_selector: Timeout 15000ms exceeded.
Call log:
  - waiting for locator("a[href*='/product/']") to be visible

2026-03-17 21:13:03 [kaufland_products] INFO: [fazole] page 3: found 20 product links
2026-03-17 21:13:05 [kaufland_products] INFO: [konzerva tuňák] page 4: found 29 product links
2026-03-17 21:13:07 [kaufland_products] INFO: Scraped: Filety ze sleďů Appel v rajčatové omáčce s mozzare | EAN=4020500922158 | kcal=194.0
2026-03-17 21:13:10 [kaufland_products] INFO: [fazole] page 4: found 32 product links
2026-03-17 21:13:12 [scrapy-playwright] WARNING: Closing page due to failed request: <GET https://www.kaufland.cz/s/?search_value=pizza&page=3> exc_type=<class 'playwright._impl._errors.TimeoutError'> exc_msg=Page.wait_for_selector: Timeout 15000ms exceeded.
Call log:
  - waiting for locator("a[href*='/product/']") to be visible
Traceback (most recent call last):
  File "/home/krokviak/.local/lib/python3.12/site-packages/scrapy_playwright/handler.py", line 480, in _download_request_with_retry
    return await self._download_request_with_page(request, page, spider)
           ^^^^^^^^^^^^^^^^^^^^^^^^^^^^^^^^^^^^^^^^^^^^^^^^^^^^^^^^^^^^^
  File "/home/krokviak/.local/lib/python3.12/site-packages/scrapy_playwright/handler.py", line 528, in _download_request_with_page
    await self._apply_page_methods(page, request, spider)
  File "/home/krokviak/.local/lib/python3.12/site-packages/scrapy_playwright/handler.py", line 678, in _apply_page_methods
    pm.result = await _maybe_await(method(*pm.args, **pm.kwargs))
                ^^^^^^^^^^^^^^^^^^^^^^^^^^^^^^^^^^^^^^^^^^^^^^^^^
  File "/home/krokviak/.local/lib/python3.12/site-packages/scrapy_playwright/_utils.py", line 23, in _maybe_await
    return await obj
           ^^^^^^^^^
  File "/home/krokviak/.local/lib/python3.12/site-packages/playwright/async_api/_generated.py", line 8234, in wait_for_selector
    await self._impl_obj.wait_for_selector(
  File "/home/krokviak/.local/lib/python3.12/site-packages/playwright/_impl/_page.py", line 419, in wait_for_selector
    return await self._main_frame.wait_for_selector(**locals_to_params(locals()))
           ^^^^^^^^^^^^^^^^^^^^^^^^^^^^^^^^^^^^^^^^^^^^^^^^^^^^^^^^^^^^^^^^^^^^^^
  File "/home/krokviak/.local/lib/python3.12/site-packages/playwright/_impl/_frame.py", line 369, in wait_for_selector
    await self._channel.send(
  File "/home/krokviak/.local/lib/python3.12/site-packages/playwright/_impl/_connection.py", line 69, in send
    return await self._connection.wrap_api_call(
           ^^^^^^^^^^^^^^^^^^^^^^^^^^^^^^^^^^^^^
  File "/home/krokviak/.local/lib/python3.12/site-packages/playwright/_impl/_connection.py", line 559, in wrap_api_call
    raise rewrite_error(error, f"{parsed_st['apiName']}: {error}") from None
playwright._impl._errors.TimeoutError: Page.wait_for_selector: Timeout 15000ms exceeded.
Call log:
  - waiting for locator("a[href*='/product/']") to be visible

2026-03-17 21:13:12 [kaufland_products] WARNING: Request failed: https://www.kaufland.cz/s/?search_value=pizza&page=3: Page.wait_for_selector: Timeout 15000ms exceeded.
Call log:
  - waiting for locator("a[href*='/product/']") to be visible

2026-03-17 21:13:13 [kaufland_products] INFO: [konzerva tuňák] page 5: found 15 product links
2026-03-17 21:13:17 [kaufland_products] INFO: [fazole] page 5: found 28 product links
2026-03-17 21:13:20 [kaufland_products] INFO: Scraped: Hrací deska na házení, přenosná sada na cornhole,  | EAN=0752897372660 | kcal=0.0
2026-03-17 21:13:20 [kaufland_products] WARNING: No nutrition data for: Hrací deska na házení, přenosná sada na cornhole, obsahuje 1 hrací desku na cornhole a 6 pytlů s fazolemi na házení, modrá barva
2026-03-17 21:13:22 [kaufland_products] INFO: Scraped: Filety z divokého lososa - přírodní 125g | EAN=4026968017054 | kcal=88.0
2026-03-17 21:13:25 [kaufland_products] INFO: Scraped: Sójové boby Edamame - plechovka 200g | EAN=4006040063339 | kcal=100.0
2026-03-17 21:13:28 [kaufland_products] INFO: Scraped: LUMALAND Sedací vak Pouf Cord - tmavě modrý | EAN=4067527057265 | kcal=0.0
2026-03-17 21:13:28 [kaufland_products] WARNING: No nutrition data for: LUMALAND Sedací vak Pouf Cord - tmavě modrý
2026-03-17 21:13:32 [kaufland_products] INFO: Scraped: Eisenberg J'ose Homme EDP 30 ml M | EAN=3259550301106 | kcal=0.0
2026-03-17 21:13:32 [kaufland_products] WARNING: No nutrition data for: Eisenberg J'ose Homme EDP 30 ml M
2026-03-17 21:13:34 [scrapy.extensions.logstats] INFO: Crawled 1690 pages (at 20 pages/min), scraped 1578 items (at 8 items/min)
2026-03-17 21:13:34 [kaufland_products] INFO: Scraped: Jelly Belly Vent Stick Blueberry 2 pack - Borůvka | EAN=5010555157147 | kcal=0.0
2026-03-17 21:13:34 [kaufland_products] WARNING: No nutrition data for: Jelly Belly Vent Stick Blueberry 2 pack - Borůvka
2026-03-17 21:13:37 [kaufland_products] INFO: Scraped: Carolina Herrera Good Girl parfémová voda s náplní | EAN=8411061026960 | kcal=0.0
2026-03-17 21:13:37 [kaufland_products] WARNING: No nutrition data for: Carolina Herrera Good Girl parfémová voda s náplní 200 ml
2026-03-17 21:13:40 [kaufland_products] INFO: Scraped: Jelly Belly Hanging Gel Island Punch - Ostrovní pu | EAN=5010555153637 | kcal=0.0
2026-03-17 21:13:40 [kaufland_products] WARNING: No nutrition data for: Jelly Belly Hanging Gel Island Punch - Ostrovní punč
2026-03-17 21:13:43 [kaufland_products] INFO: Scraped: Display Komplett Seaworld Dolphin 12x Jelly Beans  | EAN=4260332195836 | kcal=373.0
2026-03-17 21:13:46 [kaufland_products] INFO: Scraped: Creed Centaurus EDP 50 ml UNISEX | EAN=3508440001344 | kcal=0.0
2026-03-17 21:13:46 [kaufland_products] WARNING: No nutrition data for: Creed Centaurus EDP 50 ml UNISEX
2026-03-17 21:13:48 [kaufland_products] INFO: Scraped: Hrnec na rum Rumbar 4,8 litru I Kameninové nádobí  | EAN=4250857293940 | kcal=0.0
2026-03-17 21:13:48 [kaufland_products] WARNING: No nutrition data for: Hrnec na rum Rumbar 4,8 litru I Kameninové nádobí I Kvasný hrnec Hrnec na kysané zelí Hrnec na okurky
2026-03-17 21:13:53 [kaufland_products] INFO: Scraped: Korres Black Sugar EDT 50 ml UNISEX | EAN=5203069090592 | kcal=0.0
2026-03-17 21:13:53 [kaufland_products] WARNING: No nutrition data for: Korres Black Sugar EDT 50 ml UNISEX
2026-03-17 21:13:56 [kaufland_products] INFO: Scraped: El Nabil Musc Code- Parfémová Voda 65 Ml | EAN=5060815001284 | kcal=0.0
2026-03-17 21:13:56 [kaufland_products] WARNING: No nutrition data for: El Nabil Musc Code- Parfémová Voda 65 Ml
2026-03-17 21:13:59 [kaufland_products] INFO: Scraped: QLS Závěsný rám křesla ocelový s hákem 203 cm Stab | EAN=4262476545140 | kcal=0.0
2026-03-17 21:13:59 [kaufland_products] WARNING: No nutrition data for: QLS Závěsný rám křesla ocelový s hákem 203 cm Stabilní do 100 kg Venkovní bílá 11259
2026-03-17 21:14:02 [kaufland_products] INFO: Scraped: Podlahová židle 'Koskyvn' čalouněná Podlahová židl | EAN=4059438892301 | kcal=0.0
2026-03-17 21:14:02 [kaufland_products] WARNING: No nutrition data for: Podlahová židle 'Koskyvn' čalouněná Podlahová židle s opěradlem 75 x 90 x 100 cm Textilní šedá barva
2026-03-17 21:14:04 [kaufland_products] INFO: Scraped: Tabac Original DEO ve spreji 200 ml M | EAN=4011700410903 | kcal=0.0
2026-03-17 21:14:04 [kaufland_products] WARNING: No nutrition data for: Tabac Original DEO ve spreji 200 ml M
2026-03-17 21:14:06 [kaufland_products] INFO: Scraped: Reebok Sprchový Gel Women Cool Your Body 400Ml... | EAN=8436581947755 | kcal=0.0
2026-03-17 21:14:06 [kaufland_products] WARNING: No nutrition data for: Reebok Sprchový Gel Women Cool Your Body 400Ml...
2026-03-17 21:14:11 [kaufland_products] INFO: Scraped: Elektrický mlýnek Duronic CG250 250 W černý | EAN=5060184207751 | kcal=0.0
2026-03-17 21:14:11 [kaufland_products] WARNING: No nutrition data for: Elektrický mlýnek Duronic CG250 250 W černý
2026-03-17 21:14:14 [kaufland_products] INFO: Scraped: Čalouněná postel Fortuna-Lai Jednolůžko 90 x 200 c | EAN=4853171319213 | kcal=0.0
2026-03-17 21:14:14 [kaufland_products] WARNING: No nutrition data for: Čalouněná postel Fortuna-Lai Jednolůžko 90 x 200 cm - s čelem ve tvaru květu, lamelový rám, samet - pro dospělé a děti - červená
2026-03-17 21:14:16 [kaufland_products] INFO: Scraped: OXO POP Good Grips 1,6 l - Malý čtverec - vzduchot | EAN=719812684956 0719812684956 | kcal=0.0
2026-03-17 21:14:16 [kaufland_products] WARNING: No nutrition data for: OXO POP Good Grips 1,6 l - Malý čtverec - vzduchotěsný, stohovatelný
2026-03-17 21:14:18 [kaufland_products] INFO: Scraped: BDK Parfums Rouge Smoking EDP 100 ml UNISEX | EAN=3760035450221 | kcal=0.0
2026-03-17 21:14:18 [kaufland_products] WARNING: No nutrition data for: BDK Parfums Rouge Smoking EDP 100 ml UNISEX
2026-03-17 21:14:23 [kaufland_products] INFO: Scraped: Carner Barcelona Tardes EDP 100 ml W | EAN=8437011481030 | kcal=0.0
2026-03-17 21:14:23 [kaufland_products] WARNING: No nutrition data for: Carner Barcelona Tardes EDP 100 ml W
2026-03-17 21:14:25 [kaufland_products] INFO: Scraped: Matiere Premiere Santal Austral EDP 50 ml UNISEX | EAN=3760372460051 | kcal=0.0
2026-03-17 21:14:25 [kaufland_products] WARNING: No nutrition data for: Matiere Premiere Santal Austral EDP 50 ml UNISEX
2026-03-17 21:14:28 [kaufland_products] INFO: Scraped: 10L dávkovač na obiloviny 6 v 1 s odměrkou víko 6  | EAN=733835799602 0733835799602 | kcal=0.0
2026-03-17 21:14:28 [kaufland_products] WARNING: No nutrition data for: 10L dávkovač na obiloviny 6 v 1 s odměrkou víko 6 mřížek dávkovač na obiloviny zásobník na suché potraviny plechovky na obiloviny zásobník na rýži zásobník na kukuřici sójové boby zrna (průhledný)
2026-03-17 21:14:30 [kaufland_products] INFO: Scraped: Deiss PRO Heavy Duty šťouchadlo na brambory z nere | EAN=4251969668725 | kcal=0.0
2026-03-17 21:14:30 [kaufland_products] WARNING: No nutrition data for: Deiss PRO Heavy Duty šťouchadlo na brambory z nerezové oceli s gumovou rukojetí - vysoce kvalitní ruční šťouchadlo na brambory - šťouchadlo na ovoce, které lze mýt v myčce nádobí
2026-03-17 21:14:34 [scrapy.extensions.logstats] INFO: Crawled 1710 pages (at 20 pages/min), scraped 1598 items (at 20 items/min)
2026-03-17 21:14:35 [kaufland_products] INFO: Scraped: Bonduelle Leipziger Allerlei 200g | EAN=3083680566353 | kcal=52.7
2026-03-17 21:14:38 [kaufland_products] INFO: Scraped: Erasco Pichelsteiner hrnec s hovězím masem a zelen | EAN=4251753727997 | kcal=30.0
2026-03-17 21:14:40 [kaufland_products] INFO: Scraped: Erasco čočkový hrnec s vepřovým masem, vydatný a c | EAN=4037300108262 | kcal=66.0
2026-03-17 21:14:42 [kaufland_products] INFO: Scraped: Lacroix gulášová polévka jemná hovězí s pikantní p | EAN=4251753719886 | kcal=74.0
2026-03-17 21:14:46 [kaufland_products] INFO: Scraped: Meica 6 malých křupavých | EAN=4000503106304 | kcal=248.0
2026-03-17 21:14:49 [kaufland_products] INFO: Scraped: Zimmermann Delikate Saftwürstl Bockwürste 8 kusů A | EAN=4006153751109 | kcal=0.0
2026-03-17 21:14:53 [kaufland_products] INFO: Scraped: La Comtesse hromada mušlí pikantní | EAN=4008314060600 | kcal=164.0
2026-03-17 21:14:55 [kaufland_products] INFO: Scraped: Kapusta 720ml | EAN=4009309572504 | kcal=44.0
2026-03-17 21:14:59 [kaufland_products] INFO: Scraped: Banderas Black Seduction EDT 100 ml M | EAN=8411061081266 | kcal=0.0
2026-03-17 21:14:59 [kaufland_products] WARNING: No nutrition data for: Banderas Black Seduction EDT 100 ml M
2026-03-17 21:15:02 [kaufland_products] INFO: Scraped: Dárková sada pro suché vlasy Kérastase Paris Nutri | EAN=3474637215620 | kcal=0.0
2026-03-17 21:15:02 [kaufland_products] WARNING: No nutrition data for: Dárková sada pro suché vlasy Kérastase Paris Nutritive Essentials Set
2026-03-17 21:15:04 [kaufland_products] INFO: Scraped: Santo Volcano Parfém Augusta 100 ml | EAN=5213002842133 | kcal=0.0
2026-03-17 21:15:04 [kaufland_products] WARNING: No nutrition data for: Santo Volcano Parfém Augusta 100 ml
2026-03-17 21:15:07 [kaufland_products] INFO: Scraped: Sada 10ks Deco Haus Znovupoužitelný skleněný dózy  | EAN=3831127598227 | kcal=0.0
2026-03-17 21:15:07 [kaufland_products] WARNING: No nutrition data for: Sada 10ks Deco Haus Znovupoužitelný skleněný dózy s bambusovým víkem - vzduchotěsné, vhodné do myčky a mikrovlnné trouby - 8,5x6,5cm, 150ml
2026-03-17 21:15:09 [kaufland_products] INFO: Scraped: Beauty of Joseon Green Plum Refreshing Cleanser 10 | EAN=8809738314678 | kcal=0.0
2026-03-17 21:15:09 [kaufland_products] WARNING: No nutrition data for: Beauty of Joseon Green Plum Refreshing Cleanser 100ml
2026-03-17 21:15:14 [kaufland_products] INFO: Scraped: Maison Crivelli Oud Stallion Extrait de Parfum 50  | EAN=3770019756614 | kcal=0.0
2026-03-17 21:15:14 [kaufland_products] WARNING: No nutrition data for: Maison Crivelli Oud Stallion Extrait de Parfum 50 ml UNISEX
2026-03-17 21:15:17 [kaufland_products] INFO: Scraped: Dětský sedací vak LUMALAND Animal Line Monster - p | EAN=4067527056862 | kcal=0.0
2026-03-17 21:15:17 [kaufland_products] WARNING: No nutrition data for: Dětský sedací vak LUMALAND Animal Line Monster - pastelově zelený
2026-03-17 21:15:19 [kaufland_products] INFO: Scraped: Pendora Scents Charuto Regal Reserve EDP 100 ml UN | EAN=6237312896517 | kcal=0.0
2026-03-17 21:15:19 [kaufland_products] WARNING: No nutrition data for: Pendora Scents Charuto Regal Reserve EDP 100 ml UNISEX
2026-03-17 21:15:22 [kaufland_products] INFO: Scraped: Mucola květináč s mříží Box na květináč s mříží na | EAN=4251258934326 | kcal=0.0
2026-03-17 21:15:22 [kaufland_products] WARNING: No nutrition data for: Mucola květináč s mříží Box na květináč s mříží na šplhání Květináč Dřevěná prolézačka Pergola na zahradě na šplhání - Brown2er Set
2026-03-17 21:15:24 [kaufland_products] INFO: Scraped: Grilované pražené fazole 200g Brat.pl | EAN=5905514506381 | kcal=0.0
2026-03-17 21:15:24 [kaufland_products] WARNING: No nutrition data for: Grilované pražené fazole 200g Brat.pl
2026-03-17 21:15:29 [kaufland_products] INFO: Scraped: Hra Bao size S ovál - ze dřeva - strategická hra s | EAN=4260273582870 | kcal=0.0
2026-03-17 21:15:29 [kaufland_products] WARNING: No nutrition data for: Hra Bao size S ovál - ze dřeva - strategická hra s drahokamy (2. volba)
2026-03-17 21:15:31 [kaufland_products] INFO: Scraped: Keramické kuličky- fazolky na pečení, 600g | EAN=8720512692419 | kcal=0.0
2026-03-17 21:15:31 [kaufland_products] WARNING: No nutrition data for: Keramické kuličky- fazolky na pečení, 600g
2026-03-17 21:15:34 [kaufland_products] INFO: Scraped: Parfums de Marly Oajan EDP 125 ml UNISEX | EAN=3700578502094 | kcal=0.0
2026-03-17 21:15:34 [kaufland_products] WARNING: No nutrition data for: Parfums de Marly Oajan EDP 125 ml UNISEX
2026-03-17 21:15:34 [scrapy.extensions.logstats] INFO: Crawled 1731 pages (at 21 pages/min), scraped 1619 items (at 21 items/min)
2026-03-17 21:15:37 [kaufland_products] INFO: Scraped: RUF moka fazole | EAN=4002809024290 | kcal=511.0
2026-03-17 21:15:40 [kaufland_products] INFO: Scraped: QLS Závěsný rám křesla ocelový s hákem 212 cm Stab | EAN=4262476545164 | kcal=0.0
2026-03-17 21:15:40 [kaufland_products] WARNING: No nutrition data for: QLS Závěsný rám křesla ocelový s hákem 212 cm Stabilní do 100 kg Outdoor Black 11261
2026-03-17 21:15:43 [kaufland_products] INFO: Scraped: Worth Miss Worth EDT MINI 10 ml W | EAN=0000050518371 50518371 | kcal=0.0
2026-03-17 21:15:43 [kaufland_products] WARNING: No nutrition data for: Worth Miss Worth EDT MINI 10 ml W
2026-03-17 21:15:45 [kaufland_products] INFO: Scraped: SAFLAX - BIO - Fazole - Edamame - Glycine max (L.) | EAN=4055473187419 | kcal=0.0
2026-03-17 21:15:45 [kaufland_products] WARNING: No nutrition data for: SAFLAX - BIO - Fazole - Edamame - Glycine max (L.) Merr. - 8 Semena
2026-03-17 21:15:50 [kaufland_products] INFO: Scraped: Doctor Sport Cornhole Pro Series - americká házecí | EAN=6013754488400 | kcal=0.0
2026-03-17 21:15:50 [kaufland_products] WARNING: No nutrition data for: Doctor Sport Cornhole Pro Series - americká házecí hra - 120 x 60 cm s 8 pytli s fazolemi a taškou na přenášení - krásná sada z pravého dřeva - 8 pytlů s fazolemi s oficiální hmotností
2026-03-17 21:15:52 [kaufland_products] INFO: Scraped: Ubergames - World Cornhole League - 8 pytlů na faz | EAN=6013740139187 | kcal=0.0
2026-03-17 21:15:52 [kaufland_products] WARNING: No nutrition data for: Ubergames - World Cornhole League - 8 pytlů na fazole - pomalá a rychlá strana - v tašce - Professional - Green Grey Grey
2026-03-17 21:15:55 [kaufland_products] INFO: Scraped: sada 4 lezeckých podpěr relaxdays 150 cm | EAN=4052025426231 | kcal=0.0
2026-03-17 21:15:55 [kaufland_products] WARNING: No nutrition data for: sada 4 lezeckých podpěr relaxdays 150 cm
2026-03-17 21:15:58 [kaufland_products] INFO: Scraped: Lattafa Khamrah Qahwa DEO ve spreji 200 ml UNISEX | EAN=6290362345480 | kcal=0.0
2026-03-17 21:15:58 [kaufland_products] WARNING: No nutrition data for: Lattafa Khamrah Qahwa DEO ve spreji 200 ml UNISEX
2026-03-17 21:16:00 [kaufland_products] INFO: Scraped: Mucola květinový stojan mřížka mřížka mřížka mřížk | EAN=4250357315272 | kcal=0.0
2026-03-17 21:16:00 [kaufland_products] WARNING: No nutrition data for: Mucola květinový stojan mřížka mřížka mřížka mřížka dřevo květinový box mřížka box květináč růže sloupec mřížka výsadba mřížka květináč
2026-03-17 21:16:04 [kaufland_products] INFO: Scraped: Russell Hobbs Kaffeemaschine mit Mahlwerk [Digital | EAN=4008496820900 | kcal=0.0
2026-03-17 21:16:04 [kaufland_products] WARNING: No nutrition data for: Russell Hobbs Kaffeemaschine mit Mahlwerk [Digitaler Timer, Brausekopf für optimale Extraktion&Aroma] Victory (1 bis 12 Tassen, 1,5l Glaskanne, Mahlgradeinstellung) Filterkaffeemaschine 22000-56
2026-03-17 21:16:07 [kaufland_products] INFO: Scraped: QLS Závěsný rám křesla ocelový s hákem 203 cm Stab | EAN=4262476545133 | kcal=0.0
2026-03-17 21:16:07 [kaufland_products] WARNING: No nutrition data for: QLS Závěsný rám křesla ocelový s hákem 203 cm Stabilní do 100 kg Outdoor Black 11258
2026-03-17 21:16:10 [kaufland_products] INFO: Scraped: Květináč na rajčata okurky fazole popínavé květiny | EAN=5904865738205 | kcal=0.0
2026-03-17 21:16:10 [kaufland_products] WARNING: No nutrition data for: Květináč na rajčata okurky fazole popínavé květiny Ø40cm hnědý + vložka
2026-03-17 21:16:15 [kaufland_products] INFO: Scraped: Filety z jablečného sledě Balkánská rajčatová omáč | EAN=4020500922837 | kcal=175.0
2026-03-17 21:16:17 [kaufland_products] INFO: Scraped: Rezumar - Gran Reserva - Kantaberské sardelové fil | EAN=7427266696595 | kcal=0.0
2026-03-17 21:16:20 [kaufland_products] INFO: Scraped: Kalamáry (plněné) v oleji 115g VIGILANTE | EAN=8410234641061 | kcal=300.0
2026-03-17 21:16:23 [kaufland_products] INFO: Scraped: Snídaně s kocovinou z filé ze sledě Appel v pikant | EAN=4020500922615 | kcal=200.0
2026-03-17 21:16:26 [kaufland_products] INFO: Scraped: Filety ze sleďů Appel ve smetaně s pikantní paprik | EAN=4020500922073 | kcal=194.0
2026-03-17 21:16:27 [kaufland_products] INFO: Scraped: Jablečná kocovina v rajčatové omáčce s okurkami a  | EAN=4020500922608 | kcal=164.0
2026-03-17 21:16:32 [kaufland_products] INFO: Scraped: Rezumar - Etiqueta Roja - Kantaberské sardelové fi | EAN=8412369900044 | kcal=0.0
2026-03-17 21:16:34 [scrapy.extensions.logstats] INFO: Crawled 1750 pages (at 19 pages/min), scraped 1638 items (at 19 items/min)
2026-03-17 21:16:35 [kaufland_products] INFO: Scraped: Appel Gourmet mušle v pikantní omáčce salsa k zjem | EAN=4020500977240 | kcal=149.0
2026-03-17 21:16:37 [kaufland_products] INFO: Scraped: Filety z makrely obecné v rajčatovém krému 200g | EAN=4020500921700 | kcal=277.0
2026-03-17 21:16:40 [kaufland_products] INFO: Scraped: La Comtess Calmar v pikantní omáčce | EAN=4008314040107 | kcal=132.0
2026-03-17 21:16:43 [kaufland_products] INFO: Scraped: Filety ze sledě obecného v rajčatovém krému z rajč | EAN=4020500922011 | kcal=218.0
2026-03-17 21:16:46 [kaufland_products] INFO: Scraped: Filety ze sleďů Appel v pikantním pepřovém krému 2 | EAN=4020500922097 | kcal=219.0
2026-03-17 21:16:48 [kaufland_products] INFO: Scraped: Probare uzená tresčí játra | EAN=4008314131713 | kcal=404.0
2026-03-17 21:16:53 [kaufland_products] INFO: Scraped: Filety ze sledě obecného v omáčce skyr s aromatick | EAN=4020500922875 | kcal=170.0
2026-03-17 21:16:56 [kaufland_products] INFO: Scraped: GymBeam Sardinky v solném nálevu – vysoce kvalitní | EAN=8586022214332 | kcal=109.0
2026-03-17 21:16:58 [kaufland_products] INFO: Scraped: Appel Wellness Harmonie filety ze sledě s mangem a | EAN=4020500922745 | kcal=184.0
2026-03-17 21:17:01 [kaufland_products] INFO: Scraped: Filety ze sledě Appel MSC ve smetanové křenové kon | EAN=4020500922080 | kcal=0.0
2026-03-17 21:17:04 [kaufland_products] INFO: Scraped: Jablečné kari závitky ze sleďů v pikantním kari ke | EAN=4020500967227 | kcal=157.0
2026-03-17 21:17:09 [kaufland_products] INFO: Scraped: Filety ze sleďů Appel Křehké filety v omáčce po to | EAN=4020500922851 | kcal=229.44
2026-03-17 21:17:10 [kaufland_products] INFO: Scraped: Filety ze sleďů Appel v klasickém pikantním vaječn | EAN=4020500922127 | kcal=206.0
2026-03-17 21:17:13 [kaufland_products] INFO: Scraped: Appel Sardinky Madeleine červené Křehké filety ze  | EAN=4020500977820 | kcal=253.0
2026-03-17 21:17:16 [kaufland_products] INFO: Scraped: Zimmermann Regensburger párky 4 kusy ATG 250g plec | EAN=4006153757002 | kcal=0.0
2026-03-17 21:17:19 [kaufland_products] INFO: Scraped: Filety ze sledě Appel MSC v tatarské omáčce s rajč | EAN=4020500922530 | kcal=0.0
2026-03-17 21:17:24 [kaufland_products] INFO: Scraped: relaxdays Kalaha Spiel | EAN=4052025235017 | kcal=0.0
2026-03-17 21:17:24 [kaufland_products] WARNING: No nutrition data for: relaxdays Kalaha Spiel
2026-03-17 21:17:26 [kaufland_products] INFO: Scraped: Elizabeth Arden White Tea EDP 50 ml W | EAN=85805210465 085805210465 0085805210465 | kcal=0.0
2026-03-17 21:17:26 [kaufland_products] WARNING: No nutrition data for: Elizabeth Arden White Tea EDP 50 ml W
2026-03-17 21:17:28 [kaufland_products] INFO: Scraped: PheroStrong Pheromone Only Pro Ženy - 50 ml | EAN=5905669259897 | kcal=0.0
2026-03-17 21:17:28 [kaufland_products] WARNING: No nutrition data for: PheroStrong Pheromone Only Pro Ženy - 50 ml
2026-03-17 21:17:31 [kaufland_products] INFO: Scraped: Afnan 9 pm EDP 100 ml + DEO ve spreji 150 ml + SG  | EAN=6290171072980 | kcal=0.0
2026-03-17 21:17:31 [kaufland_products] WARNING: No nutrition data for: Afnan 9 pm EDP 100 ml + DEO ve spreji 150 ml + SG 150 ml M
2026-03-17 21:17:33 [kaufland_products] INFO: Scraped: Rebel gra Fasolki ed.Rebel 18442 | EAN=5902650618442 | kcal=0.0
2026-03-17 21:17:33 [kaufland_products] WARNING: No nutrition data for: Rebel gra Fasolki ed.Rebel 18442
2026-03-17 21:17:34 [scrapy.extensions.logstats] INFO: Crawled 1771 pages (at 21 pages/min), scraped 1659 items (at 21 items/min)
2026-03-17 21:17:39 [kaufland_products] INFO: Scraped: NEOMANN Waxer II Waxing Kit, ohřívač vosku pro epi | EAN=0704537784920 704537784920 | kcal=0.0
2026-03-17 21:17:39 [kaufland_products] WARNING: No nutrition data for: NEOMANN Waxer II Waxing Kit, ohřívač vosku pro epilaci chloupků s elektrickým ohřívačem | Profesionální sada s 300g kuličkami, 20 špachtlí
2026-03-17 21:17:41 [kaufland_products] INFO: Scraped: LUMALAND Sedací vak Pouf Cord - šedý | EAN=4067527057241 | kcal=0.0
2026-03-17 21:17:41 [kaufland_products] WARNING: No nutrition data for: LUMALAND Sedací vak Pouf Cord - šedý
2026-03-17 21:17:44 [kaufland_products] INFO: Scraped: relaxační horolezecká podpěra 120 cm sada 5 kusů | EAN=4052025492793 | kcal=0.0
2026-03-17 21:17:44 [kaufland_products] WARNING: No nutrition data for: relaxační horolezecká podpěra 120 cm sada 5 kusů
2026-03-17 21:17:45 [kaufland_products] INFO: Scraped: Pino Silvestre Original EDT 125 ml M | EAN=0679602211222 679602211222 | kcal=0.0
2026-03-17 21:17:45 [kaufland_products] WARNING: No nutrition data for: Pino Silvestre Original EDT 125 ml M
2026-03-17 21:17:49 [kaufland_products] INFO: Scraped: Sada 4ks - Deco Haus Znovupoužitelný skleněný dózy | EAN=3831127598234 | kcal=0.0
2026-03-17 21:17:49 [kaufland_products] WARNING: No nutrition data for: Sada 4ks - Deco Haus Znovupoužitelný skleněný dózy s bambusovým víkem - vhodné do myčky a mikrovlnné trouby - 20x10 cm, 1400ml
2026-03-17 21:17:52 [kaufland_products] INFO: Scraped: Sada 4ks - Deco Haus Znovupoužitelný skleněný dózy | EAN=3831127593765 | kcal=0.0
2026-03-17 21:17:52 [kaufland_products] WARNING: No nutrition data for: Sada 4ks - Deco Haus Znovupoužitelný skleněný dózy s bambusovým víkem - vzduchotěsné, vhodné do myčky a mikrovlnné trouby - Čtverec, 20x10 cm
2026-03-17 21:17:54 [kaufland_products] INFO: Scraped: Cornhole 2x kompletní s 8 pytli na fazole a taškou | EAN=6013749534563 | kcal=0.0
2026-03-17 21:17:54 [kaufland_products] WARNING: No nutrition data for: Cornhole 2x kompletní s 8 pytli na fazole a taškou na přenášení - 90x60 cm - 13 kg. opravdu pěkná sada z pravého dřeva
2026-03-17 21:17:57 [kaufland_products] INFO: Scraped: Sada 6ks - Deco Haus Znovupoužitelný skleněných dó | EAN=3831127598241 | kcal=0.0
2026-03-17 21:17:57 [kaufland_products] WARNING: No nutrition data for: Sada 6ks - Deco Haus Znovupoužitelný skleněných dózy s bambusovým víkem - výška 3x 16/ 3x 11cm, Ø 10 cm
2026-03-17 21:18:03 [kaufland_products] INFO: Scraped: Nikos Sculpture pour Homme EDT 100 ml M | EAN=5214002966119 | kcal=0.0
2026-03-17 21:18:03 [kaufland_products] WARNING: No nutrition data for: Nikos Sculpture pour Homme EDT 100 ml M
2026-03-17 21:18:06 [kaufland_products] INFO: Scraped: Annayake Tomo Pour Homme toaletní voda 100ml | EAN=3552575300117 | kcal=0.0
2026-03-17 21:18:06 [kaufland_products] WARNING: No nutrition data for: Annayake Tomo Pour Homme toaletní voda 100ml
2026-03-17 21:18:09 [kaufland_products] INFO: Scraped: WISFOR Sada 2 nerezových mříží Vintage horolezecká | EAN=7427271865924 | kcal=0.0
2026-03-17 21:18:09 [kaufland_products] WARNING: No nutrition data for: WISFOR Sada 2 nerezových mříží Vintage horolezecká pomůcka Kovová květinová mříž 210 cm Volně stojící mříž Push-in plot Horolezecká pomůcka plot
2026-03-17 21:18:12 [kaufland_products] INFO: Scraped: unho mřížka kovová, sada 2 ks, nerezová podpěra pr | EAN=7427272405471 | kcal=0.0
2026-03-17 21:18:12 [kaufland_products] WARNING: No nutrition data for: unho mřížka kovová, sada 2 ks, nerezová podpěra pro popínavé rostliny, 195 x 50 cm, mřížka zahradní, zahradní dekorace černá
2026-03-17 21:18:14 [kaufland_products] INFO: Scraped: Appel Gormet mušle v ovocné rajčatové omáčce k zje | EAN=4020500977233 | kcal=127.0
2026-03-17 21:18:17 [kaufland_products] INFO: Scraped: Filety z makrely bez kůže - slunečnicový olej 125g | EAN=4026968005600 | kcal=217.0
2026-03-17 21:18:20 [kaufland_products] INFO: Scraped: Marinovanémušle 115 g (85 g) - PANVA NA MAR | EAN=8412439285064 | kcal=178.0
2026-03-17 21:18:23 [kaufland_products] INFO: Scraped: Appel Feuer Röllchen filety ze sledě v pikantní om | EAN=4020500967203 | kcal=175.0
2026-03-17 21:18:25 [kaufland_products] INFO: Scraped: Filety ze sleďů Appel v ovocném, pikantním piri ma | EAN=4020500922059 | kcal=227.0
2026-03-17 21:18:28 [kaufland_products] INFO: Scraped: GymBeam - Sardinky v olivovém oleji 10 x 125 g | EAN=8586022214349 | kcal=299.0
2026-03-17 21:18:30 [kaufland_products] INFO: Scraped: Filety ze sleďů Appel salsa picante v ohnivě páliv | EAN=4020500922110 | kcal=179.0
2026-03-17 21:18:34 [scrapy.extensions.logstats] INFO: Crawled 1790 pages (at 19 pages/min), scraped 1678 items (at 19 items/min)
2026-03-17 21:18:35 [kaufland_products] INFO: Scraped: Filet ze sledě Rügenfisch v  rajčatové omáčce 200g | EAN=4012839521379 | kcal=239.0
2026-03-17 21:18:38 [kaufland_products] INFO: Scraped: Smažené filety ze sleďů Appel smažené dozlatova v  | EAN=4020500920802 | kcal=196.0
2026-03-17 21:18:40 [kaufland_products] INFO: Scraped: Filety ze sleďů Appel rajčatové po burgundsku s je | EAN=4020500922042 | kcal=221.0
2026-03-17 21:18:43 [kaufland_products] INFO: Scraped: Filety ze sleďů Appel mango chilli passion s mango | EAN=4020500922752 | kcal=212.0
2026-03-17 21:18:46 [kaufland_products] INFO: Scraped: Mung Dal - půlky loupaných fazolí mungo 500g | EAN=4006040178163 | kcal=304.0
2026-03-17 21:18:49 [kaufland_products] INFO: Scraped: Erasco 128479009 Serbische Bohnensuppe Eintopf 750 | EAN=4037300108460 | kcal=65.0
2026-03-17 21:18:54 [kaufland_products] INFO: Scraped: TRS Máslové fazole Vařené bílé fazole 400g/ATG240g | EAN=5017689123666 | kcal=100.0
2026-03-17 21:18:57 [kaufland_products] INFO: Scraped: La Costena pyré z černých fazolí | EAN=0076397032504 76397032504 | kcal=79.0
2026-03-17 21:19:00 [kaufland_products] INFO: Scraped: La Costena hnědé fazole celé | EAN=7501017004362 | kcal=66.0
2026-03-17 21:19:02 [kaufland_products] INFO: Scraped: Mexické chilli Sin Carne 400g | EAN=4000345298854 | kcal=69.0
2026-03-17 21:19:04 [kaufland_products] INFO: Scraped: Erasco dušené zelené fazolky s jemným libovým hově | EAN=4251753727928 | kcal=45.0
2026-03-17 21:19:07 [kaufland_products] INFO: Scraped: Obří fazole Liakada | EAN=4013200109103 | kcal=96.0
2026-03-17 21:19:09 [kaufland_products] INFO: Scraped: Erasco Srbská fazolová polévka se spoustou dobré z | EAN=4251753728000 | kcal=60.0
2026-03-17 21:19:15 [kaufland_products] INFO: Scraped: La Perla kousky tuňáka ve vlastní šťávě a nálevu 1 | EAN=4251753783252 | kcal=97.0
2026-03-17 21:19:16 [kaufland_products] INFO: Scraped: Rio Mare Saupiquet Tuňákový salát západní s certif | EAN=3165950580853 | kcal=183.0
2026-03-17 21:19:19 [kaufland_products] INFO: Scraped: Brit Mono Protein Tuna & Sweet Potato plechovka 40 | EAN=8595602555383 | kcal=1043.0
2026-03-17 21:19:23 [kaufland_products] INFO: Scraped: Ocelová lopatka na pizzu Páka na pizzu Pizza Pushe | EAN=5900779943346 | kcal=0.0
2026-03-17 21:19:23 [kaufland_products] WARNING: No nutrition data for: Ocelová lopatka na pizzu Páka na pizzu Pizza Pusher pro kámen na pizzu Velká lopatka na pizzu Flammkuchen Plate 21746
2026-03-17 21:19:26 [kaufland_products] INFO: Scraped: Emerio PO-113255.4 Emerio Kombi-Pizza Ofen,Pizzare | EAN=7333282001896 | kcal=0.0
2026-03-17 21:19:26 [kaufland_products] WARNING: No nutrition data for: Emerio PO-113255.4 Emerio Kombi-Pizza Ofen,Pizzarette,Raclette,Grill, 6 Pers.
2026-03-17 21:19:29 [kaufland_products] INFO: Scraped: G3Ferrari Pizzamaker Napoletana, rot | EAN=8056095873533 | kcal=0.0
2026-03-17 21:19:29 [kaufland_products] WARNING: No nutrition data for: G3Ferrari Pizzamaker Napoletana, rot
2026-03-17 21:19:32 [kaufland_products] INFO: Scraped: Emerio PO-115985 - 4 Pizza/Pizzen - Schwarz - Oran | EAN=7333282001285 | kcal=0.0
2026-03-17 21:19:32 [kaufland_products] WARNING: No nutrition data for: Emerio PO-115985 - 4 Pizza/Pizzen - Schwarz - Orange - Keramik - 900 W - 4,43 kg - 380 mm
2026-03-17 21:19:34 [scrapy.extensions.logstats] INFO: Crawled 1810 pages (at 20 pages/min), scraped 1698 items (at 20 items/min)
2026-03-17 21:19:34 [kaufland_products] INFO: Scraped: Mahlzeit 3dílná sada na pizzu | 40 x 30 cm | kámen | EAN=4260532296111 | kcal=0.0
2026-03-17 21:19:34 [kaufland_products] WARNING: No nutrition data for: Mahlzeit 3dílná sada na pizzu | 40 x 30 cm | kámen na pizzu s lopatkou a nožem
2026-03-17 21:19:37 [kaufland_products] INFO: Scraped: Domo DO9177PZ - 1 Pizza/Pizzen - 30 cm - 12 min -  | EAN=5411397113207 | kcal=0.0
2026-03-17 21:19:37 [kaufland_products] WARNING: No nutrition data for: Domo DO9177PZ - 1 Pizza/Pizzen - 30 cm - 12 min - Rot - 30 cm
2026-03-17 21:19:41 [kaufland_products] INFO: Scraped: Excelentní domácí sada tří podnosů na pizzu, uhlík | EAN=8711295789243 | kcal=0.0
2026-03-17 21:19:41 [kaufland_products] WARNING: No nutrition data for: Excelentní domácí sada tří podnosů na pizzu, uhlíková/chromová ocel, 30x19 cm, černá/stříbrná
2026-03-17 21:19:43 [kaufland_products] INFO: Scraped: Oro di Parma omáčka na pizzu z rajčat vyzrálých na | EAN=4008100168220 | kcal=50.0
2026-03-17 21:19:46 [kaufland_products] INFO: Scraped: Kráječ na pizzu Boska Oslo+ / nepřilnavý povrch BS | EAN=8713638050591 | kcal=0.0
2026-03-17 21:19:46 [kaufland_products] WARNING: No nutrition data for: Kráječ na pizzu Boska Oslo+ / nepřilnavý povrch BSF™ / krájí bez kývání / velmi ostrý / stylový / dubové dřevo a nerezová ocel
2026-03-17 21:19:48 [kaufland_products] INFO: Scraped: Bukové pelety 30 kg Gril Kuřák Dřevo Pizza Trouba  | EAN=4059419152950 | kcal=0.0
2026-03-17 21:19:48 [kaufland_products] WARNING: No nutrition data for: Bukové pelety 30 kg Gril Kuřák Dřevo Pizza Trouba BBQ Pelety Venkovní pec Grilování Kusy Dřevěné pelety Zahradní uzení Pizza Dřevo Kouřové příslušenství Smoke Flameup
2026-03-17 21:19:51 [kaufland_products] INFO: Scraped: Kámen na pizzu Blumtal pro troubu a plynový gril v | EAN=4260514530288 | kcal=0.0
2026-03-17 21:19:51 [kaufland_products] WARNING: No nutrition data for: Kámen na pizzu Blumtal pro troubu a plynový gril včetně slupky na pizzu - Obdélníkový kámen na pizzu od - Přijatelné
2026-03-17 21:19:55 [kaufland_products] INFO: Scraped: Melko kámen na pečení chleba obdélníková pec plyno | EAN=4251675207799 | kcal=0.0
2026-03-17 21:19:55 [kaufland_products] WARNING: No nutrition data for: Melko kámen na pečení chleba obdélníková pec plynový gril cordierite 30x38 cm Pizza Stone
2026-03-17 21:19:57 [kaufland_products] INFO: Scraped: relaxdays Pizzablech rund 2er Set | EAN=4052025256326 | kcal=0.0
2026-03-17 21:19:57 [kaufland_products] WARNING: No nutrition data for: relaxdays Pizzablech rund 2er Set
2026-03-17 21:20:02 [kaufland_products] INFO: Scraped: Hofgutské voskové boby žluté mladé a jemně předvař | EAN=4306205805928 | kcal=26.0
2026-03-17 21:20:05 [kaufland_products] INFO: Scraped: Erasco Srbská fazolová polévka se zelenými fazolka | EAN=4251753727782 | kcal=65.0
2026-03-17 21:20:07 [kaufland_products] INFO: Scraped: Fazole Hofgut mladé a měkké nakrájené ve sklenici  | EAN=4306205805829 | kcal=25.0
2026-03-17 21:20:10 [kaufland_products] INFO: Scraped: Erasco dušené bílé fazole s jemným salámem a zelen | EAN=4251753727959 | kcal=67.0
2026-03-17 21:20:13 [kaufland_products] INFO: Scraped: Huertas - Dušené fazole / Fabada Asturiana - 415g | EAN=8410683060024 | kcal=0.0
2026-03-17 21:20:15 [kaufland_products] INFO: Scraped: Tactic 54927, Modrá, Dětský, Chlapec/děvče, 5 rok/ | EAN=6416739549279 6416739477541 | kcal=0.0
2026-03-17 21:20:15 [kaufland_products] WARNING: No nutrition data for: Tactic 54927, Modrá, Dětský, Chlapec/děvče, 5 rok/roky, 20 min, Holandský, Francouzština, Dánsky, Angličtina, Čeština, Německý, Finský, Estonština,...
2026-03-17 21:20:18 [kaufland_products] INFO: Scraped: Červené fazole - Červené fazole ve vodě 400g | EAN=5032722301320 | kcal=150.0
2026-03-17 21:20:24 [kaufland_products] INFO: Scraped: Fazole červená - Fazole ledvinová - plechovka 400g | EAN=4250085778875 | kcal=53.0
2026-03-17 21:20:26 [kaufland_products] INFO: Scraped: NICI 46501 Šnek plyšový přívěšek na klíče 9cm | EAN=4012390465013 | kcal=0.0
2026-03-17 21:20:26 [kaufland_products] WARNING: No nutrition data for: NICI 46501 Šnek plyšový přívěšek na klíče 9cm
2026-03-17 21:20:29 [kaufland_products] INFO: Scraped: Barevné obří fazole - plechovka 400g | EAN=4006040012047 | kcal=95.0
2026-03-17 21:20:32 [kaufland_products] INFO: Scraped: Pantio - Barevná směs luštěnin čočka a fazole - 50 | EAN=4008314117229 | kcal=237.0
2026-03-17 21:20:34 [scrapy.extensions.logstats] INFO: Crawled 1830 pages (at 20 pages/min), scraped 1718 items (at 20 items/min)
2026-03-17 21:20:35 [kaufland_products] INFO: Scraped: Mixsoon - Bean Essence - Obnovující pleťová esence | EAN=8809732910159 | kcal=0.0
2026-03-17 21:20:35 [kaufland_products] WARNING: No nutrition data for: Mixsoon - Bean Essence - Obnovující pleťová esence s fermentovanou sójou 50ml
2026-03-17 21:20:37 [kaufland_products] INFO: Scraped: Hofgut Junge velké fazole bílé semena Good Food 72 | EAN=4306205806222 | kcal=75.0
2026-03-17 21:20:42 [kaufland_products] INFO: Scraped: Rapunzel 703460, 400 g, Itálie, 105 kcal, 445 kJ,  | EAN=4006040401773 | kcal=445.0
2026-03-17 21:20:44 [kaufland_products] INFO: Scraped: Heinz Baked Beans Fridge Pack Bílé fazole v rajčat | EAN=4002473145710 | kcal=85.0
2026-03-17 21:20:48 [kaufland_products] INFO: Scraped: Fazole Bonduelle 200g | EAN=3083680043151 | kcal=109.8
2026-03-17 21:20:50 [kaufland_products] INFO: Scraped: Bonduelle Bílé fazole 400g | EAN=3083680001663 | kcal=89.3
2026-03-17 21:20:52 [kaufland_products] INFO: Scraped: Kousky tuňáka La Perla ve vlastní šťávě a nálevu v | EAN=4006795384123 | kcal=97.0
2026-03-17 21:20:54 [kaufland_products] INFO: Scraped: WADAKYU Bonito Flocken 40g | EAN=8436566460033 | kcal=369.0
2026-03-17 21:20:57 [kaufland_products] INFO: Scraped: Saupiquet Rio Mare filety z tuňáka ve slunečnicové | EAN=3165956880018 | kcal=194.0
2026-03-17 21:21:02 [kaufland_products] INFO: Scraped: Filety z tuňáka - slunečnicový olej 185g | EAN=4250073451223 | kcal=189.0
2026-03-17 21:21:06 [kaufland_products] INFO: Scraped: Ortiz El Velero Bílý tuňák v olivovém oleji 67g | EAN=8411320234310 | kcal=0.0
2026-03-17 21:21:08 [kaufland_products] INFO: Scraped: Filety z tuňáka - přírodní vlastní šťáva 185g | EAN=4250073450639 | kcal=115.0
2026-03-17 21:21:10 [kaufland_products] INFO: Scraped: Saupiquet tuňák na těstoviny s česnekem a chilli 1 | EAN=3165954581016 | kcal=344.0
2026-03-17 21:21:13 [kaufland_products] INFO: Scraped: Kousky tuňáka La Perla nebo Adria v oleji, šťavnat | EAN=4006795309126 | kcal=123.0
2026-03-17 21:21:16 [kaufland_products] INFO: Scraped: Saupiquet tuňák ve slunečnicovém oleji Kousky tuňá | EAN=3165955584016 | kcal=200.0
2026-03-17 21:21:21 [kaufland_products] INFO: Scraped: Saupiquet tuňák na těstoviny s rajčatovou omáčkou  | EAN=3165950211276 | kcal=170.0
2026-03-17 21:21:23 [kaufland_products] INFO: Scraped: Saupiquet Rio Mare tuňákové filety gurmánský olivo | EAN=3165950211290 | kcal=363.0
2026-03-17 21:21:25 [kaufland_products] INFO: Scraped: Saupiquet Tuňáková pomazánka Classic Resealable 11 | EAN=3165950052015 | kcal=273.0
2026-03-17 21:21:28 [kaufland_products] INFO: Scraped: Saupiquet Tuna Gourmet Fillets Naturale bez oleje  | EAN=3165950211283 | kcal=109.0
2026-03-17 21:21:32 [kaufland_products] INFO: Scraped: Saupiquet Rio Mare Thunfisch Filets in Olive Oil 8 | EAN=3165950308174 | kcal=195.0
2026-03-17 21:21:34 [kaufland_products] INFO: Scraped: Saupiquet filety z tuňáka ve slunečnicovém oleji v | EAN=3165950308167 | kcal=195.0
2026-03-17 21:21:34 [scrapy.extensions.logstats] INFO: Crawled 1851 pages (at 21 pages/min), scraped 1739 items (at 21 items/min)
2026-03-17 21:21:37 [kaufland_products] INFO: Scraped: Posuvná škrabka na pizzu - Posuvná škrabka na pizz | EAN=9413514681596 | kcal=0.0
2026-03-17 21:21:37 [kaufland_products] WARNING: No nutrition data for: Posuvná škrabka na pizzu - Posuvná škrabka na pizzu - Posuvná škrabka na pizzu s nepřilnavým povrchem a rukojetí (55 * 35 cm),
2026-03-17 21:21:40 [kaufland_products] INFO: Scraped: Zástěra pro milovníky pizzy | EAN=8030310195556 | kcal=0.0
2026-03-17 21:21:40 [kaufland_products] WARNING: No nutrition data for: Zástěra pro milovníky pizzy
2026-03-17 21:21:43 [kaufland_products] INFO: Scraped: G3Ferrari Pizzaofen Delizia 1200W ku | EAN=8056095874875 | kcal=0.0
2026-03-17 21:21:43 [kaufland_products] WARNING: No nutrition data for: G3Ferrari Pizzaofen Delizia 1200W ku
2026-03-17 21:21:45 [kaufland_products] INFO: Scraped: Forma do pizzy perforowana 32 cm | EAN=4044935075111 | kcal=0.0
2026-03-17 21:21:45 [kaufland_products] WARNING: No nutrition data for: Forma do pizzy perforowana 32 cm
2026-03-17 21:21:51 [kaufland_products] INFO: Scraped: Řezačka na pizzu Festool PIZZ-TS | EAN=4014549410882 | kcal=0.0
2026-03-17 21:21:51 [kaufland_products] WARNING: No nutrition data for: Řezačka na pizzu Festool PIZZ-TS
2026-03-17 21:21:53 [kaufland_products] INFO: Scraped: Suché droždí na pečení pro přípravu pizzy a přísad | EAN=4006363109974 | kcal=374.0
2026-03-17 21:21:54 [kaufland_products] INFO: Scraped: KÄNGABOX® Thermobox Easy : 32 L černý Kangabox Vel | EAN=4260394551007 | kcal=0.0
2026-03-17 21:21:54 [kaufland_products] WARNING: No nutrition data for: KÄNGABOX® Thermobox Easy : 32 L černý Kangabox Velikost: 32 L Kangabox Barva: černá
2026-03-17 21:21:59 [kaufland_products] INFO: Scraped: Nůž na pizzu Blumtal - Velmi ostrá 32cm čepel z ne | EAN=4260514531261 | kcal=0.0
2026-03-17 21:21:59 [kaufland_products] WARNING: No nutrition data for: Nůž na pizzu Blumtal - Velmi ostrá 32cm čepel z nerezové oceli, robustní s dřevěnou rukojetí, - Velmi dobrá
2026-03-17 21:22:02 [kaufland_products] INFO: Scraped: Unold 68815 Don Luigi Pizza pec | EAN=4011689688157 | kcal=0.0
2026-03-17 21:22:02 [kaufland_products] WARNING: No nutrition data for: Unold 68815 Don Luigi Pizza pec
2026-03-17 21:22:04 [kaufland_products] INFO: Scraped: Relaxdays 10019248, 1 kusů | EAN=4052025192488 | kcal=0.0
2026-03-17 21:22:04 [kaufland_products] WARNING: No nutrition data for: Relaxdays 10019248, 1 kusů
2026-03-17 21:22:07 [kaufland_products] INFO: Scraped: Tác na pizzu Emerio pro 6 osob; PO-110450 | EAN=7350034660620 7333282000769 | kcal=0.0
2026-03-17 21:22:07 [kaufland_products] WARNING: No nutrition data for: Tác na pizzu Emerio pro 6 osob; PO-110450
2026-03-17 21:22:11 [kaufland_products] INFO: Scraped: Sada kamenů na pizzu LANDMANN Selection | EAN=4000810132195 | kcal=0.0
2026-03-17 21:22:11 [kaufland_products] WARNING: No nutrition data for: Sada kamenů na pizzu LANDMANN Selection
2026-03-17 21:22:13 [kaufland_products] INFO: Scraped: Nedis FCPM100FRD - 1 Pizza/Pizzen - 30 cm - 230 °C | EAN=5412810349531 | kcal=0.0
2026-03-17 21:22:13 [kaufland_products] WARNING: No nutrition data for: Nedis FCPM100FRD - 1 Pizza/Pizzen - 30 cm - 230 °C - Schwarz - Rot - Acrylnitril-Butadien-Styrol (ABS) - Aluminium - 1800 W
2026-03-17 21:22:16 [kaufland_products] INFO: Scraped: Michelino 5dílné sady na pečení pizzy | EAN=4047125106114 | kcal=0.0
2026-03-17 21:22:16 [kaufland_products] WARNING: No nutrition data for: Michelino 5dílné sady na pečení pizzy
2026-03-17 21:22:19 [kaufland_products] INFO: Scraped: Nůžky na pizzu z nerezové oceli - Rukojeti se sili | EAN=4034127112243 | kcal=0.0
2026-03-17 21:22:19 [kaufland_products] WARNING: No nutrition data for: Nůžky na pizzu z nerezové oceli - Rukojeti se silikonovým povrchem - Čisté porcování - cca 27 cm
2026-03-17 21:22:21 [kaufland_products] INFO: Scraped: ORION Kráječ na pizzu Váleček na pizzu | EAN=8592381108250 | kcal=0.0
2026-03-17 21:22:21 [kaufland_products] WARNING: No nutrition data for: ORION Kráječ na pizzu Váleček na pizzu
2026-03-17 21:22:27 [kaufland_products] INFO: Scraped: Základ pro pizzu - 2 pizzaböden 300g | EAN=8008698033210 | kcal=291.0
2026-03-17 21:22:29 [kaufland_products] INFO: Scraped: Nůž na pizzu s ochranou čepele | nůž na pizzu z ne | EAN=4260761920801 | kcal=0.0
2026-03-17 21:22:29 [kaufland_products] WARNING: No nutrition data for: Nůž na pizzu s ochranou čepele | nůž na pizzu z nerezové oceli | ostrý nůž na pizzu | univerzální nůž na pizzu | ostrá čepel z nerezové oceli 35 cm a robustní rukojeť
2026-03-17 21:22:30 [kaufland_products] INFO: Scraped: Pec na pizzu Sommertal PizzaProfi XXL s 39cm kamen | EAN=4250263781307 | kcal=0.0
2026-03-17 21:22:30 [kaufland_products] WARNING: No nutrition data for: Pec na pizzu Sommertal PizzaProfi XXL s 39cm kamennou deskou - elektrická pec na pizzu, rychlá 3minutová pizza, do 380 °C - 5dílná sada s vložkou na pánev, 2x lopatka na pizzu, kráječ, kámen na pizzu
2026-03-17 21:22:34 [scrapy.extensions.logstats] INFO: Crawled 1870 pages (at 19 pages/min), scraped 1758 items (at 19 items/min)
2026-03-17 21:22:35 [kaufland_products] INFO: Scraped: Pec na pizzu 2000W s kordieritovým kamenem na pizz | EAN=4251548116623 | kcal=0.0
2026-03-17 21:22:35 [kaufland_products] WARNING: No nutrition data for: Pec na pizzu 2000W s kordieritovým kamenem na pizzu jako z kamenné pece Pec na pizzu gastro
2026-03-17 21:22:38 [kaufland_products] INFO: Scraped: Saupiquet tuňák v olivovém oleji kousky tuňáka v p | EAN=3165950308075 | kcal=200.0
2026-03-17 21:22:41 [kaufland_products] INFO: Scraped: Saupiquet tuňákové filety naturale v plechovce bez | EAN=3165958459014 | kcal=109.0
2026-03-17 21:22:43 [kaufland_products] INFO: Scraped: Saupiquet tuňákové filety naturale bez oleje prémi | EAN=3165955527013 | kcal=101.0
2026-03-17 21:22:45 [kaufland_products] INFO: Scraped: Sušené jikry z tuňáka obecného, 85 g (bottarga di  | EAN=8025789000791 | kcal=221.0
2026-03-17 21:22:50 [kaufland_products] INFO: Scraped: Heinz Zapečené fazole v pikantní rajčatové omáčce  | EAN=8715700131139 | kcal=329.0
2026-03-17 21:22:52 [kaufland_products] INFO: Scraped: RapunzelČervené fazole Kidney ve slaném nálevu (40 | EAN=4006040552390 | kcal=101.0
2026-03-17 21:22:55 [kaufland_products] INFO: Scraped: Bonduelle Goldmais Texas Mix s fazolemi a kousky p | EAN=3083680685542 | kcal=80.0
2026-03-17 21:22:59 [kaufland_products] INFO: Scraped: COSTWAY grilovací vozík grilovací stůl venkovní, p | EAN=783501426592 0783501426592 | kcal=0.0
2026-03-17 21:22:59 [kaufland_products] WARNING: No nutrition data for: COSTWAY grilovací vozík grilovací stůl venkovní, pizza stůl se 4 policemi a 4 kolečky a háčky, grilovací stolek servírovací vozík zahradní vozík pro venkovní použití, 100,5 x 50 x 93,5 cm (4 police)
2026-03-17 21:23:01 [kaufland_products] INFO: Scraped: G3 Ferrari Delizia, 1 pizza/pizz, Černá, Nerezová  | EAN=8058150114049 | kcal=0.0
2026-03-17 21:23:01 [kaufland_products] WARNING: No nutrition data for: G3 Ferrari Delizia, 1 pizza/pizz, Černá, Nerezová ocel, 31 cm, Mechanický, 400 °C
2026-03-17 21:23:04 [kaufland_products] INFO: Scraped: Obdélníkový kámen na pizzu RÖSLE 42 cm x 30 cm | EAN=4004293252357 | kcal=0.0
2026-03-17 21:23:04 [kaufland_products] WARNING: No nutrition data for: Obdélníkový kámen na pizzu RÖSLE 42 cm x 30 cm
2026-03-17 21:23:06 [kaufland_products] INFO: Scraped: WADAKYU Bonito Flocken 500g | EAN=8436566460019 | kcal=369.0
2026-03-17 21:23:10 [kaufland_products] INFO: Scraped: GymBeam - Losos ve slaném nálevu 12 x 170 g | EAN=8586024628410 | kcal=162.0
2026-03-17 21:23:13 [kaufland_products] INFO: Scraped: Doctor Sport Cornhole Pro Series – Vrhací hra – 1  | EAN=8719747858615 | kcal=0.0
2026-03-17 21:23:13 [kaufland_products] WARNING: No nutrition data for: Doctor Sport Cornhole Pro Series – Vrhací hra – 1 deska 120x60 cm – 8 sedací vaků – Taška na přenášení – Ideální pro zahradu či soutěžní hru
2026-03-17 21:23:16 [kaufland_products] INFO: Scraped: Givenchy Amarige, Ženy, 100 ml, Nedoplnitelná lahv | EAN=3274878122561 | kcal=0.0
2026-03-17 21:23:16 [kaufland_products] WARNING: No nutrition data for: Givenchy Amarige, Ženy, 100 ml, Nedoplnitelná lahvička
2026-03-17 21:23:18 [kaufland_products] INFO: Scraped: Trussardi Python pro muže - toaletní voda ve sprej | EAN=3139420011529 | kcal=0.0
2026-03-17 21:23:18 [kaufland_products] WARNING: No nutrition data for: Trussardi Python pro muže - toaletní voda ve spreji 100 ml
2026-03-17 21:23:22 [kaufland_products] INFO: Scraped: Filety ze sleďů Appel sweet chilli s asijskou zele | EAN=4020500922233 | kcal=185.0
2026-03-17 21:23:26 [kaufland_products] INFO: Scraped: Appel Křehké filety ze sledě s rajčaty a kari pika | EAN=4020500922103 | kcal=207.0
2026-03-17 21:23:28 [kaufland_products] INFO: Scraped: DanDiBo lezecká pomůcka kovová květinová mříž 60 c | EAN=4260700960165 | kcal=0.0
2026-03-17 21:23:28 [kaufland_products] WARNING: No nutrition data for: DanDiBo lezecká pomůcka kovová květinová mříž 60 cm volně stojící mříž 96016 zásuvná plotová lezecká pomůcka tyč imitace rzi
2026-03-17 21:23:31 [kaufland_products] INFO: Scraped: MCM MCM Ultra EDP 75 ml W | EAN=0085715151100 085715151100 85715151100 | kcal=0.0
2026-03-17 21:23:31 [kaufland_products] WARNING: No nutrition data for: MCM MCM Ultra EDP 75 ml W
2026-03-17 21:23:34 [kaufland_products] INFO: Scraped: The Merchant of Venice Queen of The Night EDP Conc | EAN=0679602481274 679602481274 | kcal=0.0
2026-03-17 21:23:34 [kaufland_products] WARNING: No nutrition data for: The Merchant of Venice Queen of The Night EDP Concentrée 100 ml W
2026-03-17 21:23:34 [scrapy.extensions.logstats] INFO: Crawled 1891 pages (at 21 pages/min), scraped 1779 items (at 21 items/min)
2026-03-17 21:23:36 [kaufland_products] INFO: Scraped: Ubergames - World Cornhole League - 8 pytlů s fazo | EAN=6013750375339 | kcal=0.0
2026-03-17 21:23:36 [kaufland_products] WARNING: No nutrition data for: Ubergames - World Cornhole League - 8 pytlů s fazolemi - pomalá a rychlá strana - v tašce - profesionální - námořnická modrá bílá
2026-03-17 21:23:41 [kaufland_products] INFO: Scraped: Malplay příslušenství pro dětské panenky dudlík lá | EAN=5901924241829 | kcal=0.0
2026-03-17 21:23:41 [kaufland_products] WARNING: No nutrition data for: Malplay příslušenství pro dětské panenky dudlík láhev hračka 30 cm měkká panenka od 3 let dárek
2026-03-17 21:23:44 [kaufland_products] INFO: Scraped: Žampiony Lutèce 3. volba krájené ATG 230g kvalitní | EAN=8710609341412 | kcal=0.0
2026-03-17 21:23:47 [kaufland_products] INFO: Scraped: Čočka Bonduelle 400g | EAN=3083680002752 | kcal=84.1
2026-03-17 21:23:50 [kaufland_products] INFO: Scraped: DeLonghi ECAM 21.117.B Plně automatický kávovar če | EAN=8004399326163 | kcal=0.0
2026-03-17 21:23:50 [kaufland_products] WARNING: No nutrition data for: DeLonghi ECAM 21.117.B Plně automatický kávovar černý
2026-03-17 21:23:52 [kaufland_products] INFO: Scraped: DanDiBo Creeper Metal with Birds Flower Grille 110 | EAN=4260407939785 | kcal=0.0
2026-03-17 21:23:52 [kaufland_products] WARNING: No nutrition data for: DanDiBo Creeper Metal with Birds Flower Grille 110 cm Free Standing Creeper 1858 Push-in Plot Climbing Aid Plot
2026-03-17 21:23:55 [kaufland_products] INFO: Scraped: Karl Lagerfeld Lagerfeld Classic DEO ve spreji 150 | EAN=3386460063401 | kcal=0.0
2026-03-17 21:23:55 [kaufland_products] WARNING: No nutrition data for: Karl Lagerfeld Lagerfeld Classic DEO ve spreji 150 ml M
2026-03-17 21:23:58 [kaufland_products] INFO: Scraped: Cartier Pasha de Cartier Parfém 100 ml M | EAN=3432240506283 | kcal=0.0
2026-03-17 21:23:58 [kaufland_products] WARNING: No nutrition data for: Cartier Pasha de Cartier Parfém 100 ml M
2026-03-17 21:24:01 [kaufland_products] INFO: Scraped: LUMALAND Sedací vak Pouf Cord - béžový | EAN=4067527057289 | kcal=0.0
2026-03-17 21:24:01 [kaufland_products] WARNING: No nutrition data for: LUMALAND Sedací vak Pouf Cord - béžový
2026-03-17 21:24:04 [kaufland_products] INFO: Scraped: Frederic Malle Musc Ravageur - parfémovaná voda 50 | EAN=3700135003002 | kcal=0.0
2026-03-17 21:24:04 [kaufland_products] WARNING: No nutrition data for: Frederic Malle Musc Ravageur - parfémovaná voda 50 ml unisex
2026-03-17 21:24:06 [kaufland_products] INFO: Scraped: Sardelové filety volivovém oleji 50g | EAN=8412439287006 | kcal=174.0
2026-03-17 21:24:12 [kaufland_products] INFO: Scraped: Destilovaná demineralizovaná voda 5 l | EAN=5907780004981 | kcal=0.0
2026-03-17 21:24:12 [kaufland_products] WARNING: No nutrition data for: Destilovaná demineralizovaná voda 5 l
2026-03-17 21:24:15 [kaufland_products] INFO: Scraped: 6 černých sklenic na pití 420ml sklenice na vodu s | EAN=4260542961153 | kcal=0.0
2026-03-17 21:24:15 [kaufland_products] WARNING: No nutrition data for: 6 černých sklenic na pití 420ml sklenice na vodu sklenice na džus sklenice na koktejly sklenice na dlouhé nápoje
2026-03-17 21:24:18 [kaufland_products] INFO: Scraped: Villeroy & Boch 1172098140, Průhledná, Sklo, 4 kus | EAN=4003686285477 | kcal=0.0
2026-03-17 21:24:18 [kaufland_products] WARNING: No nutrition data for: Villeroy & Boch 1172098140, Průhledná, Sklo, 4 kusů, Kulatý, Čisté, 420 ml
2026-03-17 21:24:19 [kaufland_products] INFO: Scraped: MAXXMEE Elektrická baterie z nerezové oceli a inte | EAN=4052926049744 | kcal=0.0
2026-03-17 21:24:19 [kaufland_products] WARNING: No nutrition data for: MAXXMEE Elektrická baterie z nerezové oceli a integrovaný průtokový ohřívač vody | Baterie s topnou spirálou a LED ukazatelem teploty
2026-03-17 21:24:22 [kaufland_products] INFO: Scraped: funny čerstvé cibulové kroužky Kukuřičné kroužky s | EAN=4003586006042 | kcal=535.0
2026-03-17 21:24:25 [kaufland_products] INFO: Scraped: funny fresh Frit Sticks maďarská paprika křupavá č | EAN=4003586004017 | kcal=508.0
2026-03-17 21:24:27 [kaufland_products] INFO: Scraped: funny frisch Chipsfrisch Bramborové lupínky ve sty | EAN=4003586108807 | kcal=534.0
2026-03-17 21:24:30 [kaufland_products] INFO: Scraped: Lorenz Monster Munch Original bramborová svačinka  | EAN=4018077634123 | kcal=0.0
2026-03-17 21:24:34 [scrapy.extensions.logstats] INFO: Crawled 1910 pages (at 19 pages/min), scraped 1798 items (at 19 items/min)
2026-03-17 21:24:34 [kaufland_products] INFO: Scraped: Linsen Chips - Original 90g | EAN=5411788047043 | kcal=397.0
2026-03-17 21:24:37 [kaufland_products] INFO: Scraped: VEVOR komerční zmrzlinovač, kapacita 34-44 l/h, 18 | EAN=0197988200390 197988200390 | kcal=0.0
2026-03-17 21:24:37 [kaufland_products] WARNING: No nutrition data for: VEVOR komerční zmrzlinovač, kapacita 34-44 l/h, 1850 W, volně stojící výrobník jemné zmrzliny se 3 příchutěmi, 2 x 9 l nádoby z nerezové oceli, LED panel pro použití v jedné lahvi a noční chlazení
2026-03-17 21:24:41 [kaufland_products] INFO: Scraped: VEVOR zmrzlinové stroje Komerční stroj na jemnou z | EAN=0840281544004 840281544004 | kcal=0.0
2026-03-17 21:24:41 [kaufland_products] WARNING: No nutrition data for: VEVOR zmrzlinové stroje Komerční stroj na jemnou zmrzlinu 2200 W 22-30 l/hod 3 příchutě s LCD displejem Zmrzlinový stroj Zmrzlinový stroj
2026-03-17 21:24:43 [kaufland_products] INFO: Scraped: Unold 48825, Kompresorový zmrzlinovač, 1,2 l, 1 mi | EAN=4011689488252 | kcal=0.0
2026-03-17 21:24:43 [kaufland_products] WARNING: No nutrition data for: Unold 48825, Kompresorový zmrzlinovač, 1,2 l, 1 misky/misek, Černá, Stříbrná, 30 min, LCD
2026-03-17 21:24:48 [kaufland_products] INFO: Scraped: 4x láhev na pití Kavodrink 1 litr | EAN=601673747027 0601673747027 | kcal=0.0
2026-03-17 21:24:48 [kaufland_products] WARNING: No nutrition data for: 4x láhev na pití Kavodrink 1 litr
2026-03-17 21:24:51 [kaufland_products] INFO: Scraped: Vodíkové láhve na vodu 420 ml Přenosná láhev na pi | EAN=743557725728 0743557725728 | kcal=0.0
2026-03-17 21:24:51 [kaufland_products] WARNING: No nutrition data for: Vodíkové láhve na vodu 420 ml Přenosná láhev na pití (stříbrná a čirá)
2026-03-17 21:24:53 [kaufland_products] INFO: Scraped: Camelbak Trinkflasche Eddy+ 600 ml , Majestic Moun | EAN=0886798039848 886798039848 | kcal=0.0
2026-03-17 21:24:53 [kaufland_products] WARNING: No nutrition data for: Camelbak Trinkflasche Eddy+ 600 ml , Majestic Mountains - Petrol
2026-03-17 21:24:56 [kaufland_products] INFO: Scraped: Láhev na vodu bidon 1l růžová a modrá | EAN=5903039742307 | kcal=0.0
2026-03-17 21:24:56 [kaufland_products] WARNING: No nutrition data for: Láhev na vodu bidon 1l růžová a modrá
2026-03-17 21:24:58 [kaufland_products] INFO: Scraped: VEVOR Komerční zmrzlinovač 18-28 l/h, 3 příchutě,  | EAN=0197988195269 197988195269 | kcal=0.0
2026-03-17 21:24:58 [kaufland_products] WARNING: No nutrition data for: VEVOR Komerční zmrzlinovač 18-28 l/h, 3 příchutě, italský zmrzlinovač, 2 x 5,5 l zásobník, LCD panel, automatické předchlazení, čištění, pro jogurty, kávu, snack bar, restaurace
2026-03-17 21:25:02 [kaufland_products] INFO: Scraped: UNOLD Pro Plus - Kompressor Eismaschine - 2,5 l -  | EAN=4011689488801 | kcal=0.0
2026-03-17 21:25:02 [kaufland_products] WARNING: No nutrition data for: UNOLD Pro Plus - Kompressor Eismaschine - 2,5 l - 45 min - 1 Becken - 1,5 m - LCD
2026-03-17 21:25:05 [kaufland_products] INFO: Scraped: Gino Gelati H-těsnění 7 pro zmrzlinové stroje - ná | EAN=4058399933740 | kcal=0.0
2026-03-17 21:25:05 [kaufland_products] WARNING: No nutrition data for: Gino Gelati H-těsnění 7 pro zmrzlinové stroje - náhradní těsnění pro středový píst, odolné a přesně padnoucí, pro optimální výkon
2026-03-17 21:25:07 [kaufland_products] INFO: Scraped: VEVOR Komerční zmrzlinovač, pultový výrobník zmrzl | EAN=0197988200154 197988200154 | kcal=0.0
2026-03-17 21:25:07 [kaufland_products] WARNING: No nutrition data for: VEVOR Komerční zmrzlinovač, pultový výrobník zmrzliny s jednou příchutí 12 l/h pro tvrdé servírování, 4,5l válec z nerezové oceli, LED panel, automatické předchlazení s čištěním
2026-03-17 21:25:10 [kaufland_products] INFO: Scraped: VEVOR Kompresorový zmrzlinovač Zmrzlinovač 2 l, 18 | EAN=0840349982298 840349982298 | kcal=0.0
2026-03-17 21:25:10 [kaufland_products] WARNING: No nutrition data for: VEVOR Kompresorový zmrzlinovač Zmrzlinovač 2 l, 180 W Výrobník mražených jogurtů Zmrzlinovač 3 režimy Výrobník jogurtů pro domácnost, přenosný výrobník zmrzliny Sorbet Gelato Nízká hlučnost Černá elektřina
2026-03-17 21:25:13 [kaufland_products] INFO: Scraped: Sportovní láhev na pití 1000 ml, tritanová, šedá | EAN=5905973400756 | kcal=2800.0
2026-03-17 21:25:16 [kaufland_products] INFO: Scraped: Láhev na pití Blumtal Charles - nepropustná, bez B | EAN=4251897507813 | kcal=0.0
2026-03-17 21:25:16 [kaufland_products] WARNING: No nutrition data for: Láhev na pití Blumtal Charles - nepropustná, bez BPA, hodiny horké a studené vody - jako nová
2026-03-17 21:25:18 [kaufland_products] INFO: Scraped: Vakuová termoska z nerezové oceli černá | 500 ml | EAN=5904405577677 | kcal=0.0
2026-03-17 21:25:18 [kaufland_products] WARNING: No nutrition data for: Vakuová termoska z nerezové oceli černá | 500 ml
2026-03-17 21:25:21 [kaufland_products] INFO: Scraped: Skleněná láhev na vodu Vilde skleněná láhev 1 litr | EAN=5904316485009 | kcal=0.0
2026-03-17 21:25:21 [kaufland_products] WARNING: No nutrition data for: Skleněná láhev na vodu Vilde skleněná láhev 1 litr
2026-03-17 21:25:26 [kaufland_products] INFO: Scraped: Blumtal termoska 750ml - dvoustěnná láhev na pití  | EAN=4251897569347 | kcal=0.0
2026-03-17 21:25:26 [kaufland_products] WARNING: No nutrition data for: Blumtal termoska 750ml - dvoustěnná láhev na pití z nerezové oceli 750ml - izolovaná láhev 750ml bez BPA zelená
2026-03-17 21:25:29 [kaufland_products] INFO: Scraped: Blumtal termoska 500ml - dvoustěnná láhev na pití  | EAN=4251897569101 | kcal=0.0
2026-03-17 21:25:29 [kaufland_products] WARNING: No nutrition data for: Blumtal termoska 500ml - dvoustěnná láhev na pití z nerezové oceli 500ml - izolovaná láhev 500ml bez BPA růžová
2026-03-17 21:25:31 [kaufland_products] INFO: Scraped: Blumtal termoska 1L - dvoustěnná láhev na pití z n | EAN=4251897569378 | kcal=0.0
2026-03-17 21:25:31 [kaufland_products] WARNING: No nutrition data for: Blumtal termoska 1L - dvoustěnná láhev na pití z nerezové oceli 1L - vakuová láhev 1L bez BPA Ultimate Grey & Black
2026-03-17 21:25:34 [scrapy.extensions.logstats] INFO: Crawled 1930 pages (at 20 pages/min), scraped 1818 items (at 20 items/min)
2026-03-17 21:25:36 [kaufland_products] INFO: Scraped: 10x láhev na pití Kavodrink 1 litr | EAN=601673747041 0601673747041 | kcal=0.0
2026-03-17 21:25:36 [kaufland_products] WARNING: No nutrition data for: 10x láhev na pití Kavodrink 1 litr
2026-03-17 21:25:38 [kaufland_products] INFO: Scraped: Casno Tennessee láhev na pití 750 ml, láhev na vod | EAN=5907713344832 | kcal=0.0
2026-03-17 21:25:38 [kaufland_products] WARNING: No nutrition data for: Casno Tennessee láhev na pití 750 ml, láhev na vodu BPA-Free, Tritan, láhev do posilovny, sportovní láhev na kolo, outdoor, fitness, lehká, modrá.
2026-03-17 21:25:41 [kaufland_products] INFO: Scraped: Blumtal termoska 1L - dvoustěnná láhev na pití 1L  | EAN=4251897569149 | kcal=0.0
2026-03-17 21:25:41 [kaufland_products] WARNING: No nutrition data for: Blumtal termoska 1L - dvoustěnná láhev na pití 1L z nerezové oceli - termoska 1L bez BPA růžová
2026-03-17 21:25:44 [kaufland_products] INFO: Scraped: VEVOR výrobník jemné zmrzliny Výrobník zmrzliny 2  | EAN=0840349901183 840349901183 | kcal=0.0
2026-03-17 21:25:44 [kaufland_products] WARNING: No nutrition data for: VEVOR výrobník jemné zmrzliny Výrobník zmrzliny 2 x 6 l stolní stroj Výrobník zmrzliny 220 V Výrobník zmrzliny se zásobníkem na vaječný gel
2026-03-17 21:25:46 [kaufland_products] INFO: Scraped: Steba IC 110 - Eis-Shaker - 1,2 l - 2 Becken - LCD | EAN=4011833303325 | kcal=0.0
2026-03-17 21:25:46 [kaufland_products] WARNING: No nutrition data for: Steba IC 110 - Eis-Shaker - 1,2 l - 2 Becken - LCD - -18 - 50 °C - Kunststoff
2026-03-17 21:25:49 [kaufland_products] INFO: Scraped: Zmrzlinovač z nerezové oceli Jinoria Zmrzlinovač Z | EAN=4260420740085 | kcal=0.0
2026-03-17 21:25:49 [kaufland_products] WARNING: No nutrition data for: Zmrzlinovač z nerezové oceli Jinoria Zmrzlinovač Zmrzlinový stroj třídy A
2026-03-17 21:25:51 [kaufland_products] INFO: Scraped: Láhev na pití Blumtal Charles - nepropustná, bez B | EAN=4251897507745 | kcal=0.0
2026-03-17 21:25:51 [kaufland_products] WARNING: No nutrition data for: Láhev na pití Blumtal Charles - nepropustná, bez BPA, hodinová izolace teplé a studené vody - Velmi dobrá
2026-03-17 21:25:57 [kaufland_products] INFO: Scraped: Blumtal láhev na pití z nerezové oceli, izolovaná  | EAN=4251897507622 | kcal=0.0
2026-03-17 21:25:57 [kaufland_products] WARNING: No nutrition data for: Blumtal láhev na pití z nerezové oceli, izolovaná termoska 500 ml - hnědá - nepropustná láhev na pití z kovu - termo láhev na pití bez BPA
2026-03-17 21:26:00 [kaufland_products] INFO: Scraped: Penelife láhev na čaj se sítkem na cestu skleněná  | EAN=4270003799379 | kcal=0.0
2026-03-17 21:26:00 [kaufland_products] WARNING: No nutrition data for: Penelife láhev na čaj se sítkem na cestu skleněná láhev z nerezové oceli 1L láhev na pití s nádobou na ovoce bambusové víčko - skleněná láhev na pití s ochranným krytem 1L - šedá
2026-03-17 21:26:02 [kaufland_products] INFO: Scraped: VEVOR Komerční výrobník sněhových vloček Výrobník  | EAN=0197988085089 197988085089 | kcal=0.0
2026-03-17 21:26:02 [kaufland_products] WARNING: No nutrition data for: VEVOR Komerční výrobník sněhových vloček Výrobník sněhových kornoutů, 180 kg/24 h výrobník sněhových vloček, nerezový strojek na led, elektrický výrobník sněhových kornoutů
2026-03-17 21:26:04 [kaufland_products] INFO: Scraped: Mövenpick DER HIMMLISCHE, 500g fazole | EAN=4006581001753 | kcal=0.0
2026-03-17 21:26:04 [kaufland_products] WARNING: No nutrition data for: Mövenpick DER HIMMLISCHE, 500g fazole
2026-03-17 21:26:07 [kaufland_products] INFO: Scraped: Eilles Gourmet Coffee Bean | EAN=4006581020020 | kcal=194.0
2026-03-17 21:26:11 [kaufland_products] INFO: Scraped: Nescafe 3v1 Stix Creamy Latte 10er nápojový prášek | EAN=8445290914200 | kcal=40.0
2026-03-17 21:26:14 [kaufland_products] INFO: Scraped: Lavazza Crema e Aroma | celozrnná | 1000g | EAN=8000070025400 | kcal=0.0
2026-03-17 21:26:14 [kaufland_products] WARNING: No nutrition data for: Lavazza Crema e Aroma | celozrnná | 1000g
2026-03-17 21:26:16 [kaufland_products] INFO: Scraped: DeLonghi Káva 1Kg Arabica Gold | EAN=8002200140465 | kcal=0.0
2026-03-17 21:26:16 [kaufland_products] WARNING: No nutrition data for: DeLonghi Káva 1Kg Arabica Gold
2026-03-17 21:26:19 [kaufland_products] INFO: Scraped: Pivní pásek s otvírákem - dárek pro něj | EAN=4029811421671 | kcal=0.0
2026-03-17 21:26:19 [kaufland_products] WARNING: No nutrition data for: Pivní pásek s otvírákem - dárek pro něj
2026-03-17 21:26:22 [kaufland_products] INFO: Scraped: H.Koenig BW1880, 5 l, Nerezová ocel, Studené nápoj | EAN=3760124954043 | kcal=0.0
2026-03-17 21:26:22 [kaufland_products] WARNING: No nutrition data for: H.Koenig BW1880, 5 l, Nerezová ocel, Studené nápoje, Neizolovaný, Černá, Nerezová ocel, Páčka, Dotyk
2026-03-17 21:26:25 [kaufland_products] INFO: Scraped: H.Koenig BW1688, 6 l, 3 °C, Studené nápoje, Černá, | EAN=3701335303985 | kcal=0.0
2026-03-17 21:26:25 [kaufland_products] WARNING: No nutrition data for: H.Koenig BW1688, 6 l, 3 °C, Studené nápoje, Černá, Nerezová ocel, Páčka, LED
2026-03-17 21:26:30 [kaufland_products] INFO: Scraped: Tetre Du Moulin Saint Emilion Grand (1 x 0,75 l) | EAN=3500610007736 3500611007667 | kcal=0.0
2026-03-17 21:26:30 [kaufland_products] WARNING: No nutrition data for: Tetre Du Moulin Saint Emilion Grand (1 x 0,75 l)
2026-03-17 21:26:33 [kaufland_products] INFO: Scraped: Freixenet Mederaño Blanco polosuché bílé víno jemn | EAN=8410384008370 | kcal=0.0
2026-03-17 21:26:33 [kaufland_products] WARNING: No nutrition data for: Freixenet Mederaño Blanco polosuché bílé víno jemně ovocné 750ml
2026-03-17 21:26:34 [scrapy.extensions.logstats] INFO: Crawled 1950 pages (at 20 pages/min), scraped 1838 items (at 20 items/min)
2026-03-17 21:26:34 [kaufland_products] INFO: Scraped: Golden Kaan Merlot suché červené víno ovocně kořen | EAN=6002323000761 | kcal=0.0
2026-03-17 21:26:34 [kaufland_products] WARNING: No nutrition data for: Golden Kaan Merlot suché červené víno ovocně kořenité s nízkým obsahem kyselin 750ml
2026-03-17 21:26:37 [kaufland_products] INFO: Scraped: Affentaler červené víno originál opice láhev 750ml | EAN=4000501022422 | kcal=0.0
2026-03-17 21:26:37 [kaufland_products] WARNING: No nutrition data for: Affentaler červené víno originál opice láhev 750ml
2026-03-17 21:26:40 [kaufland_products] INFO: Scraped: Mövenpick AUTÉNTICO, 500g mletý | EAN=4006581012407 4006581801827 | kcal=0.0
2026-03-17 21:26:40 [kaufland_products] WARNING: No nutrition data for: Mövenpick AUTÉNTICO, 500g mletý
2026-03-17 21:26:43 [kaufland_products] INFO: Scraped: Cafe Intencionekologická aromatická smetana Röstka | EAN=4006581020686 | kcal=194.0
2026-03-17 21:26:47 [kaufland_products] INFO: Scraped: Idea Coffee Gold Express | EAN=4006581003313 | kcal=74.0
2026-03-17 21:26:50 [kaufland_products] INFO: Scraped: Krüger, Karamelové křehké cappuccino, s jemnou kar | EAN=4052700072951 4052700876856 | kcal=395.0
2026-03-17 21:26:51 [kaufland_products] INFO: Scraped: KESPER Podnos Na Pivní Sklenice 100 X 85 X 10 cm O | EAN=4000270682650 | kcal=0.0
2026-03-17 21:26:51 [kaufland_products] WARNING: No nutrition data for: KESPER Podnos Na Pivní Sklenice 100 X 85 X 10 cm Otvory Ø 60 Mm Borovice 68265
2026-03-17 21:26:56 [kaufland_products] INFO: Scraped: relaxdays 2,5litrový pivní sloupec s kohoutkem | EAN=4052025431556 | kcal=0.0
2026-03-17 21:26:56 [kaufland_products] WARNING: No nutrition data for: relaxdays 2,5litrový pivní sloupec s kohoutkem
2026-03-17 21:26:59 [kaufland_products] INFO: Scraped: Unold 48975 Výčepní zařízení Franzl | EAN=4011689489754 | kcal=0.0
2026-03-17 21:26:59 [kaufland_products] WARNING: No nutrition data for: Unold 48975 Výčepní zařízení Franzl
2026-03-17 21:27:01 [kaufland_products] INFO: Scraped: Novantaceppi Primitivo Puglia IGT 750ml | EAN=8051566562466 | kcal=0.0
2026-03-17 21:27:01 [kaufland_products] WARNING: No nutrition data for: Novantaceppi Primitivo Puglia IGT 750ml
2026-03-17 21:27:04 [kaufland_products] INFO: Scraped: Casal Garcia Vinho Verde DOC halbtrocken Portugals | EAN=5601096208308 | kcal=0.0
2026-03-17 21:27:04 [kaufland_products] WARNING: No nutrition data for: Casal Garcia Vinho Verde DOC halbtrocken Portugalsko | 9,5 % obj. | 0,75 l
2026-03-17 21:27:06 [kaufland_products] INFO: Scraped: Alto Bello Primitivo červené víno rubínově červené | EAN=4006542073324 | kcal=0.0
2026-03-17 21:27:06 [kaufland_products] WARNING: No nutrition data for: Alto Bello Primitivo červené víno rubínově červené suché z Itálie IGT 750ml
2026-03-17 21:27:12 [kaufland_products] INFO: Scraped: Peter Mertes Bree Pinot Noir Pinot Noir Rose ovocn | EAN=4003301035968 4003301047695 | kcal=0.0
2026-03-17 21:27:12 [kaufland_products] WARNING: No nutrition data for: Peter Mertes Bree Pinot Noir Pinot Noir Rose ovocně sladký 750ml
2026-03-17 21:27:13 [kaufland_products] INFO: Scraped: Pinot Grigio (0,75 L Flaschen) | EAN=4003301011542 | kcal=0.0
2026-03-17 21:27:13 [kaufland_products] WARNING: No nutrition data for: Pinot Grigio (0,75 L Flaschen)
2026-03-17 21:27:15 [kaufland_products] INFO: Scraped: XXL Cult Column Beer Tower s výčepem - 4L | Extra  | EAN=4250410320540 | kcal=0.0
2026-03-17 21:27:15 [kaufland_products] WARNING: No nutrition data for: XXL Cult Column Beer Tower s výčepem - 4L | Extra objem nápojové věže s výčepem a chladicím systémem|Party Beer Tower vhodná pro všechny nápoje
2026-03-17 21:27:21 [kaufland_products] INFO: Scraped: Měděný kohoutek - Náhradní ventil pro výčepní zaří | EAN=7040398970342 | kcal=0.0
2026-03-17 21:27:21 [kaufland_products] WARNING: No nutrition data for: Měděný kohoutek - Náhradní ventil pro výčepní zařízení na víno, pivo a nápoje, zlatý (1,2 cm)
2026-03-17 21:27:24 [kaufland_products] INFO: Scraped: Regulátor průtoku piva, pivní kohout z nerezové oc | EAN=8341892542882 | kcal=0.0
2026-03-17 21:27:24 [kaufland_products] WARNING: No nutrition data for: Regulátor průtoku piva, pivní kohout z nerezové oceli s rukojetí pro ochranu proti prachu pro domácí vaření piva
2026-03-17 21:27:26 [kaufland_products] INFO: Scraped: Andes Merlot jakostní víno suché červené víno z Ch | EAN=4003301016936 | kcal=0.0
2026-03-17 21:27:26 [kaufland_products] WARNING: No nutrition data for: Andes Merlot jakostní víno suché červené víno z Chile 750ml
2026-03-17 21:27:28 [kaufland_products] INFO: Scraped: Dřevěný sud na víno s LED osvětlením, stojan na ví | EAN=5903766967264 | kcal=0.0
2026-03-17 21:27:28 [kaufland_products] WARNING: No nutrition data for: Dřevěný sud na víno s LED osvětlením, stojan na víno v retro stylu, dřevěný stojan na víno, výška 80 cm, elegantní dekorace do obývacího pokoje, stůl a stojan na víno (wenge)
2026-03-17 21:27:31 [kaufland_products] INFO: Scraped: Antinori Santa Cristina Rosso Toscana IGT fruchtig | EAN=8001935361404 | kcal=0.0
2026-03-17 21:27:31 [kaufland_products] WARNING: No nutrition data for: Antinori Santa Cristina Rosso Toscana IGT fruchtig harmonisch 750ml
2026-03-17 21:27:34 [kaufland_products] INFO: Scraped: Kloster Eberbach Crescentia Steinberger Ryzlink rý | EAN=4004850035065 | kcal=0.0
2026-03-17 21:27:34 [kaufland_products] WARNING: No nutrition data for: Kloster Eberbach Crescentia Steinberger Ryzlink rýnský jakostní víno suché 750ml
2026-03-17 21:27:34 [scrapy.extensions.logstats] INFO: Crawled 1971 pages (at 21 pages/min), scraped 1859 items (at 21 items/min)
2026-03-17 21:27:38 [kaufland_products] INFO: Scraped: Baron de Ley Rioja Reserva silně ovocná s kořeněný | EAN=8420347292494 | kcal=0.0
2026-03-17 21:27:38 [kaufland_products] WARNING: No nutrition data for: Baron de Ley Rioja Reserva silně ovocná s kořeněnými tóny 750ml
2026-03-17 21:27:41 [kaufland_products] INFO: Scraped: Württemberger Trollinger polosuchý třešňový jahodo | EAN=4006840173559 | kcal=0.0
2026-03-17 21:27:41 [kaufland_products] WARNING: No nutrition data for: Württemberger Trollinger polosuchý třešňový jahodový cassis 750ml
2026-03-17 21:27:44 [kaufland_products] INFO: Scraped: Gallo FV Spritz Raspberry Lime 750ml | EAN=0085000023594 85000023594 | kcal=0.0
2026-03-17 21:27:44 [kaufland_products] WARNING: No nutrition data for: Gallo FV Spritz Raspberry Lime 750ml
2026-03-17 21:27:46 [kaufland_products] INFO: Scraped: Gerstacker originální vaječný koňak svůdně krémový | EAN=4101080006701 | kcal=0.0
2026-03-17 21:27:46 [kaufland_products] WARNING: No nutrition data for: Gerstacker originální vaječný koňak svůdně krémový 1000ml
2026-03-17 21:27:48 [kaufland_products] INFO: Scraped: Silentium Largo červené víno suché s intenzivní ch | EAN=4006545053606 | kcal=0.0
2026-03-17 21:27:48 [kaufland_products] WARNING: No nutrition data for: Silentium Largo červené víno suché s intenzivní chutí lesních plodů 750ml
2026-03-17 21:27:53 [kaufland_products] INFO: Scraped: Epicuro Nero d Avola červené víno se švestkami a č | EAN=4008077284961 | kcal=0.0
2026-03-17 21:27:53 [kaufland_products] WARNING: No nutrition data for: Epicuro Nero d Avola červené víno se švestkami a černými třešněmi 750ml
2026-03-17 21:27:56 [kaufland_products] INFO: Scraped: Gustavshof Zero S červené víno suché Nesířené víno | EAN=4260065960602 | kcal=0.0
2026-03-17 21:27:56 [kaufland_products] WARNING: No nutrition data for: Gustavshof Zero S červené víno suché Nesířené víno požitek 750ml
2026-03-17 21:27:59 [kaufland_products] INFO: Scraped: Alpská sůl Bad Reichenhall 500g | EAN=4001475101601 | kcal=0.0
2026-03-17 21:27:59 [kaufland_products] WARNING: No nutrition data for: Alpská sůl Bad Reichenhall 500g
2026-03-17 21:28:01 [kaufland_products] INFO: Scraped: Směs draselné soli 200g | EAN=4019839897206 | kcal=0.0
2026-03-17 21:28:01 [kaufland_products] WARNING: No nutrition data for: Směs draselné soli 200g
2026-03-17 21:28:03 [kaufland_products] INFO: Scraped: Sada 5 solí, 150 g | EAN=8000571082254 | kcal=0.0
2026-03-17 21:28:03 [kaufland_products] WARNING: No nutrition data for: Sada 5 solí, 150 g
2026-03-17 21:28:08 [kaufland_products] INFO: Scraped: Le Saunier de Camargue Fleur de Sel 125g | EAN=3183280003491 | kcal=0.0
2026-03-17 21:28:08 [kaufland_products] WARNING: No nutrition data for: Le Saunier de Camargue Fleur de Sel 125g
2026-03-17 21:28:11 [kaufland_products] INFO: Scraped: Detox čaj na hubnutí a detoxikaci | EAN=0647056264811 | kcal=0.0
2026-03-17 21:28:11 [kaufland_products] WARNING: No nutrition data for: Detox čaj na hubnutí a detoxikaci
2026-03-17 21:28:12 [kaufland_products] INFO: Scraped: LOVARÉ 1001 Nights 30g (15 pyramid, černý a zelený | EAN=4820198874605 | kcal=0.0
2026-03-17 21:28:12 [kaufland_products] WARNING: No nutrition data for: LOVARÉ 1001 Nights 30g (15 pyramid, černý a zelený čaj)
2026-03-17 21:28:17 [kaufland_products] INFO: Scraped: Herba fruit blend osvěžující aromatický ovocný čaj | EAN=4009300018148 | kcal=0.0
2026-03-17 21:28:17 [kaufland_products] WARNING: No nutrition data for: Herba fruit blend osvěžující aromatický ovocný čaj 50g
2026-03-17 21:28:20 [kaufland_products] INFO: Scraped: Příprava instantního nápoje z citronového čaje na  | EAN=4306188358855 | kcal=389.0
2026-03-17 21:28:22 [kaufland_products] INFO: Scraped: Meßmer Pražené mandle 20 čajových sáčků Čajová smě | EAN=4002221041554 | kcal=0.0
2026-03-17 21:28:22 [kaufland_products] WARNING: No nutrition data for: Meßmer Pražené mandle 20 čajových sáčků Čajová směs Rooibos 50g
2026-03-17 21:28:25 [kaufland_products] INFO: Scraped: Herba Anglický černý čaj směs aromatický 25 sáčků  | EAN=4009300018162 | kcal=0.0
2026-03-17 21:28:25 [kaufland_products] WARNING: No nutrition data for: Herba Anglický černý čaj směs aromatický 25 sáčků 37g
2026-03-17 21:28:29 [kaufland_products] INFO: Scraped: Čajová konvička multivitamín s 10 vitamíny z vybra | EAN=4009300005162 | kcal=2.0
2026-03-17 21:28:31 [kaufland_products] INFO: Scraped: Niederegger Černý čaj s příchutí marcipánu 25 dvou | EAN=4000161850069 | kcal=0.0
2026-03-17 21:28:31 [kaufland_products] WARNING: No nutrition data for: Niederegger Černý čaj s příchutí marcipánu 25 dvoukomorových sáčků
2026-03-17 21:28:34 [kaufland_products] INFO: Scraped: Čajová konvice Bílý čaj Jasmín jemná příchuť s pří | EAN=4009300006053 | kcal=1.0
2026-03-17 21:28:34 [scrapy.extensions.logstats] INFO: Crawled 1991 pages (at 20 pages/min), scraped 1879 items (at 20 items/min)
2026-03-17 21:28:36 [kaufland_products] INFO: Scraped: Čajová konvice Rooibos Orange ovocný jemný 20 dvou | EAN=4009300012733 | kcal=3.0
2026-03-17 21:28:40 [kaufland_products] INFO: Scraped: Čajová konvice Rooibos krémová příchuť karamel 20  | EAN=4009300012726 | kcal=0.0
2026-03-17 21:28:40 [kaufland_products] WARNING: No nutrition data for: Čajová konvice Rooibos krémová příchuť karamel 20 dvoukomorových sáčků 35g
2026-03-17 21:28:45 [kaufland_products] INFO: Scraped: Zioła mnicha na odchudzanie - wsparcie procesu red | EAN=5905548351438 | kcal=0.0
2026-03-17 21:28:45 [kaufland_products] WARNING: No nutrition data for: Zioła mnicha na odchudzanie - wsparcie procesu redukcji wagi, 20 torebek
2026-03-17 21:28:47 [kaufland_products] INFO: Scraped: Pickwick Tea Strawberry / Aardbei, aromatizovaný č | EAN=8711000278703 | kcal=0.0
2026-03-17 21:28:47 [kaufland_products] WARNING: No nutrition data for: Pickwick Tea Strawberry / Aardbei, aromatizovaný černý čaj, Fruit Garden, jahodový čaj, 20 čajových sáčků
2026-03-17 21:28:49 [kaufland_products] INFO: Scraped: Čajová konvice lesní plody silná ostružina a ovocn | EAN=4009300008170 | kcal=2.0
2026-03-17 21:28:52 [kaufland_products] INFO: Scraped: SELEN Originální turecká příchuť granátového jablk | EAN=4260261750335 | kcal=0.0
2026-03-17 21:28:52 [kaufland_products] WARNING: No nutrition data for: SELEN Originální turecká příchuť granátového jablka
2026-03-17 21:28:55 [kaufland_products] INFO: Scraped: Čajová konvice Thai Ginger Mango Zázvorová směs s  | EAN=4009300014171 | kcal=0.0
2026-03-17 21:28:55 [kaufland_products] WARNING: No nutrition data for: Čajová konvice Thai Ginger Mango Zázvorová směs s příchutí manga 45g
2026-03-17 21:28:58 [kaufland_products] INFO: Scraped: Meßmer Winter Dream Skořicový čaj se skořicí 5 bal | EAN=4002221030350 | kcal=1.0
2026-03-17 21:29:01 [kaufland_products] INFO: Scraped: Tulsi Serenity - 17 sáčků 34g | EAN=4012824405585 | kcal=0.0
2026-03-17 21:29:01 [kaufland_products] WARNING: No nutrition data for: Tulsi Serenity - 17 sáčků 34g
2026-03-17 21:29:03 [kaufland_products] INFO: Scraped: Meßmer Hawaii Kiss Tropical Mango 20 sáčků | EAN=4002221040021 | kcal=2.0
2026-03-17 21:29:08 [kaufland_products] INFO: Scraped: Čajová konvice Šalvěj přírodní šalvějový čaj 20 dv | EAN=4009300007524 | kcal=0.0
2026-03-17 21:29:08 [kaufland_products] WARNING: No nutrition data for: Čajová konvice Šalvěj přírodní šalvějový čaj 20 dvoukomorových sáčků 30g
2026-03-17 21:29:10 [kaufland_products] INFO: Scraped: Meßmer Toskánský ovocný čaj s broskví sladké šťavn | EAN=4002221034105 | kcal=0.0
2026-03-17 21:29:10 [kaufland_products] WARNING: No nutrition data for: Meßmer Toskánský ovocný čaj s broskví sladké šťavnaté chuti 50g
2026-03-17 21:29:13 [kaufland_products] INFO: Scraped: Čajová konvice Horký Hugo s jemným bezovým květem  | EAN=4009300011934 | kcal=0.0
2026-03-17 21:29:15 [kaufland_products] INFO: Scraped: Ahmad Tea - 4 různé druhy ovocných čajů 40g, 20 sá | EAN=54881003995 0054881003995 054881003995 | kcal=0.0
2026-03-17 21:29:15 [kaufland_products] WARNING: No nutrition data for: Ahmad Tea - 4 různé druhy ovocných čajů 40g, 20 sáčků
2026-03-17 21:29:21 [kaufland_products] INFO: Scraped: LOVARÉ Bahamian Soursop 80g (sypaný, zelený čaj) | EAN=4820097814689 | kcal=0.0
2026-03-17 21:29:21 [kaufland_products] WARNING: No nutrition data for: LOVARÉ Bahamian Soursop 80g (sypaný, zelený čaj)
2026-03-17 21:29:23 [kaufland_products] INFO: Scraped: Super ovocný čaj 15 pyramidek sypaného čaje | EAN=680275059585 0680275059585 | kcal=0.0
2026-03-17 21:29:23 [kaufland_products] WARNING: No nutrition data for: Super ovocný čaj 15 pyramidek sypaného čaje
2026-03-17 21:29:26 [kaufland_products] INFO: Scraped: LOVARÉ Passion Fruit 48g (24 sáčků, černý čaj) | EAN=4820198876036 | kcal=1.0
2026-03-17 21:29:28 [kaufland_products] INFO: Scraped: Mary Rose – Chrpa modrá 10 g - květ chrpy (okvětní | EAN=5903919018546 | kcal=0.0
2026-03-17 21:29:28 [kaufland_products] WARNING: No nutrition data for: Mary Rose – Chrpa modrá 10 g - květ chrpy (okvětní lístky)
2026-03-17 21:29:31 [kaufland_products] INFO: Scraped: Ovocný čaj Meßmer s příchutí jablka a vanilky 50g | EAN=4002221007819 | kcal=0.0
2026-03-17 21:29:31 [kaufland_products] WARNING: No nutrition data for: Ovocný čaj Meßmer s příchutí jablka a vanilky 50g
2026-03-17 21:29:34 [scrapy.extensions.logstats] INFO: Crawled 2010 pages (at 19 pages/min), scraped 1898 items (at 19 items/min)
2026-03-17 21:29:35 [kaufland_products] INFO: Scraped: Bifi Carazza XXL pšeničné sušenky se salámovou piz | EAN=4251097400341 | kcal=281.0
2026-03-17 21:29:37 [kaufland_products] INFO: Scraped: BiFi | Carazza Original 30-balení | 40 g na kus |  | EAN=4251097407449 | kcal=374.0
2026-03-17 21:29:39 [kaufland_products] INFO: Scraped: Bifi Roll Original s chutnou měkkou chlebovou pole | EAN=4251097409818 | kcal=459.0
2026-03-17 21:29:44 [kaufland_products] INFO: Scraped: BiFi Roll Mini salám balený v pečeném těstě 50g | EAN=4251097410289 | kcal=0.0
2026-03-17 21:29:47 [kaufland_products] INFO: Scraped: Cantaluppi Tavernerio - Mortadella Classica - Vaku | EAN=7427266699374 | kcal=293.0
2026-03-17 21:29:50 [kaufland_products] INFO: Scraped: Callipo Nduja Spilinga 200 g italská salámová klob | EAN=8001561015849 | kcal=532.0
2026-03-17 21:29:54 [kaufland_products] INFO: Scraped: Schwartau Extra malinová rybízová pomazánka vegans | EAN=4011800105310 | kcal=239.0
2026-03-17 21:29:56 [kaufland_products] INFO: Scraped: WMF 32.0111.1491, Miska na cereálie, Kulatý, Víceb | EAN=4000530730077 | kcal=0.0
2026-03-17 21:29:56 [kaufland_products] WARNING: No nutrition data for: WMF 32.0111.1491, Miska na cereálie, Kulatý, Vícebarevný, 1 člověk/lidí, 200 °C, 14 cm
2026-03-17 21:29:58 [kaufland_products] INFO: Scraped: DUO World of Birds XXL Hrnek 1000 ml COMMON KINGFI | EAN=5902693947783 | kcal=0.0
2026-03-17 21:29:58 [kaufland_products] WARNING: No nutrition data for: DUO World of Birds XXL Hrnek 1000 ml COMMON KINGFISHER (Kingfisher) Nový kostní porcelán
2026-03-17 21:30:01 [kaufland_products] INFO: Scraped: Dávkovač potravin 2 nástěnné dvojité dávkovače suc | EAN=0742484455777 742484455777 | kcal=0.0
2026-03-17 21:30:01 [kaufland_products] WARNING: No nutrition data for: Dávkovač potravin 2 nástěnné dvojité dávkovače suchých potravin, každý o objemu 1,5 l (černý)
2026-03-17 21:30:03 [kaufland_products] INFO: Scraped: like. by Villeroy & Boch Crafted Bavlna Bol 750ml | EAN=4003686437555 | kcal=0.0
2026-03-17 21:30:03 [kaufland_products] WARNING: No nutrition data for: like. by Villeroy & Boch Crafted Bavlna Bol 750ml
2026-03-17 21:30:09 [kaufland_products] INFO: Scraped: Dávkovač na cereálie Cestovní dávkovač se 6 mřížka | EAN=0733835802456 733835802456 | kcal=0.0
2026-03-17 21:30:09 [kaufland_products] WARNING: No nutrition data for: Dávkovač na cereálie Cestovní dávkovač se 6 mřížkami, cestovní kbelík, dávkovač na cereálie se 6 přihrádkami na müsli, kukuřičné lupínky a cereálie
2026-03-17 21:30:11 [kaufland_products] INFO: Scraped: Alba Grup - Růžový džem 230 gr. od Bulgariën | EAN=3800231570221 | kcal=236.0
2026-03-17 21:30:13 [kaufland_products] INFO: Scraped: Schwartau velvet mango krémová jemná ovocná pomazá | EAN=4011800193119 | kcal=0.0
2026-03-17 21:30:13 [kaufland_products] WARNING: No nutrition data for: Schwartau velvet mango krémová jemná ovocná pomazánka bez kousků 270g
2026-03-17 21:30:16 [kaufland_products] INFO: Scraped: Dżem agrestowy Her z owoców agrestu 280 g | EAN=5900956201238 | kcal=146.0
2026-03-17 21:30:19 [kaufland_products] INFO: Scraped: Jemná ovocná pomazánka - meruňková 280g | EAN=4019736017257 | kcal=217.0
2026-03-17 21:30:22 [kaufland_products] INFO: Scraped: Darbo Ovocná pomazánka s divokými borůvkami Natura | EAN=9001432035111 | kcal=179.0
2026-03-17 21:30:25 [kaufland_products] INFO: Scraped: DOWAN Hluboké talíře sada 4 Ø 21,6 cm Porcelánové  | EAN=667261533335 0667261533335 | kcal=0.0
2026-03-17 21:30:25 [kaufland_products] WARNING: No nutrition data for: DOWAN Hluboké talíře sada 4 Ø 21,6 cm Porcelánové misky na těstoviny Kulaté na těstoviny Polévka Salát Barevné keramické misky
2026-03-17 21:30:28 [kaufland_products] INFO: Scraped: Mleté lněné semínko 1kg Brat.pl | EAN=5906721136903 | kcal=530.0
2026-03-17 21:30:33 [kaufland_products] INFO: Scraped: Chivers - Olde English Marmalade Orange Jam - 340g | EAN=5098732004835 | kcal=270.0
2026-03-17 21:30:34 [scrapy.extensions.logstats] INFO: Crawled 2030 pages (at 20 pages/min), scraped 1918 items (at 20 items/min)
2026-03-17 21:30:36 [kaufland_products] INFO: Scraped: Schwartau Extra jahodová ovocná pomazánka s menším | EAN=4011800844110 | kcal=159.0
2026-03-17 21:30:38 [kaufland_products] INFO: Scraped: Fruchtgarten - Jahoda 225g | EAN=4019736008149 | kcal=106.0
2026-03-17 21:30:40 [kaufland_products] INFO: Scraped: DUO ANIMALS XXL hrnek 1000 ml ROBIN Nový kostní po | EAN=5902693931041 | kcal=0.0
2026-03-17 21:30:40 [kaufland_products] WARNING: No nutrition data for: DUO ANIMALS XXL hrnek 1000 ml ROBIN Nový kostní porcelán
2026-03-17 21:30:47 [kaufland_products] INFO: Scraped: Llama Loops - křupavé cereálie 125g | EAN=7640230493314 | kcal=1477.0
2026-03-17 21:30:49 [kaufland_products] INFO: Scraped: 6x Marie miska na cereálie Ø14cm 400ml porcelánová | EAN=4251967517148 | kcal=0.0
2026-03-17 21:30:49 [kaufland_products] WARNING: No nutrition data for: 6x Marie miska na cereálie Ø14cm 400ml porcelánová miska pro 6 osob květina
2026-03-17 21:30:50 [kaufland_products] INFO: Scraped: Nerezová plechovka s víkem Úložná nádoba Nádoba na | EAN=0724443771647 724443771647 | kcal=0.0
2026-03-17 21:30:50 [kaufland_products] WARNING: No nutrition data for: Nerezová plechovka s víkem Úložná nádoba Nádoba na obiloviny Kuchyňský kbelík Nádoba na mouku Kuchyňská linka
2026-03-17 21:30:53 [kaufland_products] INFO: Scraped: Vepřová želatina 280 Bloom 1kg Brat.pl | EAN=5905514506749 | kcal=357.0
2026-03-17 21:30:56 [kaufland_products] INFO: Scraped: Vepřová želatina 280 Bloom 500g Brat.pl | EAN=5905514506732 | kcal=357.0
2026-03-17 21:31:00 [kaufland_products] INFO: Scraped: Shake and Make – kokos | EAN=4060257033950 | kcal=0.0
2026-03-17 21:31:00 [kaufland_products] WARNING: No nutrition data for: Shake and Make – kokos
2026-03-17 21:31:03 [kaufland_products] INFO: Scraped: Herbolive maska na obličej s olivovým olejem a zel | EAN=5200310404016 | kcal=0.0
2026-03-17 21:31:03 [kaufland_products] WARNING: No nutrition data for: Herbolive maska na obličej s olivovým olejem a zeleným jílem 100ml
2026-03-17 21:31:07 [kaufland_products] INFO: Scraped: Fritovací tuk Küchenchef 10L polotekutý | EAN=9005200117436 | kcal=828.0
2026-03-17 21:31:09 [kaufland_products] INFO: Scraped: mandlový olej rinatura | EAN=4013200256234 | kcal=828.0
2026-03-17 21:31:12 [kaufland_products] INFO: Scraped: Rapunzel 1006055, Kokosový olej, Skleněná lahev, S | EAN=4006040216254 | kcal=3700.0
2026-03-17 21:31:14 [kaufland_products] INFO: Scraped: Caputo Manitoba Oro 1 kg italská pšeničná mouka ty | EAN=8014601034168 | kcal=347.0
2026-03-17 21:31:16 [kaufland_products] INFO: Scraped: Mąka jaglana 1kg Brat.pl | EAN=5906721130345 | kcal=342.0
2026-03-17 21:31:19 [kaufland_products] INFO: Scraped: Caputo Manitoba Oro 5 kg italská pšeničná mouka ty | EAN=8014601035721 | kcal=354.0
2026-03-17 21:31:22 [kaufland_products] INFO: Scraped: Caputo Nuvola Super 5 kg italská pšeničná mouka na | EAN=8014601053343 | kcal=347.0
2026-03-17 21:31:25 [kaufland_products] INFO: Scraped: Bezlepková manioková mouka 450 g | EAN=4038507011447 | kcal=354.0
2026-03-17 21:31:28 [kaufland_products] INFO: Scraped: Oetker Cheesecake jahoda 0,32 kg | EAN=4000521024642 | kcal=295.0
2026-03-17 21:31:33 [kaufland_products] INFO: Scraped: Shake and Make – Bubblegum | EAN=4060257033660 | kcal=0.0
2026-03-17 21:31:33 [kaufland_products] WARNING: No nutrition data for: Shake and Make – Bubblegum
2026-03-17 21:31:34 [scrapy.extensions.logstats] INFO: Crawled 2050 pages (at 20 pages/min), scraped 1938 items (at 20 items/min)
2026-03-17 21:31:35 [kaufland_products] INFO: Scraped: Extra panenský olivový olej 1L | EAN=4006040196518 | kcal=3700.0
2026-03-17 21:31:38 [kaufland_products] INFO: Scraped: Meidian Green Mask Stick Face Maske | EAN=6972346285424 | kcal=0.0
2026-03-17 21:31:38 [kaufland_products] WARNING: No nutrition data for: Meidian Green Mask Stick Face Maske
2026-03-17 21:31:40 [kaufland_products] INFO: Scraped: Extra panenský olivový olej García de la Cruz 5000 | EAN=8437000488712 | kcal=0.0
2026-03-17 21:31:40 [kaufland_products] WARNING: No nutrition data for: Extra panenský olivový olej García de la Cruz 5000 ml
2026-03-17 21:31:44 [kaufland_products] INFO: Scraped: Řepkový olej lisovaný za studena 500 ml Targroch | EAN=5903229005328 | kcal=884.0
2026-03-17 21:31:46 [kaufland_products] INFO: Scraped: Culinaria černé tagliatelle z tvrdé pšeničné krupi | EAN=4073400553533 | kcal=0.0
2026-03-17 21:31:46 [kaufland_products] WARNING: No nutrition data for: Culinaria černé tagliatelle z tvrdé pšeničné krupice 500g
2026-03-17 21:31:48 [kaufland_products] INFO: Scraped: Rummo Spaghetti n.3 italské dlouhé těstoviny 500 g | EAN=8008343200035 | kcal=356.0
2026-03-17 21:31:52 [kaufland_products] INFO: Scraped: Barilla Integrale Pasta Pennette Rigate celozrnné  | EAN=8076809529433 | kcal=350.0
2026-03-17 21:31:55 [kaufland_products] INFO: Scraped: Delverde Eliche Pasta Nudeln Vybraná semolina z tv | EAN=8000270013122 | kcal=356.0
2026-03-17 21:31:58 [kaufland_products] INFO: Scraped: Ovesné křupavé müsli - jablko se skořicí 300g | EAN=4015637019086 | kcal=382.0
2026-03-17 21:32:00 [kaufland_products] INFO: Scraped: Oetker Vitalis bez přidaného cukru Čisté křupavé m | EAN=4000521035662 | kcal=0.0
2026-03-17 21:32:06 [kaufland_products] INFO: Scraped: Kölln Křupavé ovesné müsli s medem a ořechy a laho | EAN=4000540013177 | kcal=454.0
2026-03-17 21:32:09 [kaufland_products] INFO: Scraped: Kölln 2603613 Kölln zarte Haferflocken 500,0 g | EAN=4000540000641 | kcal=0.0
2026-03-17 21:32:09 [kaufland_products] WARNING: No nutrition data for: Kölln 2603613 Kölln zarte Haferflocken 500,0 g
2026-03-17 21:32:12 [kaufland_products] INFO: Scraped: Kölln Balance Bezlepkové vločky Kölln jemné 100 %  | EAN=4000540000177 | kcal=0.0
2026-03-17 21:32:14 [kaufland_products] INFO: Scraped: Kölln Crispy Oatmeal Classic 72% celozrnné 375g | EAN=4000540011050 | kcal=0.0
2026-03-17 21:32:14 [kaufland_products] WARNING: No nutrition data for: Kölln Crispy Oatmeal Classic 72% celozrnné 375g
2026-03-17 21:32:17 [kaufland_products] INFO: Scraped: Ovesn kae malinov 500g | EAN=4005967005002 | kcal=359.0
2026-03-17 21:32:19 [kaufland_products] INFO: Scraped: Rapunzel 802155, Ovesná kaše, 500 g | EAN=4006040015048 | kcal=1453.0
2026-03-17 21:32:22 [kaufland_products] INFO: Scraped: Proteinové tyčinky - příchuť čokoláda (14 ks - 7 p | EAN=8594181012805 | kcal=0.0
2026-03-17 21:32:22 [kaufland_products] WARNING: No nutrition data for: Proteinové tyčinky - příchuť čokoláda (14 ks - 7 porcí)
2026-03-17 21:32:25 [kaufland_products] INFO: Scraped: Šejkr "Protein" 300 ml - praktický kelímek se šrou | EAN=4024869415665 | kcal=0.0
2026-03-17 21:32:25 [kaufland_products] WARNING: No nutrition data for: Šejkr "Protein" 300 ml - praktický kelímek se šroubovacím uzávěrem na proteinové a sportovní nápoje ideální pro fitness a domácí potřeby - transparentní/standardní modrý PP
2026-03-17 21:32:29 [kaufland_products] INFO: Scraped: Cornflakes Hořká čokoláda - Cornflakes s čokoládov | EAN=5425038430226 | kcal=459.0
2026-03-17 21:32:32 [kaufland_products] INFO: Scraped: Kelloggs Crunchy Granola Choco und Nuts knusprige  | EAN=4251753774373 | kcal=497.0
2026-03-17 21:32:34 [scrapy.extensions.logstats] INFO: Crawled 2070 pages (at 20 pages/min), scraped 1958 items (at 20 items/min)
2026-03-17 21:32:35 [kaufland_products] INFO: Scraped: Kelloggs Variety Classic Kelloggs Genuss in 8 Port | EAN=5053827188517 | kcal=0.0
2026-03-17 21:32:37 [kaufland_products] INFO: Scraped: Kölln Tender Bircher Ovesné müsli Ovocná směs 1700 | EAN=4000540001563 | kcal=0.0
2026-03-17 21:32:40 [kaufland_products] INFO: Scraped: Granola - vlašské ořechy a čokoláda 350g | EAN=5425038430271 | kcal=536.0
2026-03-17 21:32:43 [kaufland_products] INFO: Scraped: 3Bears 7000627 Granola - Hafer-Crunch Sarah Harris | EAN=4260462985901 | kcal=0.0
2026-03-17 21:32:43 [kaufland_products] WARNING: No nutrition data for: 3Bears 7000627 Granola - Hafer-Crunch Sarah Harrison Müsli 325,0 g
2026-03-17 21:32:46 [kaufland_products] INFO: Scraped: Granola LIZI'S, s nízkým obsahem cukru 500g | EAN=5060092030687 | kcal=501.0
2026-03-17 21:32:50 [kaufland_products] INFO: Scraped: Müsli tyčinka s bílou čokoládou bez přidaného cukr | EAN=4011800575212 | kcal=0.0
2026-03-17 21:32:52 [kaufland_products] INFO: Scraped: JamFix 2:1 1 x 25 g | EAN=8594009166598 | kcal=0.0
2026-03-17 21:32:52 [kaufland_products] WARNING: No nutrition data for: JamFix 2:1 1 x 25 g
2026-03-17 21:32:57 [kaufland_products] INFO: Scraped: Bramborová kaše 1 x 150 g | EAN=8594009162385 | kcal=0.0
2026-03-17 21:32:57 [kaufland_products] WARNING: No nutrition data for: Bramborová kaše 1 x 150 g
2026-03-17 21:33:00 [kaufland_products] INFO: Scraped: Kamutové vločky 250g | EAN=4022381013680 | kcal=384.0
2026-03-17 21:33:01 [kaufland_products] INFO: Scraped: Khanum máslo ghí 500 g | EAN=5019124058052 | kcal=882.39
2026-03-17 21:33:03 [kaufland_products] INFO: Scraped: Máslo a bílý lanýž, 165 g | EAN=8025386000477 | kcal=0.0
2026-03-17 21:33:08 [kaufland_products] INFO: Scraped: Walkers Pure Butter Shortbread Fingers skotské suš | EAN=0039047001152 39047001152 | kcal=533.0
2026-03-17 21:33:11 [kaufland_products] INFO: Scraped: Schinken | EAN=9783866413559 | kcal=0.0
2026-03-17 21:33:11 [kaufland_products] WARNING: No nutrition data for: Schinken
2026-03-17 21:33:13 [kaufland_products] INFO: Scraped: Dřevěný stojan na šunku EDM (41 x 44 cm) | EAN=8425998765571 | kcal=0.0
2026-03-17 21:33:13 [kaufland_products] WARNING: No nutrition data for: Dřevěný stojan na šunku EDM (41 x 44 cm)
2026-03-17 21:33:16 [kaufland_products] INFO: Scraped: Royal Tiger Jasmínová ochucená rýže Aromatic Premi | EAN=8720301100354 | kcal=355.0
2026-03-17 21:33:18 [kaufland_products] INFO: Scraped: Gallo Nero Italská černá celozrnná rýže 500g | EAN=8001420002782 | kcal=355.0
2026-03-17 21:33:24 [kaufland_products] INFO: Scraped: Russell Hobbs Rýžovar Midi 27030-56 | EAN=5038061106947 | kcal=0.0
2026-03-17 21:33:24 [kaufland_products] WARNING: No nutrition data for: Russell Hobbs Rýžovar Midi 27030-56
2026-03-17 21:33:27 [kaufland_products] INFO: Scraped: Pasabahce Basic - Dóza na máslo, 19,5 x 13 cm ze s | EAN=8693357086692 | kcal=0.0
2026-03-17 21:33:27 [kaufland_products] WARNING: No nutrition data for: Pasabahce Basic - Dóza na máslo, 19,5 x 13 cm ze skla s víkem Dóza na máslo
2026-03-17 21:33:28 [kaufland_products] INFO: Scraped: Máslenka Runa s víkem černá na 250 g másla zvonová | EAN=4251967515236 | kcal=0.0
2026-03-17 21:33:28 [kaufland_products] WARNING: No nutrition data for: Máslenka Runa s víkem černá na 250 g másla zvonová kamenina
2026-03-17 21:33:31 [kaufland_products] INFO: Scraped: Plastová dóza na máslo (máslenka) | EAN=8719202678246 | kcal=0.0
2026-03-17 21:33:31 [kaufland_products] WARNING: No nutrition data for: Plastová dóza na máslo (máslenka)
2026-03-17 21:33:34 [scrapy.extensions.logstats] INFO: Crawled 2090 pages (at 20 pages/min), scraped 1978 items (at 20 items/min)
2026-03-17 21:33:34 [kaufland_products] INFO: Scraped: Dekorativní miska na máslo - Průhledná s víkem - L | EAN=4035179122082 | kcal=0.0
2026-03-17 21:33:34 [kaufland_products] WARNING: No nutrition data for: Dekorativní miska na máslo - Průhledná s víkem - Lze mýt v myčce - Miska na 250 g másla - Bílá
2026-03-17 21:33:37 [kaufland_products] INFO: Scraped: Univerzální kráječ Sommertal AS190 DUAL 200 W nere | EAN=4250263781413 | kcal=0.0
2026-03-17 21:33:37 [kaufland_products] WARNING: No nutrition data for: Univerzální kráječ Sommertal AS190 DUAL 200 W nerezový nůž se zubatým a hladkým ostřím, prostorově úsporný, elektrický kráječ chleba, profesionální kráječ Moderní 0-15 mm
2026-03-17 21:33:40 [kaufland_products] INFO: Scraped: ZWILLING All*Star sada nožů s technologií KiS, 7 d | EAN=4009839641466 | kcal=0.0
2026-03-17 21:33:40 [kaufland_products] WARNING: No nutrition data for: ZWILLING All*Star sada nožů s technologií KiS, 7 dílů, jasan, stříbrná-antracitová
2026-03-17 21:33:42 [kaufland_products] INFO: Scraped: La Fattoria di Parma - Prosciutto di Parma PDO 24  | EAN=8033254290653 | kcal=0.0
2026-03-17 21:33:42 [kaufland_products] WARNING: No nutrition data for: La Fattoria di Parma - Prosciutto di Parma PDO 24 Monate - Vierte - 0,9/1,4 kg
2026-03-17 21:33:47 [kaufland_products] INFO: Scraped: G21 Příslušenství G21 grilovací jehla s motorkem p | EAN=8595627408992 | kcal=0.0
2026-03-17 21:33:47 [kaufland_products] WARNING: No nutrition data for: G21 Příslušenství G21 grilovací jehla s motorkem pro gril California G21-6390307
2026-03-17 21:33:49 [kaufland_products] INFO: Scraped: F. DICK nůž na porcování, řeznický nůž ErgoGrip s  | EAN=4009215186802 | kcal=0.0
2026-03-17 21:33:49 [kaufland_products] WARNING: No nutrition data for: F. DICK nůž na porcování, řeznický nůž ErgoGrip s čepelí 26 cm 82425261K
2026-03-17 21:33:52 [kaufland_products] INFO: Scraped: pětidílný box s 5 lanýžovými produkty | EAN=8025386000774 | kcal=0.0
2026-03-17 21:33:54 [kaufland_products] INFO: Scraped: Rapunzel 406130, Rýžové zrno, 500 g, Francie, 351  | EAN=4006040106111 | kcal=1487.0
2026-03-17 21:33:59 [kaufland_products] INFO: Scraped: Kost ALPHA Spirit šunková střední 1 ks | EAN=8437013576109 | kcal=0.0
2026-03-17 21:33:59 [kaufland_products] WARNING: No nutrition data for: Kost ALPHA Spirit šunková střední 1 ks
2026-03-17 21:34:01 [kaufland_products] INFO: Scraped: Knoppers jogurtové oplatky plátky jogurtová krémov | EAN=4014400933833 | kcal=0.0
2026-03-17 21:34:03 [kaufland_products] INFO: Scraped: Rommelsbacher JG 80 jogurtovač 1,2 l tvaroh, jogur | EAN=4001797861108 | kcal=0.0
2026-03-17 21:34:03 [kaufland_products] WARNING: No nutrition data for: Rommelsbacher JG 80 jogurtovač 1,2 l tvaroh, jogurt 20 W
2026-03-17 21:34:08 [kaufland_products] INFO: Scraped: Lžička na jogurt cca 21,5 cm, 10 kusů | EAN=4037684301204 | kcal=0.0
2026-03-17 21:34:08 [kaufland_products] WARNING: No nutrition data for: Lžička na jogurt cca 21,5 cm, 10 kusů
2026-03-17 21:34:11 [kaufland_products] INFO: Scraped: Schlagfix - Krém jako mascarpone 250g | EAN=4260024180256 | kcal=0.0
2026-03-17 21:34:11 [kaufland_products] WARNING: No nutrition data for: Schlagfix - Krém jako mascarpone 250g
2026-03-17 21:34:13 [kaufland_products] INFO: Scraped: Berchtesgadener Land UHT mléko bez laktózy 3,5 %,  | EAN=4101530007401 | kcal=66.0
2026-03-17 21:34:16 [kaufland_products] INFO: Scraped: MinusL® H plnotučné mléko bez laktózy 10 x 1,0 lit | EAN=4062800001959 | kcal=64.0
2026-03-17 21:34:18 [kaufland_products] INFO: Scraped: Alpro Sójový nápoj bez cukru čistě rostlinný zcela | EAN=5411188115496 | kcal=33.0
2026-03-17 21:34:24 [kaufland_products] INFO: Scraped: Chio Dip Hot Cheese Hot cheese dip s pikantními ja | EAN=4001242108239 | kcal=150.0
2026-03-17 21:34:27 [kaufland_products] INFO: Scraped: Salomon Chilli Cheese Burger Sauce Pikantní koření | EAN=4004074000986 | kcal=364.0
2026-03-17 21:34:29 [kaufland_products] INFO: Scraped: Tuc Cracker Cheese Snack Klasický slaný snack s př | EAN=7622210641403 | kcal=496.0
2026-03-17 21:34:31 [kaufland_products] INFO: Scraped: Sýrová svačinka Groksi Classico z Itálie bez lepku | EAN=8033182650451 | kcal=0.0
2026-03-17 21:34:34 [kaufland_products] INFO: Scraped: Herr`s Baked Cheese Curls 113g | EAN=72600069138 0072600069138 | kcal=536.0
2026-03-17 21:34:34 [scrapy.extensions.logstats] INFO: Crawled 2111 pages (at 21 pages/min), scraped 1999 items (at 21 items/min)
2026-03-17 21:34:36 [kaufland_products] INFO: Scraped: Kefírové kvašení - Lacto Pro® 3x5g | EAN=4260112342023 | kcal=380.0
2026-03-17 21:34:42 [kaufland_products] INFO: Scraped: Light&Cross Crispbread Vital | EAN=4001518006450 | kcal=364.0
2026-03-17 21:34:44 [kaufland_products] INFO: Scraped: Brandt Minis Kokosová mini sucharská kaše s jemným | EAN=4013752040046 | kcal=0.0
2026-03-17 21:34:46 [kaufland_products] INFO: Scraped: Bagely se sezamovými semínky Bez lepku 150g | EAN=4250208801954 | kcal=267.0
2026-03-17 21:34:48 [kaufland_products] INFO: Scraped: Mestemacher proteinový chléb s mrkví bez konzervan | EAN=4000446011420 | kcal=228.0
2026-03-17 21:34:51 [kaufland_products] INFO: Scraped: Storck Nimm2 Lachgummi YoDinos ovocné žvýkačky s v | EAN=4014400930214 | kcal=333.0
2026-03-17 21:34:56 [kaufland_products] INFO: Scraped: Cuisine - Mandlový bešamel 200ml | EAN=8428532192369 | kcal=101.0
2026-03-17 21:34:59 [kaufland_products] INFO: Scraped: Nestlé Nesquik náplň do sáčku 400g | EAN=7613037084566 7613037084573 | kcal=383.0
2026-03-17 21:35:02 [kaufland_products] INFO: Scraped: Smetana ke šlehání MILRAM s dlouhou životností, sk | EAN=4036300005588 | kcal=0.0
2026-03-17 21:35:04 [kaufland_products] INFO: Scraped: Bärenmarke Der Genussvolle Traum jemná kávová smet | EAN=4045317052676 | kcal=133.0
2026-03-17 21:35:06 [kaufland_products] INFO: Scraped: Nápoj - Přírodní špalda 1 litr | EAN=4016249143732 | kcal=59.0
2026-03-17 21:35:11 [kaufland_products] INFO: Scraped: Consorzio Vacche Rosse - Parmigiano Reggiano Vacch | EAN=7427266696588 | kcal=0.0
2026-03-17 21:35:11 [kaufland_products] WARNING: No nutrition data for: Consorzio Vacche Rosse - Parmigiano Reggiano Vacche Rosse - 3 Gewürze, 24, 30 und 40 Monate - 3 x 250 g
2026-03-17 21:35:13 [kaufland_products] INFO: Scraped: Violife Creamy Natúr 150G [H], 53142 | EAN=5202390021121 | kcal=237.0
2026-03-17 21:35:15 [kaufland_products] INFO: Scraped: Frischli Creme Double 45% Krémová smetana pro maxi | EAN=4045500011831 | kcal=423.0
2026-03-17 21:35:19 [kaufland_products] INFO: Scraped: Žitný chléb Light&Cross crispbread | EAN=4008404001018 | kcal=371.0
2026-03-17 21:35:22 [kaufland_products] INFO: Scraped: Mestemacher Premium košík na celozrnný chléb 5 dru | EAN=4000446001315 | kcal=181.0
2026-03-17 21:35:25 [kaufland_products] INFO: Scraped: Schnitzer 4607, 250 g, DE-ÖKO-003, 210 kcal, 884 k | EAN=4022993046076 | kcal=884.0
2026-03-17 21:35:28 [kaufland_products] INFO: Scraped: Gebrüder Leimer kostky chleba na knedlíky pro šest | EAN=4000186046201 | kcal=367.0
2026-03-17 21:35:31 [kaufland_products] INFO: Scraped: Sultana chléb krájený bez lepku 400g | EAN=4250208800186 | kcal=291.0
2026-03-17 21:35:34 [kaufland_products] INFO: Scraped: METROX univerzální džbán 2l bílý | EAN=5908230163685 | kcal=0.0
2026-03-17 21:35:34 [kaufland_products] WARNING: No nutrition data for: METROX univerzální džbán 2l bílý
2026-03-17 21:35:34 [scrapy.extensions.logstats] INFO: Crawled 2131 pages (at 20 pages/min), scraped 2019 items (at 20 items/min)
2026-03-17 21:35:39 [kaufland_products] INFO: Scraped: Tassimo Jacobs Latte Macchiato Classico, Kaffee, M | EAN=8711000504901 | kcal=0.0
2026-03-17 21:35:39 [kaufland_products] WARNING: No nutrition data for: Tassimo Jacobs Latte Macchiato Classico, Kaffee, Milchkaffee, Kapsel, 80 T-Discs (40 Portionen)
2026-03-17 21:35:41 [kaufland_products] INFO: Scraped: Tassimo Latte Macchiato Vanilla, káva, kávová kaps | EAN=8711000364123 | kcal=0.0
2026-03-17 21:35:44 [kaufland_products] INFO: Scraped: Ariete 0044/20, Elektrické struhadlo, Bílá, Nerezo | EAN=8003705999442 | kcal=0.0
2026-03-17 21:35:44 [kaufland_products] WARNING: No nutrition data for: Ariete 0044/20, Elektrické struhadlo, Bílá, Nerezová ocel, Nerezová ocel, VDE, CE, UL, Chléb, Sýr, Čokoláda, Dary, Baterie
2026-03-17 21:35:46 [kaufland_products] INFO: Scraped: Fackelmann struhadlo na parmazán a box na čerstvos | EAN=4008033454636 | kcal=0.0
2026-03-17 21:35:46 [kaufland_products] WARNING: No nutrition data for: Fackelmann struhadlo na parmazán a box na čerstvost, kráječ na parmazán, struhadlo na sýr se servírovací nádobou (barva: průhledná/šedá)
2026-03-17 21:35:49 [kaufland_products] INFO: Scraped: Schnitzer 4022993047066, 188 g, Německo, 245 kcal, | EAN=4022993047066 | kcal=1026.0
2026-03-17 21:35:54 [kaufland_products] INFO: Scraped: Na chleba - Paprika a chilli 140g | EAN=4016249150365 | kcal=384.0
2026-03-17 21:35:56 [kaufland_products] INFO: Scraped: Květinový chléb - Černá rýže 150g | EAN=3380380080432 | kcal=1576.0
2026-03-17 21:35:58 [kaufland_products] INFO: Scraped: Brandt Marken Zwieback Classic crispy bez umělých  | EAN=4013752019103 | kcal=401.0
2026-03-17 21:36:00 [kaufland_products] INFO: Scraped: Květinový chléb - Lískový oříšek 150g | EAN=3380380103070 | kcal=391.0
2026-03-17 21:36:03 [kaufland_products] INFO: Scraped: Provamel 408025, Sójové mléko, 1000 ml, Mandle, 29 | EAN=5411188114581 | kcal=31.0
2026-03-17 21:36:08 [kaufland_products] INFO: Scraped: Sójový nápoj - přírodní neslazený 1 litr | EAN=4038375024204 | kcal=41.0
2026-03-17 21:36:10 [kaufland_products] INFO: Scraped: Prkénko s poklopem 33 cm | EAN=4017167304700 | kcal=0.0
2026-03-17 21:36:10 [kaufland_products] WARNING: No nutrition data for: Prkénko s poklopem 33 cm
2026-03-17 21:36:13 [kaufland_products] INFO: Scraped: Prkénko s poklopem 26,5 cm kulaté | EAN=4017167329604 | kcal=0.0
2026-03-17 21:36:13 [kaufland_products] WARNING: No nutrition data for: Prkénko s poklopem 26,5 cm kulaté
2026-03-17 21:36:16 [kaufland_products] INFO: Scraped: Silphium Garum X remake starověké římské salsy 220 | EAN=9505341941865 | kcal=0.0
2026-03-17 21:36:16 [kaufland_products] WARNING: No nutrition data for: Silphium Garum X remake starověké římské salsy 220ml
2026-03-17 21:36:18 [kaufland_products] INFO: Scraped: Dr. Kargs Rustinis horský sýr a luční bylinky křup | EAN=4033634011506 | kcal=446.0
2026-03-17 21:36:24 [kaufland_products] INFO: Scraped: Knorr Delkatess čirý vývar 16 litrů naše osvědčená | EAN=4038700102089 | kcal=0.0
2026-03-17 21:36:24 [kaufland_products] WARNING: No nutrition data for: Knorr Delkatess čirý vývar 16 litrů naše osvědčená klasika 329g
2026-03-17 21:36:25 [kaufland_products] INFO: Scraped: Krüger Family Cappuccino Stracciatella (500g Beute | EAN=4052700073453 4052700877082 | kcal=427.0
2026-03-17 21:36:30 [kaufland_products] INFO: Scraped: Mulino Bianco Chicche 200 g italské kakaové sušenk | EAN=8076809545549 | kcal=510.0
2026-03-17 21:36:33 [kaufland_products] INFO: Scraped: Vícezrnný rohlík 210g | EAN=8008698013175 | kcal=290.0
2026-03-17 21:36:34 [scrapy.extensions.logstats] INFO: Crawled 2150 pages (at 19 pages/min), scraped 2038 items (at 19 items/min)
2026-03-17 21:36:35 [kaufland_products] INFO: Scraped: Wedel Ptačí mléko vanilkové 340g | EAN=5901588400280 | kcal=483.0
2026-03-17 21:36:37 [kaufland_products] INFO: Scraped: Frischli kávová smetana 10% pro skvělou chuť kávy  | EAN=4045500011640 | kcal=118.0
2026-03-17 21:36:40 [kaufland_products] INFO: Scraped: Celozrnný chléb Wasa s vlákninou 260g | EAN=7300400114714 | kcal=330.0
2026-03-17 21:36:44 [kaufland_products] INFO: Scraped: Frischli Creme zakysaná smetana 24% pro náročné ve | EAN=4045500011770 | kcal=245.0
2026-03-17 21:36:46 [kaufland_products] INFO: Scraped: Čokoláda 823 mléčná 33,6% 0,4kg | EAN=5410522556209 | kcal=564.04
2026-03-17 21:36:49 [kaufland_products] INFO: Scraped: Jogurtová banánová veganská zmrzlina v prášku bez  | EAN=4068368040225 | kcal=0.0
2026-03-17 21:36:49 [kaufland_products] WARNING: No nutrition data for: Jogurtová banánová veganská zmrzlina v prášku bez cukru a laktózy 1 kg
2026-03-17 21:36:52 [kaufland_products] INFO: Scraped: Mestemacher fitness chléb celozrnný žitný s ovsem  | EAN=4000446001780 | kcal=188.0
2026-03-17 21:36:55 [kaufland_products] INFO: Scraped: Sada 5 omáček na sýr, 200 g | EAN=8000571004812 | kcal=0.0
2026-03-17 21:36:57 [kaufland_products] INFO: Scraped: Clatronic JM 3344 - 1,1 l - Weiß - 14 W - 220 V -  | EAN=4006160511192 | kcal=0.0
2026-03-17 21:36:57 [kaufland_products] WARNING: No nutrition data for: Clatronic JM 3344 - 1,1 l - Weiß - 14 W - 220 V - 50 Hz
2026-03-17 21:37:00 [kaufland_products] INFO: Scraped: Zwilling Five Star sada 2 steakových nožů 12 cm 30 | EAN=4009839400063 | kcal=0.0
2026-03-17 21:37:00 [kaufland_products] WARNING: No nutrition data for: Zwilling Five Star sada 2 steakových nožů 12 cm 301412010
2026-03-17 21:37:06 [kaufland_products] INFO: Scraped: MEPAL 106035030600 MEPAL Butterdose weiß, 1 St. | EAN=8720294010869 | kcal=0.0
2026-03-17 21:37:06 [kaufland_products] WARNING: No nutrition data for: MEPAL 106035030600 MEPAL Butterdose weiß, 1 St.
2026-03-17 21:37:08 [kaufland_products] INFO: Scraped: Rýže Tilda Basmati 1 kg | EAN=5011157630274 | kcal=355.0
2026-03-17 21:37:10 [kaufland_products] INFO: Scraped: Kozí přepuštěné máslo100 g Ghee Easy | EAN=8717953276810 | kcal=0.0
2026-03-17 21:37:10 [kaufland_products] WARNING: No nutrition data for: Kozí přepuštěné máslo100 g Ghee Easy
2026-03-17 21:37:14 [kaufland_products] INFO: Scraped: Weetabix Original | EAN=5010029000214 | kcal=362.0
2026-03-17 21:37:16 [kaufland_products] INFO: Scraped: Bauck Mühle 487638, Kukuřičné vločky, 275 g, Skoři | EAN=4015637019161 | kcal=1548.0
2026-03-17 21:37:19 [kaufland_products] INFO: Scraped: Ovesné křupavé müsli - Extra čokoláda 300g | EAN=4015637019024 | kcal=407.0
2026-03-17 21:37:24 [kaufland_products] INFO: Scraped: Oxyguard - Lněný olej panenský 500ml | EAN=4006040307549 | kcal=900.0
2026-03-17 21:37:27 [kaufland_products] INFO: Scraped: Sada 6 forem na pudink Dr. Oetker 150 ml | EAN=4044935017999 | kcal=0.0
2026-03-17 21:37:27 [kaufland_products] WARNING: No nutrition data for: Sada 6 forem na pudink Dr. Oetker 150 ml
2026-03-17 21:37:29 [kaufland_products] INFO: Scraped: Byodo 471630, Olej ze slunečnicových semínek, 750  | EAN=4018462400609 | kcal=3415.0
2026-03-17 21:37:31 [kaufland_products] INFO: Scraped: Kappus tvarohové mýdlo citron (150g) | EAN=4012758302233 | kcal=0.0
2026-03-17 21:37:31 [kaufland_products] WARNING: No nutrition data for: Kappus tvarohové mýdlo citron (150g)
2026-03-17 21:37:34 [scrapy.extensions.logstats] INFO: Crawled 2170 pages (at 20 pages/min), scraped 2058 items (at 20 items/min)
2026-03-17 21:37:36 [kaufland_products] INFO: Scraped: Ovocná pomazánka St. Dalfour brusinky a borůvky 28 | EAN=3492390008990 | kcal=208.0
2026-03-17 21:37:38 [kaufland_products] INFO: Scraped: CANDeal Wafer Chocolate Moulds Silikonové formy na | EAN=710558793469 0710558793469 | kcal=0.0
2026-03-17 21:37:38 [kaufland_products] WARNING: No nutrition data for: CANDeal Wafer Chocolate Moulds Silikonové formy na bonbóny, 4 kusy 12 oddělení Malé rozbitné čokoládové formy Non Stick Reusable DIY Pečící formy
2026-03-17 21:37:41 [kaufland_products] INFO: Scraped: sada 6 talířů na pizzu Luigi Ø30,5 cm Talíře pro 6 | EAN=4251967512938 | kcal=0.0
2026-03-17 21:37:41 [kaufland_products] WARNING: No nutrition data for: sada 6 talířů na pizzu Luigi Ø30,5 cm Talíře pro 6 osob Velký talíř na pizzu Pizza pekárna
2026-03-17 21:37:43 [kaufland_products] INFO: Scraped: BiFi The Original Roll Hot párek v těstíčku 45g | EAN=4251097409962 | kcal=380.0
2026-03-17 21:37:47 [kaufland_products] INFO: Scraped: LOVARÉ 1001 Nights 48g (24 sáčků, černý a zelený č | EAN=4820097816508 | kcal=111.0
2026-03-17 21:37:51 [kaufland_products] INFO: Scraped: Ahmad Tea - Divoké jahody 40g, 20 sáčků | EAN=54881000116 0054881000116 | kcal=0.0
2026-03-17 21:37:51 [kaufland_products] WARNING: No nutrition data for: Ahmad Tea - Divoké jahody 40g, 20 sáčků
2026-03-17 21:37:53 [kaufland_products] INFO: Scraped: LOVARÉ Bouquet coll. 52,5g (30 sáčků, kolekce čajů | EAN=4820198874186 | kcal=2.0
2026-03-17 21:37:56 [kaufland_products] INFO: Scraped: Herba Camomile aromatický a jemný heřmánkový čaj 2 | EAN=4009300018193 | kcal=0.0
2026-03-17 21:37:56 [kaufland_products] WARNING: No nutrition data for: Herba Camomile aromatický a jemný heřmánkový čaj 25 sáčků 31g
2026-03-17 21:37:59 [kaufland_products] INFO: Scraped: Meßmer Mátový čaj osvěžující chladivý slaný 36g | EAN=4002221038264 | kcal=0.0
2026-03-17 21:37:59 [kaufland_products] WARNING: No nutrition data for: Meßmer Mátový čaj osvěžující chladivý slaný 36g
2026-03-17 21:38:01 [kaufland_products] INFO: Scraped: LOVARÉ Prime Tea Set 157,5g (90 sáčků, kolekce čaj | EAN=4820198879914 | kcal=0.0
2026-03-17 21:38:01 [kaufland_products] WARNING: No nutrition data for: LOVARÉ Prime Tea Set 157,5g (90 sáčků, kolekce čajů)
2026-03-17 21:38:04 [kaufland_products] INFO: Scraped: Atlantská mořská sůl - jemná 1kg | EAN=4024297022411 | kcal=0.0
2026-03-17 21:38:04 [kaufland_products] WARNING: No nutrition data for: Atlantská mořská sůl - jemná 1kg
2026-03-17 21:38:07 [kaufland_products] INFO: Scraped: Epicuro Primitivo Puglia IGP Červené víno Rotwein  | EAN=4008077283964 | kcal=0.0
2026-03-17 21:38:07 [kaufland_products] WARNING: No nutrition data for: Epicuro Primitivo Puglia IGP Červené víno Rotwein Italien Apulien 750ml
2026-03-17 21:38:09 [kaufland_products] INFO: Scraped: Fizzics DraftPour výčepní zařízení | EAN=0850931007308 850931007308 | kcal=0.0
2026-03-17 21:38:09 [kaufland_products] WARNING: No nutrition data for: Fizzics DraftPour výčepní zařízení
2026-03-17 21:38:12 [kaufland_products] INFO: Scraped: SucceBuy Dual Taps výčepní zařízení na čepované pi | EAN=8721334071024 08721334071024 | kcal=0.0
2026-03-17 21:38:12 [kaufland_products] WARNING: No nutrition data for: SucceBuy Dual Taps výčepní zařízení na čepované pivo, prémiová věž na čepované pivo z nerezové oceli, sada kegerátorů s hadicemi připravenými k použití a samouzavíracími kohoutky
2026-03-17 21:38:17 [kaufland_products] INFO: Scraped: VEVOR sada pro pivní věž, sada pro přestavbu piva  | EAN=0197988384199 197988384199 | kcal=0.0
2026-03-17 21:38:17 [kaufland_products] WARNING: No nutrition data for: VEVOR sada pro pivní věž, sada pro přestavbu piva pro jeden kohoutek, výčepní zařízení z nerezové oceli s dvojitým měřícím zařízením W21.8 regulátor a spojka sudu S-System, odkapávací tácek na pivo pro domácí párty
2026-03-17 21:38:19 [kaufland_products] INFO: Scraped: Mövenpick Caffe Crema Gusto Italiano silná zrnková | EAN=4006581017815 | kcal=0.0
2026-03-17 21:38:19 [kaufland_products] WARNING: No nutrition data for: Mövenpick Caffe Crema Gusto Italiano silná zrnková káva 1000g
2026-03-17 21:38:22 [kaufland_products] INFO: Scraped: J.P. Chenet - Cabernet-Syrah červené víno Piccolo  | EAN=3263286324216 | kcal=0.0
2026-03-17 21:38:22 [kaufland_products] WARNING: No nutrition data for: J.P. Chenet - Cabernet-Syrah červené víno Piccolo červené víno z Francie 250ml
2026-03-17 21:38:25 [kaufland_products] INFO: Scraped: 10L Beer Cleaning Beer Machine Cleaning Barrel můž | EAN=0738635563385 738635563385 | kcal=0.0
2026-03-17 21:38:25 [kaufland_products] WARNING: No nutrition data for: 10L Beer Cleaning Beer Machine Cleaning Barrel může instalovat až tři různé typy ventilů, nerezový tříhlavý pivní sud, sud na víno, pro domácí pivovarský systém
2026-03-17 21:38:28 [kaufland_products] INFO: Scraped: Zrnková káva Decaffeinato 250g | La Natura Lifesty | EAN=7630055148629 | kcal=0.0
2026-03-17 21:38:28 [kaufland_products] WARNING: No nutrition data for: Zrnková káva Decaffeinato 250g | La Natura Lifestyle| dlouho pražená | celozrnná | bez kofeinu | směs bez kofeinu
2026-03-17 21:38:30 [kaufland_products] INFO: Scraped: 2x láhev na pití Kavodrink 0,75 l | EAN=601673746945 0601673746945 | kcal=0.0
2026-03-17 21:38:30 [kaufland_products] WARNING: No nutrition data for: 2x láhev na pití Kavodrink 0,75 l
2026-03-17 21:38:34 [scrapy.extensions.logstats] INFO: Crawled 2190 pages (at 20 pages/min), scraped 2078 items (at 20 items/min)
2026-03-17 21:38:35 [kaufland_products] INFO: Scraped: Shaun Het Schaap udržitelná dětská láhev na vodu s | EAN=5055071746598 | kcal=0.0
2026-03-17 21:38:35 [kaufland_products] WARNING: No nutrition data for: Shaun Het Schaap udržitelná dětská láhev na vodu s brčkem o objemu 450 ml bez BPA
2026-03-17 21:38:38 [kaufland_products] INFO: Scraped: Zmrzlinovač UNOLD 48820 Snow 135Watt bílý | EAN=4011689488207 | kcal=0.0
2026-03-17 21:38:38 [kaufland_products] WARNING: No nutrition data for: Zmrzlinovač UNOLD 48820 Snow 135Watt bílý
2026-03-17 21:38:41 [kaufland_products] INFO: Scraped: small foot Stojan na zmrzliny | EAN=4020972052612 | kcal=0.0
2026-03-17 21:38:41 [kaufland_products] WARNING: No nutrition data for: small foot Stojan na zmrzliny
2026-03-17 21:38:44 [kaufland_products] INFO: Scraped: Pramenitá voda Mutto Premium 19 litrů, čerstvě stá | EAN=4170000033516 | kcal=0.0
2026-03-17 21:38:44 [kaufland_products] WARNING: No nutrition data for: Pramenitá voda Mutto Premium 19 litrů, čerstvě stáčená do automatů na vodu nebo ručních pump.
2026-03-17 21:38:47 [kaufland_products] INFO: Scraped: Animonda GranCarno Adult Multifleisch-Cocktail 400 | EAN=4017721827300 | kcal=460.0
2026-03-17 21:38:49 [kaufland_products] INFO: Scraped: Sign deodorant pro muže 75 ml - Mercedes-Benz | EAN=3595471111043 | kcal=0.0
2026-03-17 21:38:49 [kaufland_products] WARNING: No nutrition data for: Sign deodorant pro muže 75 ml - Mercedes-Benz
2026-03-17 21:38:54 [kaufland_products] INFO: Scraped: Appel delicatessen jemné filety ze sledě v koprové | EAN=4020500922035 | kcal=171.0
2026-03-17 21:38:56 [kaufland_products] INFO: Scraped: Mslov fazole - Mslov fazole ve vod 400g | EAN=5032722302754 | kcal=93.0
2026-03-17 21:38:57 [kaufland_products] INFO: Scraped: Síto na pizzu kulaté s perforací Ø 28 cm hliníkové | EAN=4044925035927 | kcal=0.0
2026-03-17 21:38:57 [kaufland_products] WARNING: No nutrition data for: Síto na pizzu kulaté s perforací Ø 28 cm hliníkové
2026-03-17 21:39:02 [kaufland_products] INFO: Scraped: Obdélníkový kámen na pizzu Mucola pro troubu a ply | EAN=4251258940495 | kcal=0.0
2026-03-17 21:39:02 [kaufland_products] WARNING: No nutrition data for: Obdélníkový kámen na pizzu Mucola pro troubu a plynový gril z kordieritu 30x38 cm BRotbackstein Pizza Stone pro křupavý základ
2026-03-17 21:39:05 [kaufland_products] INFO: Scraped: GymBeam - Islandská tresčí játra ve vlastním oleji | EAN=8586027396873 | kcal=646.0
2026-03-17 21:39:06 [scrapy.downloadermiddlewares.retry] ERROR: Gave up retrying <GET https://www.kaufland.cz/product/499325272/> (failed 4 times): 429 Unknown Status
2026-03-17 21:39:06 [kaufland_products] WARNING: Request failed: https://www.kaufland.cz/product/499325272/: Ignoring non-200 response
2026-03-17 21:39:09 [kaufland_products] INFO: Scraped: XOX Classic Party Chips Paprika Style křupavé bram | EAN=4031446603513 | kcal=0.0
2026-03-17 21:39:12 [kaufland_products] INFO: Scraped: Láhev na pití Blumtal Charles - nepropustná, bez B | EAN=4251897507806 | kcal=0.0
2026-03-17 21:39:12 [kaufland_products] WARNING: No nutrition data for: Láhev na pití Blumtal Charles - nepropustná, bez BPA, hodinová izolace teplé a studené vody - Velmi dobrá
2026-03-17 21:39:14 [kaufland_products] INFO: Scraped: Vodní filtr Black + Blum CHARCOAL - sada 4ks. | EAN=5060089724070 | kcal=0.0
2026-03-17 21:39:14 [kaufland_products] WARNING: No nutrition data for: Vodní filtr Black + Blum CHARCOAL - sada 4ks.
2026-03-17 21:39:16 [kaufland_products] INFO: Scraped: Württemberg WZG Samtrot Sladké a ovocné jakostní v | EAN=4006840332550 | kcal=0.0
2026-03-17 21:39:16 [kaufland_products] WARNING: No nutrition data for: Württemberg WZG Samtrot Sladké a ovocné jakostní víno sladké 750ml
2026-03-17 21:39:19 [kaufland_products] INFO: Scraped: Mátový bylinný čaj Meßmer osvěžující a kořeněný 4  | EAN=4001257153002 | kcal=1.0
2026-03-17 21:39:22 [kaufland_products] INFO: Scraped: BiFi The Original Turkey Poultry Mini Salami s krů | EAN=4251097405148 | kcal=520.0
2026-03-17 21:39:25 [kaufland_products] INFO: Scraped: THOMAS Müslischale Nature ø 15cm sand | EAN=4012436515184 | kcal=0.0
2026-03-17 21:39:25 [kaufland_products] WARNING: No nutrition data for: THOMAS Müslischale Nature ø 15cm sand
2026-03-17 21:39:28 [kaufland_products] INFO: Scraped: Delverde Maccheronelli malé semolinové těstoviny z | EAN=8000270704891 | kcal=356.0
2026-03-17 21:39:30 [kaufland_products] INFO: Scraped: Kellogg's Extra hořká čokoláda Knuspermüsli Crunch | EAN=5050083184420 | kcal=0.0
2026-03-17 21:39:32 [scrapy.downloadermiddlewares.retry] ERROR: Gave up retrying <GET https://www.kaufland.cz/product/401666609/> (failed 4 times): 429 Unknown Status
2026-03-17 21:39:32 [kaufland_products] WARNING: Request failed: https://www.kaufland.cz/product/401666609/: Ignoring non-200 response
2026-03-17 21:39:34 [scrapy.extensions.logstats] INFO: Crawled 2212 pages (at 22 pages/min), scraped 2098 items (at 20 items/min)
2026-03-17 21:39:36 [kaufland_products] INFO: Scraped: Maggi Magic Asia Noodle Cup Duck Snack mit Entenge | EAN=7613035206410 | kcal=102.0
2026-03-17 21:39:36 [scrapy.core.engine] INFO: Closing spider (finished)
2026-03-17 21:39:36 [scrapy.extensions.feedexport] INFO: Stored jsonlines feed (2099 items) in: products.jsonl
2026-03-17 21:39:36 [scrapy.extensions.feedexport] INFO: Stored jsonlines feed (2099 items) in: products_full.jsonl
2026-03-17 21:39:36 [scrapy.statscollectors] INFO: Dumping Scrapy stats:
{'downloader/exception_count': 26,
 'downloader/exception_type_count/playwright._impl._errors.TimeoutError': 26,
 'downloader/request_bytes': 1714915,
 'downloader/request_count': 2661,
 'downloader/request_method_count/GET': 2661,
 'downloader/response_bytes': 1263881105,
 'downloader/response_count': 2635,
 'downloader/response_status_count/200': 2211,
 'downloader/response_status_count/429': 424,
 'elapsed_time_seconds': 6481.519799,
 'feedexport/success_count/FileFeedStorage': 2,
 'finish_reason': 'finished',
 'finish_time': datetime.datetime(2026, 3, 17, 20, 39, 36, 145963, tzinfo=datetime.timezone.utc),
 'item_scraped_count': 2099,
 'items_per_minute': 19.432186390989045,
 'log_count/ERROR': 2,
 'log_count/INFO': 2372,
 'log_count/WARNING': 1117,
 'memusage/max': 216866816,
 'memusage/startup': 74637312,
 'playwright/browser_count': 2,
 'playwright/context_count': 2,
 'playwright/context_count/max_concurrent': 1,
 'playwright/context_count/persistent/False': 2,
 'playwright/context_count/remote/False': 2,
 'playwright/page_count': 2661,
 'playwright/page_count/closed': 2661,
 'playwright/page_count/max_concurrent': 3,
 'playwright/request_count': 81680,
 'playwright/request_count/aborted': 32847,
 'playwright/request_count/method/GET': 79148,
 'playwright/request_count/method/POST': 2532,
 'playwright/request_count/navigation': 2685,
 'playwright/request_count/resource_type/document': 2685,
 'playwright/request_count/resource_type/fetch': 9356,
 'playwright/request_count/resource_type/font': 6642,
 'playwright/request_count/resource_type/image': 18842,
 'playwright/request_count/resource_type/other': 230,
 'playwright/request_count/resource_type/ping': 188,
 'playwright/request_count/resource_type/script': 31058,
 'playwright/request_count/resource_type/stylesheet': 5227,
 'playwright/request_count/resource_type/xhr': 7452,
 'playwright/response_count': 33514,
 'playwright/response_count/method/GET': 33363,
 'playwright/response_count/method/POST': 151,
 'playwright/response_count/resource_type/document': 2685,
 'playwright/response_count/resource_type/fetch': 5043,
 'playwright/response_count/resource_type/other': 230,
 'playwright/response_count/resource_type/ping': 5,
 'playwright/response_count/resource_type/script': 23555,
 'playwright/response_count/resource_type/xhr': 1996,
 'request_depth_max': 5,
 'response_received_count': 2213,
 'responses_per_minute': 20.487579077302886,
 'retry/count': 422,
 'retry/max_reached': 2,
 'retry/reason_count/429 Unknown Status': 422,
 'scheduler/dequeued': 2661,
 'scheduler/dequeued/memory': 2661,
 'scheduler/enqueued': 2661,
 'scheduler/enqueued/memory': 2661,
 'start_time': datetime.datetime(2026, 3, 17, 18, 51, 34, 626164, tzinfo=datetime.timezone.utc)}
2026-03-17 21:39:36 [scrapy.core.engine] INFO: Spider closed (finished)
2026-03-17 21:39:36 [scrapy-playwright] INFO: Closing download handler
2026-03-17 21:39:36 [scrapy-playwright] INFO: Closing browser
2026-03-17 21:39:36 [scrapy-playwright] INFO: Closing download handler
2026-03-17 21:39:36 [scrapy-playwright] INFO: Closing browser
